cc_code,run_status,kind,category,period,generated_usd,generated_vnd_audit_fx,reference_vnd,reference_fx,audit_fx,variance_vnd,classification
1412000004,Observed,depreciation,machinery_equipment,202604,9132.19,232414236,239930028,26273.0,25450.0,-7515792,FX_RATE_ONLY
1412000004,Observed,depreciation,machinery_equipment,202605,9132.19,232414236,239930028,26273.0,25450.0,-7515792,FX_RATE_ONLY
1412000004,Observed,depreciation,machinery_equipment,202606,9132.19,232414236,239930028,26273.0,25450.0,-7515792,FX_RATE_ONLY
1412000004,Observed,depreciation,machinery_equipment,202607,9132.19,232414236,239930028,26273.0,25450.0,-7515792,FX_RATE_ONLY
1412000004,Observed,depreciation,machinery_equipment,202608,9132.19,232414236,239929502,26273.0,25450.0,-7515266,AMOUNT_MISMATCH
1412000004,Observed,depreciation,machinery_equipment,202609,8756.88,222862596,222428269,26273.0,25450.0,434327,AMOUNT_MISMATCH
1412000004,Observed,depreciation,machinery_equipment,202610,8130.89,206931151,213622873,26273.0,25450.0,-6691722,FX_RATE_ONLY
1412000004,Observed,depreciation,machinery_equipment,202611,8130.89,206931151,213622873,26273.0,25450.0,-6691722,FX_RATE_ONLY
1412000004,Observed,depreciation,machinery_equipment,202612,8130.89,206931151,213622873,26273.0,25450.0,-6691722,FX_RATE_ONLY
1412000004,Observed,depreciation,machinery_equipment,202701,8130.89,206931151,213622873,26273.0,25450.0,-6691722,FX_RATE_ONLY
1412000004,Observed,depreciation,machinery_equipment,202702,8130.9,206931405,213622610,26273.0,25450.0,-6691205,AMOUNT_MISMATCH
1412000004,Observed,depreciation,machinery_equipment,202703,7726.25,196633063,202991766,26273.0,25450.0,-6358703,FX_RATE_ONLY
1412000004,Observed,depreciation,mold,202604,28089.23,714870904,3323692401,26273.0,25450.0,-2608821497,AMOUNT_MISMATCH
1412000004,Observed,depreciation,mold,202605,27933.5,710907576,3372147170,26273.0,25450.0,-2661239594,AMOUNT_MISMATCH
1412000004,Observed,depreciation,mold,202606,27933.5,710907576,3424693170,26273.0,25450.0,-2713785594,AMOUNT_MISMATCH
1412000004,Observed,depreciation,mold,202607,27933.5,710907576,3482493770,26273.0,25450.0,-2771586194,AMOUNT_MISMATCH
1412000004,Observed,depreciation,mold,202608,27645.64,703581539,3530550502,26273.0,25450.0,-2826968963,AMOUNT_MISMATCH
1412000004,Observed,depreciation,mold,202609,26653.98,678343792,5143170165,26273.0,25450.0,-4464826373,AMOUNT_MISMATCH
1412000004,Observed,depreciation,mold,202610,26037.32,662649795,5779563703,26273.0,25450.0,-5116913908,AMOUNT_MISMATCH
1412000004,Observed,depreciation,mold,202611,19571.7,498099765,6925444309,26273.0,25450.0,-6427344544,AMOUNT_MISMATCH
1412000004,Observed,depreciation,mold,202612,18120.99,461179195,7230271274,26273.0,25450.0,-6769092079,AMOUNT_MISMATCH
1412000004,Observed,depreciation,mold,202701,18120.99,461179195,7562782362,26273.0,25450.0,-7101603167,AMOUNT_MISMATCH
1412000004,Observed,depreciation,mold,202702,18120.98,461178941,8356988879,26273.0,25450.0,-7895809938,AMOUNT_MISMATCH
1412000004,Observed,depreciation,mold,202703,17587.65,447605692,9130903707,26273.0,25450.0,-8683298015,AMOUNT_MISMATCH
1412000004,Observed,depreciation,other_tangible_fixed_assets,202604,634.51,16148280,16670481,26273.0,25450.0,-522201,FX_RATE_ONLY
1412000004,Observed,depreciation,other_tangible_fixed_assets,202605,634.51,16148280,16670481,26273.0,25450.0,-522201,FX_RATE_ONLY
1412000004,Observed,depreciation,other_tangible_fixed_assets,202606,634.51,16148280,16670481,26273.0,25450.0,-522201,FX_RATE_ONLY
1412000004,Observed,depreciation,other_tangible_fixed_assets,202607,634.51,16148280,16670481,26273.0,25450.0,-522201,FX_RATE_ONLY
1412000004,Observed,depreciation,other_tangible_fixed_assets,202608,634.51,16148280,16670481,26273.0,25450.0,-522201,FX_RATE_ONLY
1412000004,Observed,depreciation,other_tangible_fixed_assets,202609,634.51,16148280,16670481,26273.0,25450.0,-522201,FX_RATE_ONLY
1412000004,Observed,depreciation,other_tangible_fixed_assets,202610,634.51,16148280,16670481,26273.0,25450.0,-522201,FX_RATE_ONLY
1412000004,Observed,depreciation,other_tangible_fixed_assets,202611,634.51,16148280,16670481,26273.0,25450.0,-522201,FX_RATE_ONLY
1412000004,Observed,depreciation,other_tangible_fixed_assets,202612,634.51,16148280,16670481,26273.0,25450.0,-522201,FX_RATE_ONLY
1412000004,Observed,depreciation,other_tangible_fixed_assets,202701,634.51,16148280,16670481,26273.0,25450.0,-522201,FX_RATE_ONLY
1412000004,Observed,depreciation,other_tangible_fixed_assets,202702,634.51,16148280,16670481,26273.0,25450.0,-522201,FX_RATE_ONLY
1412000004,Observed,depreciation,other_tangible_fixed_assets,202703,634.51,16148280,16670481,26273.0,25450.0,-522201,FX_RATE_ONLY
1412000004,Observed,depreciation,tools_furniture_fixtures,202604,4989.26,126976666,131082828,26273.0,25450.0,-4106162,FX_RATE_ONLY
1412000004,Observed,depreciation,tools_furniture_fixtures,202605,4989.26,126976666,131082828,26273.0,25450.0,-4106162,FX_RATE_ONLY
1412000004,Observed,depreciation,tools_furniture_fixtures,202606,4989.26,126976666,131082828,26273.0,25450.0,-4106162,FX_RATE_ONLY
1412000004,Observed,depreciation,tools_furniture_fixtures,202607,4989.26,126976666,131082828,26273.0,25450.0,-4106162,FX_RATE_ONLY
1412000004,Observed,depreciation,tools_furniture_fixtures,202608,4989.28,126977176,98522962,26273.0,25450.0,28454214,AMOUNT_MISMATCH
1412000004,Observed,depreciation,tools_furniture_fixtures,202609,3703.62,94257131,97304946,26273.0,25450.0,-3047815,AMOUNT_MISMATCH
1412000004,Observed,depreciation,tools_furniture_fixtures,202610,3207.8,81638512,62409935,26273.0,25450.0,19228577,AMOUNT_MISMATCH
1412000004,Observed,depreciation,tools_furniture_fixtures,202611,2344.31,59662691,61592057,26273.0,25450.0,-1929366,FX_RATE_ONLY
1412000004,Observed,depreciation,tools_furniture_fixtures,202612,2344.31,59662691,61592057,26273.0,25450.0,-1929366,FX_RATE_ONLY
1412000004,Observed,depreciation,tools_furniture_fixtures,202701,2344.31,59662691,61592057,26273.0,25450.0,-1929366,FX_RATE_ONLY
1412000004,Observed,depreciation,tools_furniture_fixtures,202702,2344.31,59662691,61592057,26273.0,25450.0,-1929366,FX_RATE_ONLY
1412000004,Observed,depreciation,tools_furniture_fixtures,202703,2344.32,59662945,61592057,26273.0,25450.0,-1929112,AMOUNT_MISMATCH
1412000004,Observed,depreciation,vehicles,202604,25.06,637777,658401,26273.0,25450.0,-20624,FX_RATE_ONLY
1412000004,Observed,depreciation,vehicles,202605,25.06,637777,658401,26273.0,25450.0,-20624,FX_RATE_ONLY
1412000004,Observed,depreciation,vehicles,202606,25.06,637777,658401,26273.0,25450.0,-20624,FX_RATE_ONLY
1412000004,Observed,depreciation,vehicles,202607,25.06,637777,658401,26273.0,25450.0,-20624,FX_RATE_ONLY
1412000004,Observed,depreciation,vehicles,202608,25.06,637777,658401,26273.0,25450.0,-20624,FX_RATE_ONLY
1412000004,Observed,depreciation,vehicles,202609,25.06,637777,658401,26273.0,25450.0,-20624,FX_RATE_ONLY
1412000004,Observed,depreciation,vehicles,202610,25.06,637777,658401,26273.0,25450.0,-20624,FX_RATE_ONLY
1412000004,Observed,depreciation,vehicles,202611,25.06,637777,658401,26273.0,25450.0,-20624,FX_RATE_ONLY
1412000004,Observed,depreciation,vehicles,202612,25.06,637777,658401,26273.0,25450.0,-20624,FX_RATE_ONLY
1412000004,Observed,depreciation,vehicles,202701,25.06,637777,658401,26273.0,25450.0,-20624,FX_RATE_ONLY
1412000004,Observed,depreciation,vehicles,202702,25.06,637777,658401,26273.0,25450.0,-20624,FX_RATE_ONLY
1412000004,Observed,depreciation,vehicles,202703,25.06,637777,658401,26273.0,25450.0,-20624,FX_RATE_ONLY
1412000004,Observed,interest,machinery_equipment,202604,1839.96,46826983,48341269,26273.0,25450.0,-1514286,FX_RATE_ONLY
1412000004,Observed,interest,machinery_equipment,202605,1511.21,38460296,39704020,26273.0,25450.0,-1243724,FX_RATE_ONLY
1412000004,Observed,interest,machinery_equipment,202606,1511.21,38460296,39704020,26273.0,25450.0,-1243724,FX_RATE_ONLY
1412000004,Observed,interest,machinery_equipment,202607,1511.21,38460296,39704020,26273.0,25450.0,-1243724,FX_RATE_ONLY
1412000004,Observed,interest,machinery_equipment,202608,1511.21,38460296,39704020,26273.0,25450.0,-1243724,FX_RATE_ONLY
1412000004,Observed,interest,machinery_equipment,202609,1505.58,38317012,39556103,26273.0,25450.0,-1239091,FX_RATE_ONLY
1412000004,Observed,interest,machinery_equipment,202610,1495.19,38052586,39283127,26273.0,25450.0,-1230541,FX_RATE_ONLY
1412000004,Observed,interest,machinery_equipment,202611,1495.19,38052586,39283127,26273.0,25450.0,-1230541,FX_RATE_ONLY
1412000004,Observed,interest,machinery_equipment,202612,1495.19,38052586,39283127,26273.0,25450.0,-1230541,FX_RATE_ONLY
1412000004,Observed,interest,machinery_equipment,202701,1495.19,38052586,39283127,26273.0,25450.0,-1230541,FX_RATE_ONLY
1412000004,Observed,interest,machinery_equipment,202702,1495.19,38052586,39283127,26273.0,25450.0,-1230541,FX_RATE_ONLY
1412000004,Observed,interest,machinery_equipment,202703,1481.84,37712828,38932382,26273.0,25450.0,-1219554,FX_RATE_ONLY
1412000004,Observed,interest,mold,202604,1862.48,47400111,231320336,26273.0,25450.0,-183920225,AMOUNT_MISMATCH
1412000004,Observed,interest,mold,202605,1096.77,27912788,214986149,26273.0,25450.0,-187073361,AMOUNT_MISMATCH
1412000004,Observed,interest,mold,202606,1096.77,27912788,218769461,26273.0,25450.0,-190856673,AMOUNT_MISMATCH
1412000004,Observed,interest,mold,202607,1096.77,27912788,222552773,26273.0,25450.0,-194639985,AMOUNT_MISMATCH
1412000004,Observed,interest,mold,202608,1093.32,27824986,226623775,26273.0,25450.0,-198798789,AMOUNT_MISMATCH
1412000004,Observed,interest,mold,202609,1078.45,27446544,230237731,26273.0,25450.0,-202791187,AMOUNT_MISMATCH
1412000004,Observed,interest,mold,202610,1067.35,27164050,347930578,26273.0,25450.0,-320766528,AMOUNT_MISMATCH
1412000004,Observed,interest,mold,202611,931.57,23708449,391350073,26273.0,25450.0,-367641624,AMOUNT_MISMATCH
1412000004,Observed,interest,mold,202612,896.75,22822280,485169380,26273.0,25450.0,-462347100,AMOUNT_MISMATCH
1412000004,Observed,interest,mold,202701,896.75,22822280,509861165,26273.0,25450.0,-487038885,AMOUNT_MISMATCH
1412000004,Observed,interest,mold,202702,896.75,22822280,533801964,26273.0,25450.0,-510979684,AMOUNT_MISMATCH
1412000004,Observed,interest,mold,202703,879.15,22374360,590522428,26273.0,25450.0,-568148068,AMOUNT_MISMATCH
1412000004,Observed,interest,other_tangible_fixed_assets,202604,55.2,1404840,1450270,26273.0,25450.0,-45430,FX_RATE_ONLY
1412000004,Observed,interest,other_tangible_fixed_assets,202605,32.36,823562,850194,26273.0,25450.0,-26632,FX_RATE_ONLY
1412000004,Observed,interest,other_tangible_fixed_assets,202606,32.36,823562,850194,26273.0,25450.0,-26632,FX_RATE_ONLY
1412000004,Observed,interest,other_tangible_fixed_assets,202607,32.36,823562,850194,26273.0,25450.0,-26632,FX_RATE_ONLY
1412000004,Observed,interest,other_tangible_fixed_assets,202608,32.36,823562,850194,26273.0,25450.0,-26632,FX_RATE_ONLY
1412000004,Observed,interest,other_tangible_fixed_assets,202609,32.36,823562,850194,26273.0,25450.0,-26632,FX_RATE_ONLY
1412000004,Observed,interest,other_tangible_fixed_assets,202610,32.36,823562,850194,26273.0,25450.0,-26632,FX_RATE_ONLY
1412000004,Observed,interest,other_tangible_fixed_assets,202611,32.36,823562,850194,26273.0,25450.0,-26632,FX_RATE_ONLY
1412000004,Observed,interest,other_tangible_fixed_assets,202612,32.36,823562,850194,26273.0,25450.0,-26632,FX_RATE_ONLY
1412000004,Observed,interest,other_tangible_fixed_assets,202701,32.36,823562,850194,26273.0,25450.0,-26632,FX_RATE_ONLY
1412000004,Observed,interest,other_tangible_fixed_assets,202702,32.36,823562,850194,26273.0,25450.0,-26632,FX_RATE_ONLY
1412000004,Observed,interest,other_tangible_fixed_assets,202703,32.36,823562,850194,26273.0,25450.0,-26632,FX_RATE_ONLY
1412000004,Observed,interest,tools_furniture_fixtures,202604,403.12,10259408,10591172,26273.0,25450.0,-331764,FX_RATE_ONLY
1412000004,Observed,interest,tools_furniture_fixtures,202605,235.3,5988389,6182037,26273.0,25450.0,-193648,FX_RATE_ONLY
1412000004,Observed,interest,tools_furniture_fixtures,202606,235.3,5988389,6182037,26273.0,25450.0,-193648,FX_RATE_ONLY
1412000004,Observed,interest,tools_furniture_fixtures,202607,235.3,5988389,6182037,26273.0,25450.0,-193648,FX_RATE_ONLY
1412000004,Observed,interest,tools_furniture_fixtures,202608,235.3,5988389,6182037,26273.0,25450.0,-193648,FX_RATE_ONLY
1412000004,Observed,interest,tools_furniture_fixtures,202609,219.74,5592387,5773229,26273.0,25450.0,-180842,FX_RATE_ONLY
1412000004,Observed,interest,tools_furniture_fixtures,202610,210.82,5365373,5538874,26273.0,25450.0,-173501,FX_RATE_ONLY
1412000004,Observed,interest,tools_furniture_fixtures,202611,195.18,4967335,5127964,26273.0,25450.0,-160629,FX_RATE_ONLY
1412000004,Observed,interest,tools_furniture_fixtures,202612,195.18,4967335,5127964,26273.0,25450.0,-160629,FX_RATE_ONLY
1412000004,Observed,interest,tools_furniture_fixtures,202701,195.18,4967335,5127964,26273.0,25450.0,-160629,FX_RATE_ONLY
1412000004,Observed,interest,tools_furniture_fixtures,202702,195.18,4967335,5127964,26273.0,25450.0,-160629,FX_RATE_ONLY
1412000004,Observed,interest,tools_furniture_fixtures,202703,195.18,4967335,5127964,26273.0,25450.0,-160629,FX_RATE_ONLY
1412000004,Observed,interest,vehicles,202604,3.18,80931,0,26273.0,25450.0,80931,SOURCE_OR_SCOPE_GAP
1412000004,Observed,interest,vehicles,202605,2.28,58026,0,26273.0,25450.0,58026,SOURCE_OR_SCOPE_GAP
1412000004,Observed,interest,vehicles,202606,2.28,58026,0,26273.0,25450.0,58026,SOURCE_OR_SCOPE_GAP
1412000004,Observed,interest,vehicles,202607,2.28,58026,0,26273.0,25450.0,58026,SOURCE_OR_SCOPE_GAP
1412000004,Observed,interest,vehicles,202608,2.28,58026,0,26273.0,25450.0,58026,SOURCE_OR_SCOPE_GAP
1412000004,Observed,interest,vehicles,202609,2.28,58026,0,26273.0,25450.0,58026,SOURCE_OR_SCOPE_GAP
1412000004,Observed,interest,vehicles,202610,2.28,58026,0,26273.0,25450.0,58026,SOURCE_OR_SCOPE_GAP
1412000004,Observed,interest,vehicles,202611,2.28,58026,0,26273.0,25450.0,58026,SOURCE_OR_SCOPE_GAP
1412000004,Observed,interest,vehicles,202612,2.28,58026,0,26273.0,25450.0,58026,SOURCE_OR_SCOPE_GAP
1412000004,Observed,interest,vehicles,202701,2.28,58026,0,26273.0,25450.0,58026,SOURCE_OR_SCOPE_GAP
1412000004,Observed,interest,vehicles,202702,2.28,58026,0,26273.0,25450.0,58026,SOURCE_OR_SCOPE_GAP
1412000004,Observed,interest,vehicles,202703,2.28,58026,0,26273.0,25450.0,58026,SOURCE_OR_SCOPE_GAP
1412000005,Simulated,depreciation,machinery_equipment,202604,6297.12,160261702,165444234,26273.0,25450.0,-5182532,FX_RATE_ONLY
1412000005,Simulated,depreciation,machinery_equipment,202605,6297.12,160261702,165444234,26273.0,25450.0,-5182532,FX_RATE_ONLY
1412000005,Simulated,depreciation,machinery_equipment,202606,6297.12,160261702,165444234,26273.0,25450.0,-5182532,FX_RATE_ONLY
1412000005,Simulated,depreciation,machinery_equipment,202607,6297.12,160261702,165444234,26273.0,25450.0,-5182532,FX_RATE_ONLY
1412000005,Simulated,depreciation,machinery_equipment,202608,6297.12,160261702,165444234,26273.0,25450.0,-5182532,FX_RATE_ONLY
1412000005,Simulated,depreciation,machinery_equipment,202609,6297.12,160261702,165444234,26273.0,25450.0,-5182532,FX_RATE_ONLY
1412000005,Simulated,depreciation,machinery_equipment,202610,6297.12,160261702,165444234,26273.0,25450.0,-5182532,FX_RATE_ONLY
1412000005,Simulated,depreciation,machinery_equipment,202611,6297.12,160261702,165444234,26273.0,25450.0,-5182532,FX_RATE_ONLY
1412000005,Simulated,depreciation,machinery_equipment,202612,6297.12,160261702,148435356,26273.0,25450.0,11826346,AMOUNT_MISMATCH
1412000005,Simulated,depreciation,machinery_equipment,202701,4983.83,126838472,130940166,26273.0,25450.0,-4101694,FX_RATE_ONLY
1412000005,Simulated,depreciation,machinery_equipment,202702,4983.83,126838472,130940166,26273.0,25450.0,-4101694,FX_RATE_ONLY
1412000005,Simulated,depreciation,machinery_equipment,202703,4983.83,126838472,130940166,26273.0,25450.0,-4101694,FX_RATE_ONLY
1412000005,Simulated,depreciation,mold,202604,38251.21,973493293,3324142983,26273.0,25450.0,-2350649690,AMOUNT_MISMATCH
1412000005,Simulated,depreciation,mold,202605,32952.22,838633996,5657790713,26273.0,25450.0,-4819156717,AMOUNT_MISMATCH
1412000005,Simulated,depreciation,mold,202606,28497.05,725249918,7029814064,26273.0,25450.0,-6304564146,AMOUNT_MISMATCH
1412000005,Simulated,depreciation,mold,202607,25377.27,645851518,7757766118,26273.0,25450.0,-7111914600,AMOUNT_MISMATCH
1412000005,Simulated,depreciation,mold,202608,15941.46,405710154,8489342006,26273.0,25450.0,-8083631852,AMOUNT_MISMATCH
1412000005,Simulated,depreciation,mold,202609,13561.32,345135592,8548794915,26273.0,25450.0,-8203659323,AMOUNT_MISMATCH
1412000005,Simulated,depreciation,mold,202610,12048.4,306631779,8609119825,26273.0,25450.0,-8302488046,AMOUNT_MISMATCH
1412000005,Simulated,depreciation,mold,202611,10574.02,269108809,8811990210,26273.0,25450.0,-8542881401,AMOUNT_MISMATCH
1412000005,Simulated,depreciation,mold,202612,10248.19,260816435,8836270666,26273.0,25450.0,-8575454231,AMOUNT_MISMATCH
1412000005,Simulated,depreciation,mold,202701,10248.19,260816435,8869111916,26273.0,25450.0,-8608295481,AMOUNT_MISMATCH
1412000005,Simulated,depreciation,mold,202702,10248.19,260816435,8901953166,26273.0,25450.0,-8641136731,AMOUNT_MISMATCH
1412000005,Simulated,depreciation,mold,202703,10248.18,260816180,8934794153,26273.0,25450.0,-8673977973,AMOUNT_MISMATCH
1412000005,Simulated,depreciation,other_tangible_fixed_assets,202604,72.27,1839272,1898750,26273.0,25450.0,-59478,FX_RATE_ONLY
1412000005,Simulated,depreciation,other_tangible_fixed_assets,202605,72.27,1839272,1898750,26273.0,25450.0,-59478,FX_RATE_ONLY
1412000005,Simulated,depreciation,other_tangible_fixed_assets,202606,72.27,1839272,1898750,26273.0,25450.0,-59478,FX_RATE_ONLY
1412000005,Simulated,depreciation,other_tangible_fixed_assets,202607,72.27,1839272,1898750,26273.0,25450.0,-59478,FX_RATE_ONLY
1412000005,Simulated,depreciation,other_tangible_fixed_assets,202608,72.27,1839272,1898750,26273.0,25450.0,-59478,FX_RATE_ONLY
1412000005,Simulated,depreciation,other_tangible_fixed_assets,202609,72.27,1839272,1898750,26273.0,25450.0,-59478,FX_RATE_ONLY
1412000005,Simulated,depreciation,other_tangible_fixed_assets,202610,72.27,1839272,1898750,26273.0,25450.0,-59478,FX_RATE_ONLY
1412000005,Simulated,depreciation,other_tangible_fixed_assets,202611,72.27,1839272,1898750,26273.0,25450.0,-59478,FX_RATE_ONLY
1412000005,Simulated,depreciation,other_tangible_fixed_assets,202612,72.27,1839272,1898750,26273.0,25450.0,-59478,FX_RATE_ONLY
1412000005,Simulated,depreciation,other_tangible_fixed_assets,202701,72.27,1839272,1898750,26273.0,25450.0,-59478,FX_RATE_ONLY
1412000005,Simulated,depreciation,other_tangible_fixed_assets,202702,72.27,1839272,1898750,26273.0,25450.0,-59478,FX_RATE_ONLY
1412000005,Simulated,depreciation,other_tangible_fixed_assets,202703,72.27,1839272,1898750,26273.0,25450.0,-59478,FX_RATE_ONLY
1412000005,Simulated,depreciation,tools_furniture_fixtures,202604,39730.94,1011152432,930637476,26273.0,25450.0,80514956,AMOUNT_MISMATCH
1412000005,Simulated,depreciation,tools_furniture_fixtures,202605,35264.32,897476949,915418579,26273.0,25450.0,-17941630,AMOUNT_MISMATCH
1412000005,Simulated,depreciation,tools_furniture_fixtures,202606,34725.44,883762453,846742796,26273.0,25450.0,37019657,AMOUNT_MISMATCH
1412000005,Simulated,depreciation,tools_furniture_fixtures,202607,32033.98,815264799,816943696,26273.0,25450.0,-1678897,AMOUNT_MISMATCH
1412000005,Simulated,depreciation,tools_furniture_fixtures,202608,30957.97,787880343,805575632,26273.0,25450.0,-17695289,AMOUNT_MISMATCH
1412000005,Simulated,depreciation,tools_furniture_fixtures,202609,30201.67,768632506,794937957,26273.0,25450.0,-26305451,AMOUNT_MISMATCH
1412000005,Simulated,depreciation,tools_furniture_fixtures,202610,23994.89,610669954,606806462,26273.0,25450.0,3863492,AMOUNT_MISMATCH
1412000005,Simulated,depreciation,tools_furniture_fixtures,202611,22998.5,585311828,594585576,26273.0,25450.0,-9273748,AMOUNT_MISMATCH
1412000005,Simulated,depreciation,tools_furniture_fixtures,202612,22515.98,573031694,568794423,26273.0,25450.0,4237271,AMOUNT_MISMATCH
1412000005,Simulated,depreciation,tools_furniture_fixtures,202701,21515.65,547573296,566802142,26273.0,25450.0,-19228846,AMOUNT_MISMATCH
1412000005,Simulated,depreciation,tools_furniture_fixtures,202702,21474.43,546524246,549591487,26273.0,25450.0,-3067241,AMOUNT_MISMATCH
1412000005,Simulated,depreciation,tools_furniture_fixtures,202703,18461.24,469838562,442932040,26273.0,25450.0,26906522,AMOUNT_MISMATCH
1412000005,Simulated,interest,machinery_equipment,202604,1345.53,34243738,35351110,26273.0,25450.0,-1107372,FX_RATE_ONLY
1412000005,Simulated,interest,machinery_equipment,202605,1118.84,28474478,29395283,26273.0,25450.0,-920805,FX_RATE_ONLY
1412000005,Simulated,interest,machinery_equipment,202606,1118.84,28474478,29395283,26273.0,25450.0,-920805,FX_RATE_ONLY
1412000005,Simulated,interest,machinery_equipment,202607,1118.84,28474478,29395283,26273.0,25450.0,-920805,FX_RATE_ONLY
1412000005,Simulated,interest,machinery_equipment,202608,1118.84,28474478,29395283,26273.0,25450.0,-920805,FX_RATE_ONLY
1412000005,Simulated,interest,machinery_equipment,202609,1118.84,28474478,29395283,26273.0,25450.0,-920805,FX_RATE_ONLY
1412000005,Simulated,interest,machinery_equipment,202610,1118.84,28474478,29395283,26273.0,25450.0,-920805,FX_RATE_ONLY
1412000005,Simulated,interest,machinery_equipment,202611,1118.84,28474478,29395283,26273.0,25450.0,-920805,FX_RATE_ONLY
1412000005,Simulated,interest,machinery_equipment,202612,1118.84,28474478,29395283,26273.0,25450.0,-920805,FX_RATE_ONLY
1412000005,Simulated,interest,machinery_equipment,202701,1085.32,27621394,28514612,26273.0,25450.0,-893218,FX_RATE_ONLY
1412000005,Simulated,interest,machinery_equipment,202702,1085.32,27621394,28514612,26273.0,25450.0,-893218,FX_RATE_ONLY
1412000005,Simulated,interest,machinery_equipment,202703,1085.32,27621394,28514612,26273.0,25450.0,-893218,FX_RATE_ONLY
1412000005,Simulated,interest,mold,202604,2031.68,51706253,68768767,26273.0,25450.0,-17062514,AMOUNT_MISMATCH
1412000005,Simulated,interest,mold,202605,744.38,18944472,186537279,26273.0,25450.0,-167592807,AMOUNT_MISMATCH
1412000005,Simulated,interest,mold,202606,717.64,18263940,363881185,26273.0,25450.0,-345617245,AMOUNT_MISMATCH
1412000005,Simulated,interest,mold,202607,689.53,17548541,470356038,26273.0,25450.0,-452807497,AMOUNT_MISMATCH
1412000005,Simulated,interest,mold,202608,576.3,14666838,525695225,26273.0,25450.0,-511028387,AMOUNT_MISMATCH
1412000005,Simulated,interest,mold,202609,540.6,13758272,595280107,26273.0,25450.0,-581521835,AMOUNT_MISMATCH
1412000005,Simulated,interest,mold,202610,513.36,13065014,603347389,26273.0,25450.0,-590282375,AMOUNT_MISMATCH
1412000005,Simulated,interest,mold,202611,482.4,12277082,609739294,26273.0,25450.0,-597462212,AMOUNT_MISMATCH
1412000005,Simulated,interest,mold,202612,474.58,12078063,626929508,26273.0,25450.0,-614851445,AMOUNT_MISMATCH
1412000005,Simulated,interest,mold,202701,474.58,12078063,629294078,26273.0,25450.0,-617216015,AMOUNT_MISMATCH
1412000005,Simulated,interest,mold,202702,474.58,12078063,631658648,26273.0,25450.0,-619580585,AMOUNT_MISMATCH
1412000005,Simulated,interest,mold,202703,474.58,12078063,634023218,26273.0,25450.0,-621945155,AMOUNT_MISMATCH
1412000005,Simulated,interest,other_tangible_fixed_assets,202604,6.07,154482,159477,26273.0,25450.0,-4995,FX_RATE_ONLY
1412000005,Simulated,interest,other_tangible_fixed_assets,202605,3.47,88312,91167,26273.0,25450.0,-2855,FX_RATE_ONLY
1412000005,Simulated,interest,other_tangible_fixed_assets,202606,3.47,88312,91167,26273.0,25450.0,-2855,FX_RATE_ONLY
1412000005,Simulated,interest,other_tangible_fixed_assets,202607,3.47,88312,91167,26273.0,25450.0,-2855,FX_RATE_ONLY
1412000005,Simulated,interest,other_tangible_fixed_assets,202608,3.47,88312,91167,26273.0,25450.0,-2855,FX_RATE_ONLY
1412000005,Simulated,interest,other_tangible_fixed_assets,202609,3.47,88312,91167,26273.0,25450.0,-2855,FX_RATE_ONLY
1412000005,Simulated,interest,other_tangible_fixed_assets,202610,3.47,88312,91167,26273.0,25450.0,-2855,FX_RATE_ONLY
1412000005,Simulated,interest,other_tangible_fixed_assets,202611,3.47,88312,91167,26273.0,25450.0,-2855,FX_RATE_ONLY
1412000005,Simulated,interest,other_tangible_fixed_assets,202612,3.47,88312,91167,26273.0,25450.0,-2855,FX_RATE_ONLY
1412000005,Simulated,interest,other_tangible_fixed_assets,202701,3.47,88312,91167,26273.0,25450.0,-2855,FX_RATE_ONLY
1412000005,Simulated,interest,other_tangible_fixed_assets,202702,3.47,88312,91167,26273.0,25450.0,-2855,FX_RATE_ONLY
1412000005,Simulated,interest,other_tangible_fixed_assets,202703,3.47,88312,91167,26273.0,25450.0,-2855,FX_RATE_ONLY
1412000005,Simulated,interest,tools_furniture_fixtures,202604,3039.88,77364946,79866767,26273.0,25450.0,-2501821,FX_RATE_ONLY
1412000005,Simulated,interest,tools_furniture_fixtures,202605,1609.38,40958724,42283241,26273.0,25450.0,-1324517,FX_RATE_ONLY
1412000005,Simulated,interest,tools_furniture_fixtures,202606,1607.7,40915968,42239102,26273.0,25450.0,-1323134,FX_RATE_ONLY
1412000005,Simulated,interest,tools_furniture_fixtures,202607,1591.27,40497824,41807437,26273.0,25450.0,-1309613,FX_RATE_ONLY
1412000005,Simulated,interest,tools_furniture_fixtures,202608,1581.48,40248669,41550224,26273.0,25450.0,-1301555,FX_RATE_ONLY
1412000005,Simulated,interest,tools_furniture_fixtures,202609,1571.32,39990097,41283290,26273.0,25450.0,-1293193,FX_RATE_ONLY
1412000005,Simulated,interest,tools_furniture_fixtures,202610,1459.73,37150129,38351486,26273.0,25450.0,-1201357,FX_RATE_ONLY
1412000005,Simulated,interest,tools_furniture_fixtures,202611,1441.79,36693555,37880149,26273.0,25450.0,-1186594,FX_RATE_ONLY
1412000005,Simulated,interest,tools_furniture_fixtures,202612,1431.6,36434219,37612427,26273.0,25450.0,-1178208,FX_RATE_ONLY
1412000005,Simulated,interest,tools_furniture_fixtures,202701,1407.49,35820619,36978985,26273.0,25450.0,-1158366,FX_RATE_ONLY
1412000005,Simulated,interest,tools_furniture_fixtures,202702,1406.37,35792115,36949559,26273.0,25450.0,-1157444,FX_RATE_ONLY
1412000005,Simulated,interest,tools_furniture_fixtures,202703,1308.89,33311251,34388467,26273.0,25450.0,-1077216,FX_RATE_ONLY
1412000013,Simulated,depreciation,machinery_equipment,202604,2044.14,52023363,53705690,,25450.0,-1682327,AMOUNT_MISMATCH
1412000013,Simulated,depreciation,machinery_equipment,202605,2044.14,52023363,53705690,,25450.0,-1682327,AMOUNT_MISMATCH
1412000013,Simulated,depreciation,machinery_equipment,202606,2044.14,52023363,53705690,,25450.0,-1682327,AMOUNT_MISMATCH
1412000013,Simulated,depreciation,machinery_equipment,202607,2044.14,52023363,53705690,,25450.0,-1682327,AMOUNT_MISMATCH
1412000013,Simulated,depreciation,machinery_equipment,202608,2044.14,52023363,53705690,,25450.0,-1682327,AMOUNT_MISMATCH
1412000013,Simulated,depreciation,machinery_equipment,202609,2044.14,52023363,53705690,,25450.0,-1682327,AMOUNT_MISMATCH
1412000013,Simulated,depreciation,machinery_equipment,202610,2044.14,52023363,53705690,,25450.0,-1682327,AMOUNT_MISMATCH
1412000013,Simulated,depreciation,machinery_equipment,202611,2044.14,52023363,53705690,,25450.0,-1682327,AMOUNT_MISMATCH
1412000013,Simulated,depreciation,machinery_equipment,202612,2044.14,52023363,53705690,,25450.0,-1682327,AMOUNT_MISMATCH
1412000013,Simulated,depreciation,machinery_equipment,202701,2044.14,52023363,53705690,,25450.0,-1682327,AMOUNT_MISMATCH
1412000013,Simulated,depreciation,machinery_equipment,202702,2044.14,52023363,53705690,,25450.0,-1682327,AMOUNT_MISMATCH
1412000013,Simulated,depreciation,machinery_equipment,202703,2044.14,52023363,53705690,,25450.0,-1682327,AMOUNT_MISMATCH
1412000013,Simulated,depreciation,tools_furniture_fixtures,202604,0.0,0,24667457,,25450.0,-24667457,SOURCE_OR_SCOPE_GAP
1412000013,Simulated,depreciation,tools_furniture_fixtures,202605,0.0,0,24667457,,25450.0,-24667457,SOURCE_OR_SCOPE_GAP
1412000013,Simulated,depreciation,tools_furniture_fixtures,202606,0.0,0,24667457,,25450.0,-24667457,SOURCE_OR_SCOPE_GAP
1412000013,Simulated,depreciation,tools_furniture_fixtures,202607,0.0,0,24667457,,25450.0,-24667457,SOURCE_OR_SCOPE_GAP
1412000013,Simulated,depreciation,tools_furniture_fixtures,202608,0.0,0,24667457,,25450.0,-24667457,SOURCE_OR_SCOPE_GAP
1412000013,Simulated,depreciation,tools_furniture_fixtures,202609,0.0,0,24667457,,25450.0,-24667457,SOURCE_OR_SCOPE_GAP
1412000013,Simulated,depreciation,tools_furniture_fixtures,202610,0.0,0,24667457,,25450.0,-24667457,SOURCE_OR_SCOPE_GAP
1412000013,Simulated,depreciation,tools_furniture_fixtures,202611,0.0,0,24667457,,25450.0,-24667457,SOURCE_OR_SCOPE_GAP
1412000013,Simulated,depreciation,tools_furniture_fixtures,202612,0.0,0,24667457,,25450.0,-24667457,SOURCE_OR_SCOPE_GAP
1412000013,Simulated,depreciation,tools_furniture_fixtures,202701,0.0,0,24667457,,25450.0,-24667457,SOURCE_OR_SCOPE_GAP
1412000013,Simulated,depreciation,tools_furniture_fixtures,202702,0.0,0,24667457,,25450.0,-24667457,SOURCE_OR_SCOPE_GAP
1412000013,Simulated,depreciation,tools_furniture_fixtures,202703,0.0,0,24667457,,25450.0,-24667457,SOURCE_OR_SCOPE_GAP
1412000013,Simulated,interest,machinery_equipment,202604,156.42,3980889,0,,25450.0,3980889,SOURCE_OR_SCOPE_GAP
1412000013,Simulated,interest,machinery_equipment,202605,82.83,2108024,0,,25450.0,2108024,SOURCE_OR_SCOPE_GAP
1412000013,Simulated,interest,machinery_equipment,202606,82.83,2108024,0,,25450.0,2108024,SOURCE_OR_SCOPE_GAP
1412000013,Simulated,interest,machinery_equipment,202607,82.83,2108024,0,,25450.0,2108024,SOURCE_OR_SCOPE_GAP
1412000013,Simulated,interest,machinery_equipment,202608,82.83,2108024,0,,25450.0,2108024,SOURCE_OR_SCOPE_GAP
1412000013,Simulated,interest,machinery_equipment,202609,82.83,2108024,0,,25450.0,2108024,SOURCE_OR_SCOPE_GAP
1412000013,Simulated,interest,machinery_equipment,202610,82.83,2108024,0,,25450.0,2108024,SOURCE_OR_SCOPE_GAP
1412000013,Simulated,interest,machinery_equipment,202611,82.83,2108024,0,,25450.0,2108024,SOURCE_OR_SCOPE_GAP
1412000013,Simulated,interest,machinery_equipment,202612,82.83,2108024,0,,25450.0,2108024,SOURCE_OR_SCOPE_GAP
1412000013,Simulated,interest,machinery_equipment,202701,82.83,2108024,0,,25450.0,2108024,SOURCE_OR_SCOPE_GAP
1412000013,Simulated,interest,machinery_equipment,202702,82.83,2108024,0,,25450.0,2108024,SOURCE_OR_SCOPE_GAP
1412000013,Simulated,interest,machinery_equipment,202703,82.83,2108024,0,,25450.0,2108024,SOURCE_OR_SCOPE_GAP
1412000013,Simulated,interest,tools_furniture_fixtures,202604,0.0,0,4109623,,25450.0,-4109623,SOURCE_OR_SCOPE_GAP
1412000013,Simulated,interest,tools_furniture_fixtures,202605,0.0,0,6216275,,25450.0,-6216275,SOURCE_OR_SCOPE_GAP
1412000013,Simulated,interest,tools_furniture_fixtures,202606,0.0,0,6216275,,25450.0,-6216275,SOURCE_OR_SCOPE_GAP
1412000013,Simulated,interest,tools_furniture_fixtures,202607,0.0,0,6216275,,25450.0,-6216275,SOURCE_OR_SCOPE_GAP
1412000013,Simulated,interest,tools_furniture_fixtures,202608,0.0,0,6216275,,25450.0,-6216275,SOURCE_OR_SCOPE_GAP
1412000013,Simulated,interest,tools_furniture_fixtures,202609,0.0,0,6216275,,25450.0,-6216275,SOURCE_OR_SCOPE_GAP
1412000013,Simulated,interest,tools_furniture_fixtures,202610,0.0,0,6216275,,25450.0,-6216275,SOURCE_OR_SCOPE_GAP
1412000013,Simulated,interest,tools_furniture_fixtures,202611,0.0,0,6216275,,25450.0,-6216275,SOURCE_OR_SCOPE_GAP
1412000013,Simulated,interest,tools_furniture_fixtures,202612,0.0,0,6216275,,25450.0,-6216275,SOURCE_OR_SCOPE_GAP
1412000013,Simulated,interest,tools_furniture_fixtures,202701,0.0,0,6216275,,25450.0,-6216275,SOURCE_OR_SCOPE_GAP
1412000013,Simulated,interest,tools_furniture_fixtures,202702,0.0,0,6216275,,25450.0,-6216275,SOURCE_OR_SCOPE_GAP
1412000013,Simulated,interest,tools_furniture_fixtures,202703,0.0,0,6216275,,25450.0,-6216275,SOURCE_OR_SCOPE_GAP
1412000018,Simulated,depreciation,machinery_equipment,202604,3124.0,79505800,82076852,26273.0,25450.0,-2571052,FX_RATE_ONLY
1412000018,Simulated,depreciation,machinery_equipment,202605,3124.0,79505800,82076852,26273.0,25450.0,-2571052,FX_RATE_ONLY
1412000018,Simulated,depreciation,machinery_equipment,202606,3124.0,79505800,82076852,26273.0,25450.0,-2571052,FX_RATE_ONLY
1412000018,Simulated,depreciation,machinery_equipment,202607,3124.0,79505800,82076852,26273.0,25450.0,-2571052,FX_RATE_ONLY
1412000018,Simulated,depreciation,machinery_equipment,202608,3124.0,79505800,82076852,26273.0,25450.0,-2571052,FX_RATE_ONLY
1412000018,Simulated,depreciation,machinery_equipment,202609,3124.0,79505800,82076852,26273.0,25450.0,-2571052,FX_RATE_ONLY
1412000018,Simulated,depreciation,machinery_equipment,202610,3124.0,79505800,82076852,26273.0,25450.0,-2571052,FX_RATE_ONLY
1412000018,Simulated,depreciation,machinery_equipment,202611,3124.0,79505800,82076852,26273.0,25450.0,-2571052,FX_RATE_ONLY
1412000018,Simulated,depreciation,machinery_equipment,202612,3124.0,79505800,82076852,26273.0,25450.0,-2571052,FX_RATE_ONLY
1412000018,Simulated,depreciation,machinery_equipment,202701,3124.0,79505800,82076852,26273.0,25450.0,-2571052,FX_RATE_ONLY
1412000018,Simulated,depreciation,machinery_equipment,202702,3124.0,79505800,82076852,26273.0,25450.0,-2571052,FX_RATE_ONLY
1412000018,Simulated,depreciation,machinery_equipment,202703,3124.0,79505800,82076852,26273.0,25450.0,-2571052,FX_RATE_ONLY
1412000018,Simulated,depreciation,tools_furniture_fixtures,202604,3617.93,92076317,99245879,26273.0,25450.0,-7169562,AMOUNT_MISMATCH
1412000018,Simulated,depreciation,tools_furniture_fixtures,202605,3617.93,92076317,99245879,26273.0,25450.0,-7169562,AMOUNT_MISMATCH
1412000018,Simulated,depreciation,tools_furniture_fixtures,202606,3617.93,92076317,99245879,26273.0,25450.0,-7169562,AMOUNT_MISMATCH
1412000018,Simulated,depreciation,tools_furniture_fixtures,202607,3617.93,92076317,99245879,26273.0,25450.0,-7169562,AMOUNT_MISMATCH
1412000018,Simulated,depreciation,tools_furniture_fixtures,202608,3617.89,92075301,66481345,26273.0,25450.0,25593956,AMOUNT_MISMATCH
1412000018,Simulated,depreciation,tools_furniture_fixtures,202609,2324.2,59150889,54151427,26273.0,25450.0,4999462,AMOUNT_MISMATCH
1412000018,Simulated,depreciation,tools_furniture_fixtures,202610,1885.74,47992083,39589878,26273.0,25450.0,8402205,AMOUNT_MISMATCH
1412000018,Simulated,depreciation,tools_furniture_fixtures,202611,1327.19,33776985,33916750,26273.0,25450.0,-139765,AMOUNT_MISMATCH
1412000018,Simulated,depreciation,tools_furniture_fixtures,202612,1124.06,28607327,20223789,26273.0,25450.0,8383538,AMOUNT_MISMATCH
1412000018,Simulated,depreciation,tools_furniture_fixtures,202701,590.99,15040695,19719084,26273.0,25450.0,-4678389,AMOUNT_MISMATCH
1412000018,Simulated,depreciation,tools_furniture_fixtures,202702,590.99,15040695,19719084,26273.0,25450.0,-4678389,AMOUNT_MISMATCH
1412000018,Simulated,depreciation,tools_furniture_fixtures,202703,590.99,15040695,19719084,26273.0,25450.0,-4678389,AMOUNT_MISMATCH
1412000018,Simulated,interest,machinery_equipment,202604,323.4,8230530,0,26273.0,25450.0,8230530,SOURCE_OR_SCOPE_GAP
1412000018,Simulated,interest,machinery_equipment,202605,210.94,5368423,0,26273.0,25450.0,5368423,SOURCE_OR_SCOPE_GAP
1412000018,Simulated,interest,machinery_equipment,202606,210.94,5368423,0,26273.0,25450.0,5368423,SOURCE_OR_SCOPE_GAP
1412000018,Simulated,interest,machinery_equipment,202607,210.94,5368423,0,26273.0,25450.0,5368423,SOURCE_OR_SCOPE_GAP
1412000018,Simulated,interest,machinery_equipment,202608,210.94,5368423,0,26273.0,25450.0,5368423,SOURCE_OR_SCOPE_GAP
1412000018,Simulated,interest,machinery_equipment,202609,210.94,5368423,0,26273.0,25450.0,5368423,SOURCE_OR_SCOPE_GAP
1412000018,Simulated,interest,machinery_equipment,202610,210.94,5368423,0,26273.0,25450.0,5368423,SOURCE_OR_SCOPE_GAP
1412000018,Simulated,interest,machinery_equipment,202611,210.94,5368423,0,26273.0,25450.0,5368423,SOURCE_OR_SCOPE_GAP
1412000018,Simulated,interest,machinery_equipment,202612,210.94,5368423,0,26273.0,25450.0,5368423,SOURCE_OR_SCOPE_GAP
1412000018,Simulated,interest,machinery_equipment,202701,210.94,5368423,0,26273.0,25450.0,5368423,SOURCE_OR_SCOPE_GAP
1412000018,Simulated,interest,machinery_equipment,202702,210.94,5368423,0,26273.0,25450.0,5368423,SOURCE_OR_SCOPE_GAP
1412000018,Simulated,interest,machinery_equipment,202703,210.94,5368423,0,26273.0,25450.0,5368423,SOURCE_OR_SCOPE_GAP
1412000018,Simulated,interest,tools_furniture_fixtures,202604,236.56,6020448,0,26273.0,25450.0,6020448,SOURCE_OR_SCOPE_GAP
1412000018,Simulated,interest,tools_furniture_fixtures,202605,106.31,2705588,0,26273.0,25450.0,2705588,SOURCE_OR_SCOPE_GAP
1412000018,Simulated,interest,tools_furniture_fixtures,202606,106.31,2705588,0,26273.0,25450.0,2705588,SOURCE_OR_SCOPE_GAP
1412000018,Simulated,interest,tools_furniture_fixtures,202607,106.31,2705588,0,26273.0,25450.0,2705588,SOURCE_OR_SCOPE_GAP
1412000018,Simulated,interest,tools_furniture_fixtures,202608,106.31,2705588,0,26273.0,25450.0,2705588,SOURCE_OR_SCOPE_GAP
1412000018,Simulated,interest,tools_furniture_fixtures,202609,90.63,2306532,0,26273.0,25450.0,2306532,SOURCE_OR_SCOPE_GAP
1412000018,Simulated,interest,tools_furniture_fixtures,202610,84.01,2138054,0,26273.0,25450.0,2138054,SOURCE_OR_SCOPE_GAP
1412000018,Simulated,interest,tools_furniture_fixtures,202611,73.89,1880501,0,26273.0,25450.0,1880501,SOURCE_OR_SCOPE_GAP
1412000018,Simulated,interest,tools_furniture_fixtures,202612,69.6,1771321,0,26273.0,25450.0,1771321,SOURCE_OR_SCOPE_GAP
1412000018,Simulated,interest,tools_furniture_fixtures,202701,56.74,1444034,0,26273.0,25450.0,1444034,SOURCE_OR_SCOPE_GAP
1412000018,Simulated,interest,tools_furniture_fixtures,202702,56.74,1444034,0,26273.0,25450.0,1444034,SOURCE_OR_SCOPE_GAP
1412000018,Simulated,interest,tools_furniture_fixtures,202703,56.74,1444034,0,26273.0,25450.0,1444034,SOURCE_OR_SCOPE_GAP
1412000019,Simulated,depreciation,tools_furniture_fixtures,202605,0.0,0,1042135,26273.0,25450.0,-1042135,SOURCE_OR_SCOPE_GAP
1412000019,Simulated,depreciation,tools_furniture_fixtures,202606,0.0,0,1042135,26273.0,25450.0,-1042135,SOURCE_OR_SCOPE_GAP
1412000019,Simulated,depreciation,tools_furniture_fixtures,202607,0.0,0,1042135,26273.0,25450.0,-1042135,SOURCE_OR_SCOPE_GAP
1412000019,Simulated,depreciation,tools_furniture_fixtures,202608,0.0,0,1042135,26273.0,25450.0,-1042135,SOURCE_OR_SCOPE_GAP
1412000019,Simulated,depreciation,tools_furniture_fixtures,202609,0.0,0,1042135,26273.0,25450.0,-1042135,SOURCE_OR_SCOPE_GAP
1412000019,Simulated,depreciation,tools_furniture_fixtures,202610,0.0,0,1042135,26273.0,25450.0,-1042135,SOURCE_OR_SCOPE_GAP
1412000019,Simulated,depreciation,tools_furniture_fixtures,202611,0.0,0,1042135,26273.0,25450.0,-1042135,SOURCE_OR_SCOPE_GAP
1412000019,Simulated,depreciation,tools_furniture_fixtures,202612,0.0,0,1042135,26273.0,25450.0,-1042135,SOURCE_OR_SCOPE_GAP
1412000019,Simulated,depreciation,tools_furniture_fixtures,202701,0.0,0,1042135,26273.0,25450.0,-1042135,SOURCE_OR_SCOPE_GAP
1412000019,Simulated,depreciation,tools_furniture_fixtures,202702,0.0,0,2084270,26273.0,25450.0,-2084270,SOURCE_OR_SCOPE_GAP
1412000019,Simulated,depreciation,tools_furniture_fixtures,202703,0.0,0,2084270,26273.0,25450.0,-2084270,SOURCE_OR_SCOPE_GAP
1412000034,Blocked_or_reference_only,depreciation,machinery_equipment,202604,18025.2,458741343,765926727,26273.0,25450.0,-307185384,AMOUNT_MISMATCH
1412000034,Blocked_or_reference_only,depreciation,machinery_equipment,202605,18025.2,458741343,834424191,26273.0,25450.0,-375682848,AMOUNT_MISMATCH
1412000034,Blocked_or_reference_only,depreciation,machinery_equipment,202606,17846.06,454182230,840851214,26273.0,25450.0,-386668984,AMOUNT_MISMATCH
1412000034,Blocked_or_reference_only,depreciation,machinery_equipment,202607,17846.07,454182485,840851214,26273.0,25450.0,-386668729,AMOUNT_MISMATCH
1412000034,Blocked_or_reference_only,depreciation,machinery_equipment,202608,17417.72,443280977,829597438,26273.0,25450.0,-386316461,AMOUNT_MISMATCH
1412000034,Blocked_or_reference_only,depreciation,machinery_equipment,202609,17417.72,443280977,862547239,26273.0,25450.0,-419266262,AMOUNT_MISMATCH
1412000034,Blocked_or_reference_only,depreciation,machinery_equipment,202610,17417.72,443280977,862547239,26273.0,25450.0,-419266262,AMOUNT_MISMATCH
1412000034,Blocked_or_reference_only,depreciation,machinery_equipment,202611,17417.72,443280977,944943455,26273.0,25450.0,-501662478,AMOUNT_MISMATCH
1412000034,Blocked_or_reference_only,depreciation,machinery_equipment,202612,17417.72,443280977,944943455,26273.0,25450.0,-501662478,AMOUNT_MISMATCH
1412000034,Blocked_or_reference_only,depreciation,machinery_equipment,202701,17417.72,443280977,1017767504,26273.0,25450.0,-574486527,AMOUNT_MISMATCH
1412000034,Blocked_or_reference_only,depreciation,machinery_equipment,202702,17417.72,443280977,1017767504,26273.0,25450.0,-574486527,AMOUNT_MISMATCH
1412000034,Blocked_or_reference_only,depreciation,machinery_equipment,202703,17417.72,443280977,1220975923,26273.0,25450.0,-777694946,AMOUNT_MISMATCH
1412000034,Blocked_or_reference_only,depreciation,mold,202604,4936.67,125638250,333152412,26273.0,25450.0,-207514162,AMOUNT_MISMATCH
1412000034,Blocked_or_reference_only,depreciation,mold,202605,4861.86,123734336,396869692,26273.0,25450.0,-273135356,AMOUNT_MISMATCH
1412000034,Blocked_or_reference_only,depreciation,mold,202606,4861.86,123734336,462552192,26273.0,25450.0,-338817856,AMOUNT_MISMATCH
1412000034,Blocked_or_reference_only,depreciation,mold,202607,4861.87,123734591,486197892,26273.0,25450.0,-362463301,AMOUNT_MISMATCH
1412000034,Blocked_or_reference_only,depreciation,mold,202608,4170.21,106131844,491671609,26273.0,25450.0,-385539765,AMOUNT_MISMATCH
1412000034,Blocked_or_reference_only,depreciation,mold,202609,3216.04,81848217,516521663,26273.0,25450.0,-434673446,AMOUNT_MISMATCH
1412000034,Blocked_or_reference_only,depreciation,mold,202610,3216.04,81848217,553303863,26273.0,25450.0,-471455646,AMOUNT_MISMATCH
1412000034,Blocked_or_reference_only,depreciation,mold,202611,3216.04,81848217,590086063,26273.0,25450.0,-508237846,AMOUNT_MISMATCH
1412000034,Blocked_or_reference_only,depreciation,mold,202612,3216.04,81848217,626868263,26273.0,25450.0,-545020046,AMOUNT_MISMATCH
1412000034,Blocked_or_reference_only,depreciation,mold,202701,3216.04,81848217,676786963,26273.0,25450.0,-594938746,AMOUNT_MISMATCH
1412000034,Blocked_or_reference_only,depreciation,mold,202702,3216.04,81848217,726705663,26273.0,25450.0,-644857446,AMOUNT_MISMATCH
1412000034,Blocked_or_reference_only,depreciation,mold,202703,3216.04,81848217,776624363,26273.0,25450.0,-694776146,AMOUNT_MISMATCH
1412000034,Blocked_or_reference_only,depreciation,tools_furniture_fixtures,202604,4433.36,112829011,131774830,26273.0,25450.0,-18945819,AMOUNT_MISMATCH
1412000034,Blocked_or_reference_only,depreciation,tools_furniture_fixtures,202605,4256.93,108338868,127139747,26273.0,25450.0,-18800879,AMOUNT_MISMATCH
1412000034,Blocked_or_reference_only,depreciation,tools_furniture_fixtures,202606,4204.54,107005542,125763567,26273.0,25450.0,-18758025,AMOUNT_MISMATCH
1412000034,Blocked_or_reference_only,depreciation,tools_furniture_fixtures,202607,4098.82,104314968,122985723,26273.0,25450.0,-18670755,AMOUNT_MISMATCH
1412000034,Blocked_or_reference_only,depreciation,tools_furniture_fixtures,202608,3993.05,101623122,120206828,26273.0,25450.0,-18583706,AMOUNT_MISMATCH
1412000034,Blocked_or_reference_only,depreciation,tools_furniture_fixtures,202609,3887.18,98928731,117425568,26273.0,25450.0,-18496837,AMOUNT_MISMATCH
1412000034,Blocked_or_reference_only,depreciation,tools_furniture_fixtures,202610,3771.5,95984675,114385782,26273.0,25450.0,-18401107,AMOUNT_MISMATCH
1412000034,Blocked_or_reference_only,depreciation,tools_furniture_fixtures,202611,3713.93,94519519,112873508,26273.0,25450.0,-18353989,AMOUNT_MISMATCH
1412000034,Blocked_or_reference_only,depreciation,tools_furniture_fixtures,202612,3396.35,86437108,104529729,26273.0,25450.0,-18092621,AMOUNT_MISMATCH
1412000034,Blocked_or_reference_only,depreciation,tools_furniture_fixtures,202701,3104.63,79012834,96865369,26273.0,25450.0,-17852535,AMOUNT_MISMATCH
1412000034,Blocked_or_reference_only,depreciation,tools_furniture_fixtures,202702,3104.63,79012834,96865369,26273.0,25450.0,-17852535,AMOUNT_MISMATCH
1412000034,Blocked_or_reference_only,depreciation,tools_furniture_fixtures,202703,3104.63,79012834,96865369,26273.0,25450.0,-17852535,AMOUNT_MISMATCH
1412000034,Blocked_or_reference_only,depreciation,vehicles,202604,24.56,625052,645265,26273.0,25450.0,-20213,FX_RATE_ONLY
1412000034,Blocked_or_reference_only,depreciation,vehicles,202605,24.56,625052,645265,26273.0,25450.0,-20213,FX_RATE_ONLY
1412000034,Blocked_or_reference_only,depreciation,vehicles,202606,24.56,625052,645265,26273.0,25450.0,-20213,FX_RATE_ONLY
1412000034,Blocked_or_reference_only,depreciation,vehicles,202607,24.56,625052,645265,26273.0,25450.0,-20213,FX_RATE_ONLY
1412000034,Blocked_or_reference_only,depreciation,vehicles,202608,24.56,625052,645265,26273.0,25450.0,-20213,FX_RATE_ONLY
1412000034,Blocked_or_reference_only,depreciation,vehicles,202609,24.56,625052,645265,26273.0,25450.0,-20213,FX_RATE_ONLY
1412000034,Blocked_or_reference_only,depreciation,vehicles,202610,24.56,625052,645265,26273.0,25450.0,-20213,FX_RATE_ONLY
1412000034,Blocked_or_reference_only,depreciation,vehicles,202611,24.56,625052,645265,26273.0,25450.0,-20213,FX_RATE_ONLY
1412000034,Blocked_or_reference_only,depreciation,vehicles,202612,24.56,625052,645265,26273.0,25450.0,-20213,FX_RATE_ONLY
1412000034,Blocked_or_reference_only,depreciation,vehicles,202701,24.56,625052,645265,26273.0,25450.0,-20213,FX_RATE_ONLY
1412000034,Blocked_or_reference_only,depreciation,vehicles,202702,24.56,625052,645265,26273.0,25450.0,-20213,FX_RATE_ONLY
1412000034,Blocked_or_reference_only,depreciation,vehicles,202703,24.56,625052,645265,26273.0,25450.0,-20213,FX_RATE_ONLY
1412000034,Blocked_or_reference_only,interest,machinery_equipment,202604,2306.67,58704753,0,26273.0,25450.0,58704753,SOURCE_OR_SCOPE_GAP
1412000034,Blocked_or_reference_only,interest,machinery_equipment,202605,1677.28,42686777,0,26273.0,25450.0,42686777,SOURCE_OR_SCOPE_GAP
1412000034,Blocked_or_reference_only,interest,machinery_equipment,202606,1676.21,42659545,0,26273.0,25450.0,42659545,SOURCE_OR_SCOPE_GAP
1412000034,Blocked_or_reference_only,interest,machinery_equipment,202607,1676.21,42659545,0,26273.0,25450.0,42659545,SOURCE_OR_SCOPE_GAP
1412000034,Blocked_or_reference_only,interest,machinery_equipment,202608,1671.07,42528732,0,26273.0,25450.0,42528732,SOURCE_OR_SCOPE_GAP
1412000034,Blocked_or_reference_only,interest,machinery_equipment,202609,1671.07,42528732,0,26273.0,25450.0,42528732,SOURCE_OR_SCOPE_GAP
1412000034,Blocked_or_reference_only,interest,machinery_equipment,202610,1671.07,42528732,0,26273.0,25450.0,42528732,SOURCE_OR_SCOPE_GAP
1412000034,Blocked_or_reference_only,interest,machinery_equipment,202611,1671.07,42528732,0,26273.0,25450.0,42528732,SOURCE_OR_SCOPE_GAP
1412000034,Blocked_or_reference_only,interest,machinery_equipment,202612,1671.07,42528732,0,26273.0,25450.0,42528732,SOURCE_OR_SCOPE_GAP
1412000034,Blocked_or_reference_only,interest,machinery_equipment,202701,1671.07,42528732,0,26273.0,25450.0,42528732,SOURCE_OR_SCOPE_GAP
1412000034,Blocked_or_reference_only,interest,machinery_equipment,202702,1671.07,42528732,0,26273.0,25450.0,42528732,SOURCE_OR_SCOPE_GAP
1412000034,Blocked_or_reference_only,interest,machinery_equipment,202703,1671.07,42528732,0,26273.0,25450.0,42528732,SOURCE_OR_SCOPE_GAP
1412000034,Blocked_or_reference_only,interest,mold,202604,316.33,8050600,8973543,26273.0,25450.0,-922943,AMOUNT_MISMATCH
1412000034,Blocked_or_reference_only,interest,mold,202605,164.14,4177361,14648511,26273.0,25450.0,-10471150,AMOUNT_MISMATCH
1412000034,Blocked_or_reference_only,interest,mold,202606,164.14,4177361,19377651,26273.0,25450.0,-15200290,AMOUNT_MISMATCH
1412000034,Blocked_or_reference_only,interest,mold,202607,164.14,4177361,24106791,26273.0,25450.0,-19929430,AMOUNT_MISMATCH
1412000034,Blocked_or_reference_only,interest,mold,202608,155.84,3966126,25809281,26273.0,25450.0,-21843155,AMOUNT_MISMATCH
1412000034,Blocked_or_reference_only,interest,mold,202609,141.53,3601937,27511771,26273.0,25450.0,-23909834,AMOUNT_MISMATCH
1412000034,Blocked_or_reference_only,interest,mold,202610,141.53,3601937,31105917,26273.0,25450.0,-27503980,AMOUNT_MISMATCH
1412000034,Blocked_or_reference_only,interest,mold,202611,141.53,3601937,33754235,26273.0,25450.0,-30152298,AMOUNT_MISMATCH
1412000034,Blocked_or_reference_only,interest,mold,202612,141.53,3601937,36402553,26273.0,25450.0,-32800616,AMOUNT_MISMATCH
1412000034,Blocked_or_reference_only,interest,mold,202701,141.53,3601937,39050871,26273.0,25450.0,-35448934,AMOUNT_MISMATCH
1412000034,Blocked_or_reference_only,interest,mold,202702,141.53,3601937,42645017,26273.0,25450.0,-39043080,AMOUNT_MISMATCH
1412000034,Blocked_or_reference_only,interest,mold,202703,141.53,3601937,64207810,26273.0,25450.0,-60605873,AMOUNT_MISMATCH
1412000034,Blocked_or_reference_only,interest,tools_furniture_fixtures,202604,406.08,10334737,0,26273.0,25450.0,10334737,SOURCE_OR_SCOPE_GAP
1412000034,Blocked_or_reference_only,interest,tools_furniture_fixtures,202605,256.64,6531484,0,26273.0,25450.0,6531484,SOURCE_OR_SCOPE_GAP
1412000034,Blocked_or_reference_only,interest,tools_furniture_fixtures,202606,256.48,6527412,0,26273.0,25450.0,6527412,SOURCE_OR_SCOPE_GAP
1412000034,Blocked_or_reference_only,interest,tools_furniture_fixtures,202607,255.84,6511124,0,26273.0,25450.0,6511124,SOURCE_OR_SCOPE_GAP
1412000034,Blocked_or_reference_only,interest,tools_furniture_fixtures,202608,254.88,6486692,0,26273.0,25450.0,6486692,SOURCE_OR_SCOPE_GAP
1412000034,Blocked_or_reference_only,interest,tools_furniture_fixtures,202609,253.6,6454116,0,26273.0,25450.0,6454116,SOURCE_OR_SCOPE_GAP
1412000034,Blocked_or_reference_only,interest,tools_furniture_fixtures,202610,251.85,6409578,0,26273.0,25450.0,6409578,SOURCE_OR_SCOPE_GAP
1412000034,Blocked_or_reference_only,interest,tools_furniture_fixtures,202611,250.81,6383110,0,26273.0,25450.0,6383110,SOURCE_OR_SCOPE_GAP
1412000034,Blocked_or_reference_only,interest,tools_furniture_fixtures,202612,244.11,6212596,0,26273.0,25450.0,6212596,SOURCE_OR_SCOPE_GAP
1412000034,Blocked_or_reference_only,interest,tools_furniture_fixtures,202701,237.08,6033682,0,26273.0,25450.0,6033682,SOURCE_OR_SCOPE_GAP
1412000034,Blocked_or_reference_only,interest,tools_furniture_fixtures,202702,237.08,6033682,0,26273.0,25450.0,6033682,SOURCE_OR_SCOPE_GAP
1412000034,Blocked_or_reference_only,interest,tools_furniture_fixtures,202703,237.08,6033682,0,26273.0,25450.0,6033682,SOURCE_OR_SCOPE_GAP
1412000034,Blocked_or_reference_only,interest,vehicles,202604,3.19,81186,0,26273.0,25450.0,81186,SOURCE_OR_SCOPE_GAP
1412000034,Blocked_or_reference_only,interest,vehicles,202605,2.31,58790,0,26273.0,25450.0,58790,SOURCE_OR_SCOPE_GAP
1412000034,Blocked_or_reference_only,interest,vehicles,202606,2.31,58790,0,26273.0,25450.0,58790,SOURCE_OR_SCOPE_GAP
1412000034,Blocked_or_reference_only,interest,vehicles,202607,2.31,58790,0,26273.0,25450.0,58790,SOURCE_OR_SCOPE_GAP
1412000034,Blocked_or_reference_only,interest,vehicles,202608,2.31,58790,0,26273.0,25450.0,58790,SOURCE_OR_SCOPE_GAP
1412000034,Blocked_or_reference_only,interest,vehicles,202609,2.31,58790,0,26273.0,25450.0,58790,SOURCE_OR_SCOPE_GAP
1412000034,Blocked_or_reference_only,interest,vehicles,202610,2.31,58790,0,26273.0,25450.0,58790,SOURCE_OR_SCOPE_GAP
1412000034,Blocked_or_reference_only,interest,vehicles,202611,2.31,58790,0,26273.0,25450.0,58790,SOURCE_OR_SCOPE_GAP
1412000034,Blocked_or_reference_only,interest,vehicles,202612,2.31,58790,0,26273.0,25450.0,58790,SOURCE_OR_SCOPE_GAP
1412000034,Blocked_or_reference_only,interest,vehicles,202701,2.31,58790,0,26273.0,25450.0,58790,SOURCE_OR_SCOPE_GAP
1412000034,Blocked_or_reference_only,interest,vehicles,202702,2.31,58790,0,26273.0,25450.0,58790,SOURCE_OR_SCOPE_GAP
1412000034,Blocked_or_reference_only,interest,vehicles,202703,2.31,58790,0,26273.0,25450.0,58790,SOURCE_OR_SCOPE_GAP
1412000036,Simulated,depreciation,tools_furniture_fixtures,202604,0.0,0,11427404,26273.0,25450.0,-11427404,SOURCE_OR_SCOPE_GAP
1412000036,Simulated,depreciation,tools_furniture_fixtures,202605,0.0,0,24199001,26273.0,25450.0,-24199001,SOURCE_OR_SCOPE_GAP
1412000036,Simulated,depreciation,tools_furniture_fixtures,202606,0.0,0,24199001,26273.0,25450.0,-24199001,SOURCE_OR_SCOPE_GAP
1412000036,Simulated,depreciation,tools_furniture_fixtures,202607,0.0,0,26599677,26273.0,25450.0,-26599677,SOURCE_OR_SCOPE_GAP
1412000036,Simulated,depreciation,tools_furniture_fixtures,202608,0.0,0,26599677,26273.0,25450.0,-26599677,SOURCE_OR_SCOPE_GAP
1412000036,Simulated,depreciation,tools_furniture_fixtures,202609,0.0,0,26599677,26273.0,25450.0,-26599677,SOURCE_OR_SCOPE_GAP
1412000036,Simulated,depreciation,tools_furniture_fixtures,202610,0.0,0,26599677,26273.0,25450.0,-26599677,SOURCE_OR_SCOPE_GAP
1412000036,Simulated,depreciation,tools_furniture_fixtures,202611,0.0,0,26599677,26273.0,25450.0,-26599677,SOURCE_OR_SCOPE_GAP
1412000036,Simulated,depreciation,tools_furniture_fixtures,202612,0.0,0,26599677,26273.0,25450.0,-26599677,SOURCE_OR_SCOPE_GAP
1412000036,Simulated,depreciation,tools_furniture_fixtures,202701,0.0,0,26599677,26273.0,25450.0,-26599677,SOURCE_OR_SCOPE_GAP
1412000036,Simulated,depreciation,tools_furniture_fixtures,202702,0.0,0,26599677,26273.0,25450.0,-26599677,SOURCE_OR_SCOPE_GAP
1412000036,Simulated,depreciation,tools_furniture_fixtures,202703,0.0,0,26599677,26273.0,25450.0,-26599677,SOURCE_OR_SCOPE_GAP
1412000036,Simulated,depreciation,vehicles,202604,65.06,1655777,4576492,26273.0,25450.0,-2920715,AMOUNT_MISMATCH
1412000036,Simulated,depreciation,vehicles,202605,65.06,1655777,6659825,26273.0,25450.0,-5004048,AMOUNT_MISMATCH
1412000036,Simulated,depreciation,vehicles,202606,65.06,1655777,7743158,26273.0,25450.0,-6087381,AMOUNT_MISMATCH
1412000036,Simulated,depreciation,vehicles,202607,65.06,1655777,7743158,26273.0,25450.0,-6087381,AMOUNT_MISMATCH
1412000036,Simulated,depreciation,vehicles,202608,65.06,1655777,7743158,26273.0,25450.0,-6087381,AMOUNT_MISMATCH
1412000036,Simulated,depreciation,vehicles,202609,65.06,1655777,7743158,26273.0,25450.0,-6087381,AMOUNT_MISMATCH
1412000036,Simulated,depreciation,vehicles,202610,65.06,1655777,7743158,26273.0,25450.0,-6087381,AMOUNT_MISMATCH
1412000036,Simulated,depreciation,vehicles,202611,65.06,1655777,7743158,26273.0,25450.0,-6087381,AMOUNT_MISMATCH
1412000036,Simulated,depreciation,vehicles,202612,65.06,1655777,7743158,26273.0,25450.0,-6087381,AMOUNT_MISMATCH
1412000036,Simulated,depreciation,vehicles,202701,65.06,1655777,7743158,26273.0,25450.0,-6087381,AMOUNT_MISMATCH
1412000036,Simulated,depreciation,vehicles,202702,65.06,1655777,7743158,26273.0,25450.0,-6087381,AMOUNT_MISMATCH
1412000036,Simulated,depreciation,vehicles,202703,65.06,1655777,7743158,26273.0,25450.0,-6087381,AMOUNT_MISMATCH
1412000036,Simulated,interest,vehicles,202604,13.46,342556,0,26273.0,25450.0,342556,SOURCE_OR_SCOPE_GAP
1412000036,Simulated,interest,vehicles,202605,11.86,301837,0,26273.0,25450.0,301837,SOURCE_OR_SCOPE_GAP
1412000036,Simulated,interest,vehicles,202606,11.86,301837,0,26273.0,25450.0,301837,SOURCE_OR_SCOPE_GAP
1412000036,Simulated,interest,vehicles,202607,11.86,301837,0,26273.0,25450.0,301837,SOURCE_OR_SCOPE_GAP
1412000036,Simulated,interest,vehicles,202608,11.86,301837,0,26273.0,25450.0,301837,SOURCE_OR_SCOPE_GAP
1412000036,Simulated,interest,vehicles,202609,11.86,301837,0,26273.0,25450.0,301837,SOURCE_OR_SCOPE_GAP
1412000036,Simulated,interest,vehicles,202610,11.86,301837,0,26273.0,25450.0,301837,SOURCE_OR_SCOPE_GAP
1412000036,Simulated,interest,vehicles,202611,11.86,301837,0,26273.0,25450.0,301837,SOURCE_OR_SCOPE_GAP
1412000036,Simulated,interest,vehicles,202612,11.86,301837,0,26273.0,25450.0,301837,SOURCE_OR_SCOPE_GAP
1412000036,Simulated,interest,vehicles,202701,11.86,301837,0,26273.0,25450.0,301837,SOURCE_OR_SCOPE_GAP
1412000036,Simulated,interest,vehicles,202702,11.86,301837,0,26273.0,25450.0,301837,SOURCE_OR_SCOPE_GAP
1412000036,Simulated,interest,vehicles,202703,11.86,301837,0,26273.0,25450.0,301837,SOURCE_OR_SCOPE_GAP
1412000039,Simulated,depreciation,tools_furniture_fixtures,202604,255.41,6500184,21423267,26273.0,25450.0,-14923083,AMOUNT_MISMATCH
1412000039,Simulated,depreciation,tools_furniture_fixtures,202605,255.41,6500184,21423267,26273.0,25450.0,-14923083,AMOUNT_MISMATCH
1412000039,Simulated,depreciation,tools_furniture_fixtures,202606,255.41,6500184,14954854,26273.0,25450.0,-8454670,AMOUNT_MISMATCH
1412000039,Simulated,depreciation,tools_furniture_fixtures,202607,0.0,0,14712880,26273.0,25450.0,-14712880,SOURCE_OR_SCOPE_GAP
1412000039,Simulated,depreciation,tools_furniture_fixtures,202608,0.0,0,14712880,26273.0,25450.0,-14712880,SOURCE_OR_SCOPE_GAP
1412000039,Simulated,depreciation,tools_furniture_fixtures,202609,0.0,0,17632073,26273.0,25450.0,-17632073,SOURCE_OR_SCOPE_GAP
1412000039,Simulated,depreciation,tools_furniture_fixtures,202610,0.0,0,23039845,26273.0,25450.0,-23039845,SOURCE_OR_SCOPE_GAP
1412000039,Simulated,depreciation,tools_furniture_fixtures,202611,0.0,0,23039845,26273.0,25450.0,-23039845,SOURCE_OR_SCOPE_GAP
1412000039,Simulated,depreciation,tools_furniture_fixtures,202612,0.0,0,23039845,26273.0,25450.0,-23039845,SOURCE_OR_SCOPE_GAP
1412000039,Simulated,depreciation,tools_furniture_fixtures,202701,0.0,0,55297309,26273.0,25450.0,-55297309,SOURCE_OR_SCOPE_GAP
1412000039,Simulated,depreciation,tools_furniture_fixtures,202702,0.0,0,55297309,26273.0,25450.0,-55297309,SOURCE_OR_SCOPE_GAP
1412000039,Simulated,depreciation,tools_furniture_fixtures,202703,0.0,0,55297309,26273.0,25450.0,-55297309,SOURCE_OR_SCOPE_GAP
1412000039,Simulated,interest,machinery_equipment,202604,0.0,0,282435,26273.0,25450.0,-282435,SOURCE_OR_SCOPE_GAP
1412000039,Simulated,interest,machinery_equipment,202605,0.0,0,2689304,26273.0,25450.0,-2689304,SOURCE_OR_SCOPE_GAP
1412000039,Simulated,interest,machinery_equipment,202606,0.0,0,2689304,26273.0,25450.0,-2689304,SOURCE_OR_SCOPE_GAP
1412000039,Simulated,interest,machinery_equipment,202607,0.0,0,2648318,26273.0,25450.0,-2648318,SOURCE_OR_SCOPE_GAP
1412000039,Simulated,interest,machinery_equipment,202608,0.0,0,2648318,26273.0,25450.0,-2648318,SOURCE_OR_SCOPE_GAP
1412000039,Simulated,interest,machinery_equipment,202609,0.0,0,2648318,26273.0,25450.0,-2648318,SOURCE_OR_SCOPE_GAP
1412000039,Simulated,interest,machinery_equipment,202610,0.0,0,2963594,26273.0,25450.0,-2963594,SOURCE_OR_SCOPE_GAP
1412000039,Simulated,interest,machinery_equipment,202611,0.0,0,3547643,26273.0,25450.0,-3547643,SOURCE_OR_SCOPE_GAP
1412000039,Simulated,interest,machinery_equipment,202612,0.0,0,3547643,26273.0,25450.0,-3547643,SOURCE_OR_SCOPE_GAP
1412000039,Simulated,interest,machinery_equipment,202701,0.0,0,3547643,26273.0,25450.0,-3547643,SOURCE_OR_SCOPE_GAP
1412000039,Simulated,interest,machinery_equipment,202702,0.0,0,7788105,26273.0,25450.0,-7788105,SOURCE_OR_SCOPE_GAP
1412000039,Simulated,interest,machinery_equipment,202703,0.0,0,7788105,26273.0,25450.0,-7788105,SOURCE_OR_SCOPE_GAP
1412000039,Simulated,interest,tools_furniture_fixtures,202604,10.75,273588,0,26273.0,25450.0,273588,SOURCE_OR_SCOPE_GAP
1412000039,Simulated,interest,tools_furniture_fixtures,202605,1.56,39702,0,26273.0,25450.0,39702,SOURCE_OR_SCOPE_GAP
1412000039,Simulated,interest,tools_furniture_fixtures,202606,1.56,39702,0,26273.0,25450.0,39702,SOURCE_OR_SCOPE_GAP
1412000040,Observed,depreciation,tools_furniture_fixtures,202604,165.39,4209176,4345291,,25450.0,-136115,AMOUNT_MISMATCH
1412000040,Observed,depreciation,tools_furniture_fixtures,202605,165.39,4209176,8359280,,25450.0,-4150104,AMOUNT_MISMATCH
1412000040,Observed,depreciation,tools_furniture_fixtures,202606,165.39,4209176,12738201,,25450.0,-8529025,AMOUNT_MISMATCH
1412000040,Observed,depreciation,tools_furniture_fixtures,202607,165.39,4209176,12738201,,25450.0,-8529025,AMOUNT_MISMATCH
1412000040,Observed,depreciation,tools_furniture_fixtures,202608,165.39,4209176,12738201,,25450.0,-8529025,AMOUNT_MISMATCH
1412000040,Observed,depreciation,tools_furniture_fixtures,202609,165.39,4209176,12738201,,25450.0,-8529025,AMOUNT_MISMATCH
1412000040,Observed,depreciation,tools_furniture_fixtures,202610,165.39,4209176,12738201,,25450.0,-8529025,AMOUNT_MISMATCH
1412000040,Observed,depreciation,tools_furniture_fixtures,202611,165.39,4209176,12738201,,25450.0,-8529025,AMOUNT_MISMATCH
1412000040,Observed,depreciation,tools_furniture_fixtures,202612,165.39,4209176,12738201,,25450.0,-8529025,AMOUNT_MISMATCH
1412000040,Observed,depreciation,tools_furniture_fixtures,202701,165.39,4209176,12738201,,25450.0,-8529025,AMOUNT_MISMATCH
1412000040,Observed,depreciation,tools_furniture_fixtures,202702,165.39,4209176,12738201,,25450.0,-8529025,AMOUNT_MISMATCH
1412000040,Observed,depreciation,tools_furniture_fixtures,202703,165.39,4209176,12738201,,25450.0,-8529025,AMOUNT_MISMATCH
1412000040,Observed,interest,tools_furniture_fixtures,202604,17.88,455046,469761,,25450.0,-14715,AMOUNT_MISMATCH
1412000040,Observed,interest,tools_furniture_fixtures,202605,14.9,379205,391468,,25450.0,-12263,AMOUNT_MISMATCH
1412000040,Observed,interest,tools_furniture_fixtures,202606,14.9,379205,824972,,25450.0,-445767,AMOUNT_MISMATCH
1412000040,Observed,interest,tools_furniture_fixtures,202607,14.9,379205,1297886,,25450.0,-918681,AMOUNT_MISMATCH
1412000040,Observed,interest,tools_furniture_fixtures,202608,14.9,379205,1297886,,25450.0,-918681,AMOUNT_MISMATCH
1412000040,Observed,interest,tools_furniture_fixtures,202609,14.9,379205,1297886,,25450.0,-918681,AMOUNT_MISMATCH
1412000040,Observed,interest,tools_furniture_fixtures,202610,14.9,379205,1297886,,25450.0,-918681,AMOUNT_MISMATCH
1412000040,Observed,interest,tools_furniture_fixtures,202611,14.9,379205,1297886,,25450.0,-918681,AMOUNT_MISMATCH
1412000040,Observed,interest,tools_furniture_fixtures,202612,14.9,379205,1297886,,25450.0,-918681,AMOUNT_MISMATCH
1412000040,Observed,interest,tools_furniture_fixtures,202701,14.9,379205,1297886,,25450.0,-918681,AMOUNT_MISMATCH
1412000040,Observed,interest,tools_furniture_fixtures,202702,14.9,379205,1297886,,25450.0,-918681,AMOUNT_MISMATCH
1412000040,Observed,interest,tools_furniture_fixtures,202703,14.9,379205,1297886,,25450.0,-918681,AMOUNT_MISMATCH
1412000044,Simulated,depreciation,machinery_equipment,202604,1863.54,47427093,48960787,26273.0,25450.0,-1533694,FX_RATE_ONLY
1412000044,Simulated,depreciation,machinery_equipment,202605,1863.54,47427093,48960787,26273.0,25450.0,-1533694,FX_RATE_ONLY
1412000044,Simulated,depreciation,machinery_equipment,202606,1863.54,47427093,48960787,26273.0,25450.0,-1533694,FX_RATE_ONLY
1412000044,Simulated,depreciation,machinery_equipment,202607,1863.54,47427093,48960787,26273.0,25450.0,-1533694,FX_RATE_ONLY
1412000044,Simulated,depreciation,machinery_equipment,202608,1863.54,47427093,48960787,26273.0,25450.0,-1533694,FX_RATE_ONLY
1412000044,Simulated,depreciation,machinery_equipment,202609,1863.54,47427093,62097287,26273.0,25450.0,-14670194,AMOUNT_MISMATCH
1412000044,Simulated,depreciation,machinery_equipment,202610,1863.54,47427093,62097287,26273.0,25450.0,-14670194,AMOUNT_MISMATCH
1412000044,Simulated,depreciation,machinery_equipment,202611,1863.55,47427348,37961070,26273.0,25450.0,9466278,AMOUNT_MISMATCH
1412000044,Simulated,depreciation,machinery_equipment,202612,0.0,0,13136500,26273.0,25450.0,-13136500,SOURCE_OR_SCOPE_GAP
1412000044,Simulated,depreciation,machinery_equipment,202701,0.0,0,13136500,26273.0,25450.0,-13136500,SOURCE_OR_SCOPE_GAP
1412000044,Simulated,depreciation,machinery_equipment,202702,0.0,0,13136500,26273.0,25450.0,-13136500,SOURCE_OR_SCOPE_GAP
1412000044,Simulated,depreciation,machinery_equipment,202703,0.0,0,13136500,26273.0,25450.0,-13136500,SOURCE_OR_SCOPE_GAP
1412000044,Simulated,depreciation,tools_furniture_fixtures,202605,0.0,0,4594856,26273.0,25450.0,-4594856,SOURCE_OR_SCOPE_GAP
1412000044,Simulated,depreciation,tools_furniture_fixtures,202606,0.0,0,8973690,26273.0,25450.0,-8973690,SOURCE_OR_SCOPE_GAP
1412000044,Simulated,depreciation,tools_furniture_fixtures,202607,0.0,0,12622718,26273.0,25450.0,-12622718,SOURCE_OR_SCOPE_GAP
1412000044,Simulated,depreciation,tools_furniture_fixtures,202608,0.0,0,12622718,26273.0,25450.0,-12622718,SOURCE_OR_SCOPE_GAP
1412000044,Simulated,depreciation,tools_furniture_fixtures,202609,0.0,0,12622718,26273.0,25450.0,-12622718,SOURCE_OR_SCOPE_GAP
1412000044,Simulated,depreciation,tools_furniture_fixtures,202610,0.0,0,12622718,26273.0,25450.0,-12622718,SOURCE_OR_SCOPE_GAP
1412000044,Simulated,depreciation,tools_furniture_fixtures,202611,0.0,0,12622718,26273.0,25450.0,-12622718,SOURCE_OR_SCOPE_GAP
1412000044,Simulated,depreciation,tools_furniture_fixtures,202612,0.0,0,12622718,26273.0,25450.0,-12622718,SOURCE_OR_SCOPE_GAP
1412000044,Simulated,depreciation,tools_furniture_fixtures,202701,0.0,0,12622718,26273.0,25450.0,-12622718,SOURCE_OR_SCOPE_GAP
1412000044,Simulated,depreciation,tools_furniture_fixtures,202702,0.0,0,12622718,26273.0,25450.0,-12622718,SOURCE_OR_SCOPE_GAP
1412000044,Simulated,depreciation,tools_furniture_fixtures,202703,0.0,0,12622718,26273.0,25450.0,-12622718,SOURCE_OR_SCOPE_GAP
1412000044,Simulated,depreciation,vehicles,202604,238.51,6070080,6266374,26273.0,25450.0,-196294,FX_RATE_ONLY
1412000044,Simulated,depreciation,vehicles,202605,238.51,6070080,6266374,26273.0,25450.0,-196294,FX_RATE_ONLY
1412000044,Simulated,depreciation,vehicles,202606,238.51,6070080,6266374,26273.0,25450.0,-196294,FX_RATE_ONLY
1412000044,Simulated,depreciation,vehicles,202607,238.51,6070080,6266374,26273.0,25450.0,-196294,FX_RATE_ONLY
1412000044,Simulated,depreciation,vehicles,202608,238.51,6070080,6266374,26273.0,25450.0,-196294,FX_RATE_ONLY
1412000044,Simulated,depreciation,vehicles,202609,238.51,6070080,6266374,26273.0,25450.0,-196294,FX_RATE_ONLY
1412000044,Simulated,depreciation,vehicles,202610,238.51,6070080,6266374,26273.0,25450.0,-196294,FX_RATE_ONLY
1412000044,Simulated,depreciation,vehicles,202611,238.51,6070080,6266374,26273.0,25450.0,-196294,FX_RATE_ONLY
1412000044,Simulated,depreciation,vehicles,202612,238.51,6070080,6266374,26273.0,25450.0,-196294,FX_RATE_ONLY
1412000044,Simulated,depreciation,vehicles,202701,238.51,6070080,6266374,26273.0,25450.0,-196294,FX_RATE_ONLY
1412000044,Simulated,depreciation,vehicles,202702,238.51,6070080,6266374,26273.0,25450.0,-196294,FX_RATE_ONLY
1412000044,Simulated,depreciation,vehicles,202703,238.51,6070080,6266374,26273.0,25450.0,-196294,FX_RATE_ONLY
1412000044,Simulated,interest,machinery_equipment,202604,109.06,2775577,4205520,26273.0,25450.0,-1429943,AMOUNT_MISMATCH
1412000044,Simulated,interest,machinery_equipment,202605,41.97,1068136,4205520,26273.0,25450.0,-3137384,AMOUNT_MISMATCH
1412000044,Simulated,interest,machinery_equipment,202606,41.97,1068136,4701765,26273.0,25450.0,-3633629,AMOUNT_MISMATCH
1412000044,Simulated,interest,machinery_equipment,202607,41.97,1068136,5174679,26273.0,25450.0,-4106543,AMOUNT_MISMATCH
1412000044,Simulated,interest,machinery_equipment,202608,41.97,1068136,5568774,26273.0,25450.0,-4500638,AMOUNT_MISMATCH
1412000044,Simulated,interest,machinery_equipment,202609,41.97,1068136,5568774,26273.0,25450.0,-4500638,AMOUNT_MISMATCH
1412000044,Simulated,interest,machinery_equipment,202610,41.97,1068136,7933344,26273.0,25450.0,-6865208,AMOUNT_MISMATCH
1412000044,Simulated,interest,machinery_equipment,202611,41.97,1068136,7933344,26273.0,25450.0,-6865208,AMOUNT_MISMATCH
1412000044,Simulated,interest,machinery_equipment,202612,0.0,0,7933344,26273.0,25450.0,-7933344,SOURCE_OR_SCOPE_GAP
1412000044,Simulated,interest,machinery_equipment,202701,0.0,0,5068010,26273.0,25450.0,-5068010,SOURCE_OR_SCOPE_GAP
1412000044,Simulated,interest,machinery_equipment,202702,0.0,0,5068010,26273.0,25450.0,-5068010,SOURCE_OR_SCOPE_GAP
1412000044,Simulated,interest,machinery_equipment,202703,0.0,0,5068010,26273.0,25450.0,-5068010,SOURCE_OR_SCOPE_GAP
1412000044,Simulated,interest,vehicles,202604,51.01,1298204,0,26273.0,25450.0,1298204,SOURCE_OR_SCOPE_GAP
1412000044,Simulated,interest,vehicles,202605,42.42,1079589,0,26273.0,25450.0,1079589,SOURCE_OR_SCOPE_GAP
1412000044,Simulated,interest,vehicles,202606,42.42,1079589,0,26273.0,25450.0,1079589,SOURCE_OR_SCOPE_GAP
1412000044,Simulated,interest,vehicles,202607,42.42,1079589,0,26273.0,25450.0,1079589,SOURCE_OR_SCOPE_GAP
1412000044,Simulated,interest,vehicles,202608,42.42,1079589,0,26273.0,25450.0,1079589,SOURCE_OR_SCOPE_GAP
1412000044,Simulated,interest,vehicles,202609,42.42,1079589,0,26273.0,25450.0,1079589,SOURCE_OR_SCOPE_GAP
1412000044,Simulated,interest,vehicles,202610,42.42,1079589,0,26273.0,25450.0,1079589,SOURCE_OR_SCOPE_GAP
1412000044,Simulated,interest,vehicles,202611,42.42,1079589,0,26273.0,25450.0,1079589,SOURCE_OR_SCOPE_GAP
1412000044,Simulated,interest,vehicles,202612,42.42,1079589,0,26273.0,25450.0,1079589,SOURCE_OR_SCOPE_GAP
1412000044,Simulated,interest,vehicles,202701,42.42,1079589,0,26273.0,25450.0,1079589,SOURCE_OR_SCOPE_GAP
1412000044,Simulated,interest,vehicles,202702,42.42,1079589,0,26273.0,25450.0,1079589,SOURCE_OR_SCOPE_GAP
1412000044,Simulated,interest,vehicles,202703,42.42,1079589,0,26273.0,25450.0,1079589,SOURCE_OR_SCOPE_GAP
1412000050,Simulated,depreciation,machinery_equipment,202604,2377.96,60519082,0,26273.0,25450.0,60519082,SOURCE_OR_SCOPE_GAP
1412000050,Simulated,depreciation,machinery_equipment,202605,2377.96,60519082,0,26273.0,25450.0,60519082,SOURCE_OR_SCOPE_GAP
1412000050,Simulated,depreciation,machinery_equipment,202606,2377.96,60519082,0,26273.0,25450.0,60519082,SOURCE_OR_SCOPE_GAP
1412000050,Simulated,depreciation,machinery_equipment,202607,2377.96,60519082,0,26273.0,25450.0,60519082,SOURCE_OR_SCOPE_GAP
1412000050,Simulated,depreciation,machinery_equipment,202608,2377.96,60519082,0,26273.0,25450.0,60519082,SOURCE_OR_SCOPE_GAP
1412000050,Simulated,depreciation,machinery_equipment,202609,2377.96,60519082,0,26273.0,25450.0,60519082,SOURCE_OR_SCOPE_GAP
1412000050,Simulated,depreciation,machinery_equipment,202610,2377.96,60519082,0,26273.0,25450.0,60519082,SOURCE_OR_SCOPE_GAP
1412000050,Simulated,depreciation,machinery_equipment,202611,2377.96,60519082,0,26273.0,25450.0,60519082,SOURCE_OR_SCOPE_GAP
1412000050,Simulated,depreciation,machinery_equipment,202612,2377.96,60519082,0,26273.0,25450.0,60519082,SOURCE_OR_SCOPE_GAP
1412000050,Simulated,depreciation,machinery_equipment,202701,2377.96,60519082,0,26273.0,25450.0,60519082,SOURCE_OR_SCOPE_GAP
1412000050,Simulated,depreciation,machinery_equipment,202702,2377.96,60519082,0,26273.0,25450.0,60519082,SOURCE_OR_SCOPE_GAP
1412000050,Simulated,depreciation,machinery_equipment,202703,2377.96,60519082,0,26273.0,25450.0,60519082,SOURCE_OR_SCOPE_GAP
1412000050,Simulated,depreciation,tools_furniture_fixtures,202604,3374.22,85873899,153256704,26273.0,25450.0,-67382805,AMOUNT_MISMATCH
1412000050,Simulated,depreciation,tools_furniture_fixtures,202605,3374.22,85873899,153256704,26273.0,25450.0,-67382805,AMOUNT_MISMATCH
1412000050,Simulated,depreciation,tools_furniture_fixtures,202606,3374.22,85873899,153256704,26273.0,25450.0,-67382805,AMOUNT_MISMATCH
1412000050,Simulated,depreciation,tools_furniture_fixtures,202607,3374.21,85873645,146875423,26273.0,25450.0,-61001778,AMOUNT_MISMATCH
1412000050,Simulated,depreciation,tools_furniture_fixtures,202608,3123.29,79487731,190725897,26273.0,25450.0,-111238166,AMOUNT_MISMATCH
1412000050,Simulated,depreciation,tools_furniture_fixtures,202609,3123.29,79487731,183312594,26273.0,25450.0,-103824863,AMOUNT_MISMATCH
1412000050,Simulated,depreciation,tools_furniture_fixtures,202610,2832.24,72080508,183046252,26273.0,25450.0,-110965744,AMOUNT_MISMATCH
1412000050,Simulated,depreciation,tools_furniture_fixtures,202611,2832.24,72080508,183046252,26273.0,25450.0,-110965744,AMOUNT_MISMATCH
1412000050,Simulated,depreciation,tools_furniture_fixtures,202612,2832.24,72080508,183046252,26273.0,25450.0,-110965744,AMOUNT_MISMATCH
1412000050,Simulated,depreciation,tools_furniture_fixtures,202701,2832.24,72080508,183046252,26273.0,25450.0,-110965744,AMOUNT_MISMATCH
1412000050,Simulated,depreciation,tools_furniture_fixtures,202702,2832.24,72080508,183046252,26273.0,25450.0,-110965744,AMOUNT_MISMATCH
1412000050,Simulated,depreciation,tools_furniture_fixtures,202703,2832.24,72080508,183046252,26273.0,25450.0,-110965744,AMOUNT_MISMATCH
1412000050,Simulated,interest,machinery_equipment,202604,390.44,9936698,0,26273.0,25450.0,9936698,SOURCE_OR_SCOPE_GAP
1412000050,Simulated,interest,machinery_equipment,202605,334.94,8524223,0,26273.0,25450.0,8524223,SOURCE_OR_SCOPE_GAP
1412000050,Simulated,interest,machinery_equipment,202606,334.94,8524223,0,26273.0,25450.0,8524223,SOURCE_OR_SCOPE_GAP
1412000050,Simulated,interest,machinery_equipment,202607,334.94,8524223,0,26273.0,25450.0,8524223,SOURCE_OR_SCOPE_GAP
1412000050,Simulated,interest,machinery_equipment,202608,334.94,8524223,0,26273.0,25450.0,8524223,SOURCE_OR_SCOPE_GAP
1412000050,Simulated,interest,machinery_equipment,202609,334.94,8524223,0,26273.0,25450.0,8524223,SOURCE_OR_SCOPE_GAP
1412000050,Simulated,interest,machinery_equipment,202610,334.94,8524223,0,26273.0,25450.0,8524223,SOURCE_OR_SCOPE_GAP
1412000050,Simulated,interest,machinery_equipment,202611,334.94,8524223,0,26273.0,25450.0,8524223,SOURCE_OR_SCOPE_GAP
1412000050,Simulated,interest,machinery_equipment,202612,334.94,8524223,0,26273.0,25450.0,8524223,SOURCE_OR_SCOPE_GAP
1412000050,Simulated,interest,machinery_equipment,202701,334.94,8524223,0,26273.0,25450.0,8524223,SOURCE_OR_SCOPE_GAP
1412000050,Simulated,interest,machinery_equipment,202702,334.94,8524223,0,26273.0,25450.0,8524223,SOURCE_OR_SCOPE_GAP
1412000050,Simulated,interest,machinery_equipment,202703,334.94,8524223,0,26273.0,25450.0,8524223,SOURCE_OR_SCOPE_GAP
1412000050,Simulated,interest,tools_furniture_fixtures,202604,337.95,8600828,0,26273.0,25450.0,8600828,SOURCE_OR_SCOPE_GAP
1412000050,Simulated,interest,tools_furniture_fixtures,202605,226.83,5772823,0,26273.0,25450.0,5772823,SOURCE_OR_SCOPE_GAP
1412000050,Simulated,interest,tools_furniture_fixtures,202606,226.83,5772823,0,26273.0,25450.0,5772823,SOURCE_OR_SCOPE_GAP
1412000050,Simulated,interest,tools_furniture_fixtures,202607,226.83,5772823,0,26273.0,25450.0,5772823,SOURCE_OR_SCOPE_GAP
1412000050,Simulated,interest,tools_furniture_fixtures,202608,224.54,5714543,0,26273.0,25450.0,5714543,SOURCE_OR_SCOPE_GAP
1412000050,Simulated,interest,tools_furniture_fixtures,202609,224.54,5714543,0,26273.0,25450.0,5714543,SOURCE_OR_SCOPE_GAP
1412000050,Simulated,interest,tools_furniture_fixtures,202610,220.14,5602563,0,26273.0,25450.0,5602563,SOURCE_OR_SCOPE_GAP
1412000050,Simulated,interest,tools_furniture_fixtures,202611,220.14,5602563,0,26273.0,25450.0,5602563,SOURCE_OR_SCOPE_GAP
1412000050,Simulated,interest,tools_furniture_fixtures,202612,220.14,5602563,0,26273.0,25450.0,5602563,SOURCE_OR_SCOPE_GAP
1412000050,Simulated,interest,tools_furniture_fixtures,202701,220.14,5602563,0,26273.0,25450.0,5602563,SOURCE_OR_SCOPE_GAP
1412000050,Simulated,interest,tools_furniture_fixtures,202702,220.14,5602563,0,26273.0,25450.0,5602563,SOURCE_OR_SCOPE_GAP
1412000050,Simulated,interest,tools_furniture_fixtures,202703,220.14,5602563,0,26273.0,25450.0,5602563,SOURCE_OR_SCOPE_GAP
1412000056,Simulated,depreciation,machinery_equipment,202604,36139.07,919739327,930704210,26273.0,25450.0,-10964883,AMOUNT_MISMATCH
1412000056,Simulated,depreciation,machinery_equipment,202605,34689.21,882840390,880430299,26273.0,25450.0,2410091,AMOUNT_MISMATCH
1412000056,Simulated,depreciation,machinery_equipment,202606,32298.95,822008274,880430299,26273.0,25450.0,-58422025,AMOUNT_MISMATCH
1412000056,Simulated,depreciation,machinery_equipment,202607,23242.12,591511952,775704970,26273.0,25450.0,-184193018,AMOUNT_MISMATCH
1412000056,Simulated,depreciation,machinery_equipment,202608,23242.12,591511952,783291362,26273.0,25450.0,-191779410,AMOUNT_MISMATCH
1412000056,Simulated,depreciation,machinery_equipment,202609,23242.11,591511697,839590648,26273.0,25450.0,-248078951,AMOUNT_MISMATCH
1412000056,Simulated,depreciation,machinery_equipment,202610,22868.49,582003068,872311192,26273.0,25450.0,-290308124,AMOUNT_MISMATCH
1412000056,Simulated,depreciation,machinery_equipment,202611,22868.49,582003068,925764510,26273.0,25450.0,-343761442,AMOUNT_MISMATCH
1412000056,Simulated,depreciation,machinery_equipment,202612,18301.83,465781571,920290868,26273.0,25450.0,-454509297,AMOUNT_MISMATCH
1412000056,Simulated,depreciation,machinery_equipment,202701,18301.83,465781571,979059891,26273.0,25450.0,-513278320,AMOUNT_MISMATCH
1412000056,Simulated,depreciation,machinery_equipment,202702,18301.83,465781571,979059891,26273.0,25450.0,-513278320,AMOUNT_MISMATCH
1412000056,Simulated,depreciation,machinery_equipment,202703,18301.83,465781571,979059891,26273.0,25450.0,-513278320,AMOUNT_MISMATCH
1412000056,Simulated,depreciation,mold,202604,187.64,4775438,4929866,26273.0,25450.0,-154428,FX_RATE_ONLY
1412000056,Simulated,depreciation,mold,202605,187.64,4775438,4929866,26273.0,25450.0,-154428,FX_RATE_ONLY
1412000056,Simulated,depreciation,mold,202606,187.64,4775438,4929866,26273.0,25450.0,-154428,FX_RATE_ONLY
1412000056,Simulated,depreciation,mold,202607,187.65,4775692,4929866,26273.0,25450.0,-154174,AMOUNT_MISMATCH
1412000056,Simulated,depreciation,tools_furniture_fixtures,202604,3542.88,90166297,97460919,26273.0,25450.0,-7294622,AMOUNT_MISMATCH
1412000056,Simulated,depreciation,tools_furniture_fixtures,202605,3542.88,90166297,97460919,26273.0,25450.0,-7294622,AMOUNT_MISMATCH
1412000056,Simulated,depreciation,tools_furniture_fixtures,202606,3542.88,90166297,97460919,26273.0,25450.0,-7294622,AMOUNT_MISMATCH
1412000056,Simulated,depreciation,tools_furniture_fixtures,202607,3542.88,90166297,88929288,26273.0,25450.0,1237009,AMOUNT_MISMATCH
1412000056,Simulated,depreciation,tools_furniture_fixtures,202608,3206.0,81592701,88610071,26273.0,25450.0,-7017370,AMOUNT_MISMATCH
1412000056,Simulated,depreciation,tools_furniture_fixtures,202609,3206.0,81592701,88610071,26273.0,25450.0,-7017370,AMOUNT_MISMATCH
1412000056,Simulated,depreciation,tools_furniture_fixtures,202610,3206.0,81592700,60085738,26273.0,25450.0,21506962,AMOUNT_MISMATCH
1412000056,Simulated,depreciation,tools_furniture_fixtures,202611,2079.75,52929637,59020105,26273.0,25450.0,-6090468,AMOUNT_MISMATCH
1412000056,Simulated,depreciation,tools_furniture_fixtures,202612,2079.75,52929637,59020105,26273.0,25450.0,-6090468,AMOUNT_MISMATCH
1412000056,Simulated,depreciation,tools_furniture_fixtures,202701,2079.75,52929637,59020105,26273.0,25450.0,-6090468,AMOUNT_MISMATCH
1412000056,Simulated,depreciation,tools_furniture_fixtures,202702,2079.75,52929637,59020105,26273.0,25450.0,-6090468,AMOUNT_MISMATCH
1412000056,Simulated,depreciation,tools_furniture_fixtures,202703,2079.75,52929637,47102672,26273.0,25450.0,5826965,AMOUNT_MISMATCH
1412000056,Simulated,interest,machinery_equipment,202604,2989.64,76086342,81496218,26273.0,25450.0,-5409876,AMOUNT_MISMATCH
1412000056,Simulated,interest,machinery_equipment,202605,1686.39,42918624,49071395,26273.0,25450.0,-6152771,AMOUNT_MISMATCH
1412000056,Simulated,interest,machinery_equipment,202606,1675.59,42643764,48787647,26273.0,25450.0,-6143883,AMOUNT_MISMATCH
1412000056,Simulated,interest,machinery_equipment,202607,1607.48,40910366,46998193,26273.0,25450.0,-6087827,AMOUNT_MISMATCH
1412000056,Simulated,interest,machinery_equipment,202608,1607.48,40910366,58050719,26273.0,25450.0,-17140353,AMOUNT_MISMATCH
1412000056,Simulated,interest,machinery_equipment,202609,1607.48,40910366,90366509,26273.0,25450.0,-49456143,AMOUNT_MISMATCH
1412000056,Simulated,interest,machinery_equipment,202610,1600.75,40739088,104377111,26273.0,25450.0,-63638023,AMOUNT_MISMATCH
1412000056,Simulated,interest,machinery_equipment,202611,1600.75,40739088,114560710,26273.0,25450.0,-73821622,AMOUNT_MISMATCH
1412000056,Simulated,interest,machinery_equipment,202612,1497.9,38121556,133533757,26273.0,25450.0,-95412201,AMOUNT_MISMATCH
1412000056,Simulated,interest,machinery_equipment,202701,1497.9,38121556,147484720,26273.0,25450.0,-109363164,AMOUNT_MISMATCH
1412000056,Simulated,interest,machinery_equipment,202702,1497.9,38121556,156300073,26273.0,25450.0,-118178517,AMOUNT_MISMATCH
1412000056,Simulated,interest,machinery_equipment,202703,1497.9,38121556,156300073,26273.0,25450.0,-118178517,AMOUNT_MISMATCH
1412000056,Simulated,interest,mold,202604,9.01,229304,0,26273.0,25450.0,229304,SOURCE_OR_SCOPE_GAP
1412000056,Simulated,interest,mold,202605,2.25,57262,0,26273.0,25450.0,57262,SOURCE_OR_SCOPE_GAP
1412000056,Simulated,interest,mold,202606,2.25,57262,0,26273.0,25450.0,57262,SOURCE_OR_SCOPE_GAP
1412000056,Simulated,interest,mold,202607,2.25,57262,0,26273.0,25450.0,57262,SOURCE_OR_SCOPE_GAP
1412000056,Simulated,interest,tools_furniture_fixtures,202604,288.67,7346650,0,26273.0,25450.0,7346650,SOURCE_OR_SCOPE_GAP
1412000056,Simulated,interest,tools_furniture_fixtures,202605,161.11,4100250,0,26273.0,25450.0,4100250,SOURCE_OR_SCOPE_GAP
1412000056,Simulated,interest,tools_furniture_fixtures,202606,161.11,4100250,0,26273.0,25450.0,4100250,SOURCE_OR_SCOPE_GAP
1412000056,Simulated,interest,tools_furniture_fixtures,202607,161.11,4100250,0,26273.0,25450.0,4100250,SOURCE_OR_SCOPE_GAP
1412000056,Simulated,interest,tools_furniture_fixtures,202608,158.04,4022118,0,26273.0,25450.0,4022118,SOURCE_OR_SCOPE_GAP
1412000056,Simulated,interest,tools_furniture_fixtures,202609,158.04,4022118,0,26273.0,25450.0,4022118,SOURCE_OR_SCOPE_GAP
1412000056,Simulated,interest,tools_furniture_fixtures,202610,158.04,4022118,0,26273.0,25450.0,4022118,SOURCE_OR_SCOPE_GAP
1412000056,Simulated,interest,tools_furniture_fixtures,202611,137.65,3503192,0,26273.0,25450.0,3503192,SOURCE_OR_SCOPE_GAP
1412000056,Simulated,interest,tools_furniture_fixtures,202612,137.65,3503192,0,26273.0,25450.0,3503192,SOURCE_OR_SCOPE_GAP
1412000056,Simulated,interest,tools_furniture_fixtures,202701,137.65,3503192,0,26273.0,25450.0,3503192,SOURCE_OR_SCOPE_GAP
1412000056,Simulated,interest,tools_furniture_fixtures,202702,137.65,3503192,0,26273.0,25450.0,3503192,SOURCE_OR_SCOPE_GAP
1412000056,Simulated,interest,tools_furniture_fixtures,202703,137.65,3503192,0,26273.0,25450.0,3503192,SOURCE_OR_SCOPE_GAP
1412000057,Simulated,depreciation,tools_furniture_fixtures,202604,4773.04,121473866,129065953,26273.0,25450.0,-7592087,AMOUNT_MISMATCH
1412000057,Simulated,depreciation,tools_furniture_fixtures,202605,4773.04,121473866,126830364,26273.0,25450.0,-5356498,AMOUNT_MISMATCH
1412000057,Simulated,depreciation,tools_furniture_fixtures,202606,4489.57,114259555,126756479,26273.0,25450.0,-12496924,AMOUNT_MISMATCH
1412000057,Simulated,depreciation,tools_furniture_fixtures,202607,4408.81,112204213,146567075,26273.0,25450.0,-34362862,AMOUNT_MISMATCH
1412000057,Simulated,depreciation,tools_furniture_fixtures,202608,4408.81,112204213,161767027,26273.0,25450.0,-49562814,AMOUNT_MISMATCH
1412000057,Simulated,depreciation,tools_furniture_fixtures,202609,4408.81,112204213,161767027,26273.0,25450.0,-49562814,AMOUNT_MISMATCH
1412000057,Simulated,depreciation,tools_furniture_fixtures,202610,4408.81,112204213,161767027,26273.0,25450.0,-49562814,AMOUNT_MISMATCH
1412000057,Simulated,depreciation,tools_furniture_fixtures,202611,4408.81,112204213,161767027,26273.0,25450.0,-49562814,AMOUNT_MISMATCH
1412000057,Simulated,depreciation,tools_furniture_fixtures,202612,4408.83,112204723,161767535,26273.0,25450.0,-49562812,AMOUNT_MISMATCH
1412000057,Simulated,depreciation,tools_furniture_fixtures,202701,2845.79,72425354,122081950,26273.0,25450.0,-49656596,AMOUNT_MISMATCH
1412000057,Simulated,depreciation,tools_furniture_fixtures,202702,2845.8,72425608,120946255,26273.0,25450.0,-48520647,AMOUNT_MISMATCH
1412000057,Simulated,depreciation,tools_furniture_fixtures,202703,2799.4,71244728,120904108,26273.0,25450.0,-49659380,AMOUNT_MISMATCH
1412000057,Simulated,interest,tools_furniture_fixtures,202604,464.75,11827887,0,26273.0,25450.0,11827887,SOURCE_OR_SCOPE_GAP
1412000057,Simulated,interest,tools_furniture_fixtures,202605,313.44,7977047,0,26273.0,25450.0,7977047,SOURCE_OR_SCOPE_GAP
1412000057,Simulated,interest,tools_furniture_fixtures,202606,312.56,7954651,0,26273.0,25450.0,7954651,SOURCE_OR_SCOPE_GAP
1412000057,Simulated,interest,tools_furniture_fixtures,202607,312.07,7942181,0,26273.0,25450.0,7942181,SOURCE_OR_SCOPE_GAP
1412000057,Simulated,interest,tools_furniture_fixtures,202608,312.07,7942181,0,26273.0,25450.0,7942181,SOURCE_OR_SCOPE_GAP
1412000057,Simulated,interest,tools_furniture_fixtures,202609,312.07,7942181,0,26273.0,25450.0,7942181,SOURCE_OR_SCOPE_GAP
1412000057,Simulated,interest,tools_furniture_fixtures,202610,312.07,7942181,0,26273.0,25450.0,7942181,SOURCE_OR_SCOPE_GAP
1412000057,Simulated,interest,tools_furniture_fixtures,202611,312.07,7942181,0,26273.0,25450.0,7942181,SOURCE_OR_SCOPE_GAP
1412000057,Simulated,interest,tools_furniture_fixtures,202612,312.07,7942181,0,26273.0,25450.0,7942181,SOURCE_OR_SCOPE_GAP
1412000057,Simulated,interest,tools_furniture_fixtures,202701,269.87,6868191,0,26273.0,25450.0,6868191,SOURCE_OR_SCOPE_GAP
1412000057,Simulated,interest,tools_furniture_fixtures,202702,269.87,6868191,0,26273.0,25450.0,6868191,SOURCE_OR_SCOPE_GAP
1412000057,Simulated,interest,tools_furniture_fixtures,202703,268.47,6832561,0,26273.0,25450.0,6832561,SOURCE_OR_SCOPE_GAP
1412000069,Simulated,depreciation,tools_furniture_fixtures,202604,0.0,0,1493028,26273.0,25450.0,-1493028,SOURCE_OR_SCOPE_GAP
1412000069,Simulated,depreciation,tools_furniture_fixtures,202605,0.0,0,2363445,26273.0,25450.0,-2363445,SOURCE_OR_SCOPE_GAP
1412000069,Simulated,depreciation,tools_furniture_fixtures,202606,0.0,0,2363445,26273.0,25450.0,-2363445,SOURCE_OR_SCOPE_GAP
1412000069,Simulated,depreciation,tools_furniture_fixtures,202607,0.0,0,3604114,26273.0,25450.0,-3604114,SOURCE_OR_SCOPE_GAP
1412000069,Simulated,depreciation,tools_furniture_fixtures,202608,0.0,0,3604114,26273.0,25450.0,-3604114,SOURCE_OR_SCOPE_GAP
1412000069,Simulated,depreciation,tools_furniture_fixtures,202609,0.0,0,3604114,26273.0,25450.0,-3604114,SOURCE_OR_SCOPE_GAP
1412000069,Simulated,depreciation,tools_furniture_fixtures,202610,0.0,0,3604114,26273.0,25450.0,-3604114,SOURCE_OR_SCOPE_GAP
1412000069,Simulated,depreciation,tools_furniture_fixtures,202611,0.0,0,3604114,26273.0,25450.0,-3604114,SOURCE_OR_SCOPE_GAP
1412000069,Simulated,depreciation,tools_furniture_fixtures,202612,0.0,0,3604114,26273.0,25450.0,-3604114,SOURCE_OR_SCOPE_GAP
1412000069,Simulated,depreciation,tools_furniture_fixtures,202701,0.0,0,3604114,26273.0,25450.0,-3604114,SOURCE_OR_SCOPE_GAP
1412000069,Simulated,depreciation,tools_furniture_fixtures,202702,0.0,0,3604114,26273.0,25450.0,-3604114,SOURCE_OR_SCOPE_GAP
1412000069,Simulated,depreciation,tools_furniture_fixtures,202703,0.0,0,3604114,26273.0,25450.0,-3604114,SOURCE_OR_SCOPE_GAP
1412000078,Simulated,depreciation,tools_furniture_fixtures,202604,99.76,2538892,2760333,26273.0,25450.0,-221441,AMOUNT_MISMATCH
1412000078,Simulated,depreciation,tools_furniture_fixtures,202605,99.76,2538892,4140500,26273.0,25450.0,-1601608,AMOUNT_MISMATCH
1412000078,Simulated,depreciation,tools_furniture_fixtures,202606,99.76,2538892,7084856,26273.0,25450.0,-4545964,AMOUNT_MISMATCH
1412000078,Simulated,depreciation,tools_furniture_fixtures,202607,99.76,2538892,15365856,26273.0,25450.0,-12826964,AMOUNT_MISMATCH
1412000078,Simulated,depreciation,tools_furniture_fixtures,202608,99.76,2538892,15365856,26273.0,25450.0,-12826964,AMOUNT_MISMATCH
1412000078,Simulated,depreciation,tools_furniture_fixtures,202609,99.76,2538892,15365856,26273.0,25450.0,-12826964,AMOUNT_MISMATCH
1412000078,Simulated,depreciation,tools_furniture_fixtures,202610,99.76,2538892,15365856,26273.0,25450.0,-12826964,AMOUNT_MISMATCH
1412000078,Simulated,depreciation,tools_furniture_fixtures,202611,99.76,2538892,15365856,26273.0,25450.0,-12826964,AMOUNT_MISMATCH
1412000078,Simulated,depreciation,tools_furniture_fixtures,202612,99.76,2538892,15365856,26273.0,25450.0,-12826964,AMOUNT_MISMATCH
1412000078,Simulated,depreciation,tools_furniture_fixtures,202701,99.76,2538892,15365856,26273.0,25450.0,-12826964,AMOUNT_MISMATCH
1412000078,Simulated,depreciation,tools_furniture_fixtures,202702,99.76,2538892,15365856,26273.0,25450.0,-12826964,AMOUNT_MISMATCH
1412000078,Simulated,depreciation,tools_furniture_fixtures,202703,99.76,2538892,15365856,26273.0,25450.0,-12826964,AMOUNT_MISMATCH
1412000078,Simulated,interest,tools_furniture_fixtures,202604,10.79,274606,0,26273.0,25450.0,274606,SOURCE_OR_SCOPE_GAP
1412000078,Simulated,interest,tools_furniture_fixtures,202605,8.99,228796,0,26273.0,25450.0,228796,SOURCE_OR_SCOPE_GAP
1412000078,Simulated,interest,tools_furniture_fixtures,202606,8.99,228796,0,26273.0,25450.0,228796,SOURCE_OR_SCOPE_GAP
1412000078,Simulated,interest,tools_furniture_fixtures,202607,8.99,228796,0,26273.0,25450.0,228796,SOURCE_OR_SCOPE_GAP
1412000078,Simulated,interest,tools_furniture_fixtures,202608,8.99,228796,0,26273.0,25450.0,228796,SOURCE_OR_SCOPE_GAP
1412000078,Simulated,interest,tools_furniture_fixtures,202609,8.99,228796,0,26273.0,25450.0,228796,SOURCE_OR_SCOPE_GAP
1412000078,Simulated,interest,tools_furniture_fixtures,202610,8.99,228796,0,26273.0,25450.0,228796,SOURCE_OR_SCOPE_GAP
1412000078,Simulated,interest,tools_furniture_fixtures,202611,8.99,228796,0,26273.0,25450.0,228796,SOURCE_OR_SCOPE_GAP
1412000078,Simulated,interest,tools_furniture_fixtures,202612,8.99,228796,0,26273.0,25450.0,228796,SOURCE_OR_SCOPE_GAP
1412000078,Simulated,interest,tools_furniture_fixtures,202701,8.99,228796,0,26273.0,25450.0,228796,SOURCE_OR_SCOPE_GAP
1412000078,Simulated,interest,tools_furniture_fixtures,202702,8.99,228796,0,26273.0,25450.0,228796,SOURCE_OR_SCOPE_GAP
1412000078,Simulated,interest,tools_furniture_fixtures,202703,8.99,228796,0,26273.0,25450.0,228796,SOURCE_OR_SCOPE_GAP
1412000081,Simulated,depreciation,machinery_equipment,202604,10812.81,275186015,284084957,26273.0,25450.0,-8898942,FX_RATE_ONLY
1412000081,Simulated,depreciation,machinery_equipment,202605,10812.81,275186015,284084957,26273.0,25450.0,-8898942,FX_RATE_ONLY
1412000081,Simulated,depreciation,machinery_equipment,202606,10812.81,275186015,284084957,26273.0,25450.0,-8898942,FX_RATE_ONLY
1412000081,Simulated,depreciation,machinery_equipment,202607,10812.81,275186015,284084957,26273.0,25450.0,-8898942,FX_RATE_ONLY
1412000081,Simulated,depreciation,machinery_equipment,202608,10812.81,275186015,284084957,26273.0,25450.0,-8898942,FX_RATE_ONLY
1412000081,Simulated,depreciation,machinery_equipment,202609,10812.81,275186015,284084957,26273.0,25450.0,-8898942,FX_RATE_ONLY
1412000081,Simulated,depreciation,machinery_equipment,202610,10812.81,275186015,284084957,26273.0,25450.0,-8898942,FX_RATE_ONLY
1412000081,Simulated,depreciation,machinery_equipment,202611,10812.81,275186015,284084957,26273.0,25450.0,-8898942,FX_RATE_ONLY
1412000081,Simulated,depreciation,machinery_equipment,202612,10812.81,275186015,284084957,26273.0,25450.0,-8898942,FX_RATE_ONLY
1412000081,Simulated,depreciation,machinery_equipment,202701,10812.81,275186015,284084957,26273.0,25450.0,-8898942,FX_RATE_ONLY
1412000081,Simulated,depreciation,machinery_equipment,202702,10812.81,275186015,284084957,26273.0,25450.0,-8898942,FX_RATE_ONLY
1412000081,Simulated,depreciation,machinery_equipment,202703,10812.81,275186015,284084957,26273.0,25450.0,-8898942,FX_RATE_ONLY
1412000081,Simulated,depreciation,mold,202604,31715.33,807155146,2791639454,26273.0,25450.0,-1984484308,AMOUNT_MISMATCH
1412000081,Simulated,depreciation,mold,202605,22242.87,566081040,2804080771,26273.0,25450.0,-2237999731,AMOUNT_MISMATCH
1412000081,Simulated,depreciation,mold,202606,21076.21,536389544,3034740633,26273.0,25450.0,-2498351089,AMOUNT_MISMATCH
1412000081,Simulated,depreciation,mold,202607,17127.06,435883676,3094061126,26273.0,25450.0,-2658177450,AMOUNT_MISMATCH
1412000081,Simulated,depreciation,mold,202608,13964.99,355408991,3190559491,26273.0,25450.0,-2835150500,AMOUNT_MISMATCH
1412000081,Simulated,depreciation,mold,202609,10456.69,266122757,4816088917,26273.0,25450.0,-4549966160,AMOUNT_MISMATCH
1412000081,Simulated,depreciation,mold,202610,5841.27,148660320,5590842380,26273.0,25450.0,-5442182060,AMOUNT_MISMATCH
1412000081,Simulated,depreciation,mold,202611,4799.6,122149818,6171773353,26273.0,25450.0,-6049623535,AMOUNT_MISMATCH
1412000081,Simulated,depreciation,mold,202612,4799.6,122149818,6492356499,26273.0,25450.0,-6370206681,AMOUNT_MISMATCH
1412000081,Simulated,depreciation,mold,202701,4799.6,122149818,7044246874,26273.0,25450.0,-6922097056,AMOUNT_MISMATCH
1412000081,Simulated,depreciation,mold,202702,4593.64,116908136,7922948673,26273.0,25450.0,-7806040537,AMOUNT_MISMATCH
1412000081,Simulated,depreciation,mold,202703,4174.89,106250949,8562702791,26273.0,25450.0,-8456451842,AMOUNT_MISMATCH
1412000081,Simulated,depreciation,other_tangible_fixed_assets,202604,0.0,0,0,26273.0,25450.0,0,MATCH_VND
1412000081,Simulated,depreciation,other_tangible_fixed_assets,202605,0.0,0,0,26273.0,25450.0,0,MATCH_VND
1412000081,Simulated,depreciation,other_tangible_fixed_assets,202606,0.0,0,0,26273.0,25450.0,0,MATCH_VND
1412000081,Simulated,depreciation,other_tangible_fixed_assets,202607,0.0,0,0,26273.0,25450.0,0,MATCH_VND
1412000081,Simulated,depreciation,other_tangible_fixed_assets,202608,0.0,0,0,26273.0,25450.0,0,MATCH_VND
1412000081,Simulated,depreciation,other_tangible_fixed_assets,202609,0.0,0,0,26273.0,25450.0,0,MATCH_VND
1412000081,Simulated,depreciation,other_tangible_fixed_assets,202610,0.0,0,0,26273.0,25450.0,0,MATCH_VND
1412000081,Simulated,depreciation,other_tangible_fixed_assets,202611,0.0,0,0,26273.0,25450.0,0,MATCH_VND
1412000081,Simulated,depreciation,other_tangible_fixed_assets,202612,0.0,0,0,26273.0,25450.0,0,MATCH_VND
1412000081,Simulated,depreciation,other_tangible_fixed_assets,202701,0.0,0,0,26273.0,25450.0,0,MATCH_VND
1412000081,Simulated,depreciation,other_tangible_fixed_assets,202702,0.0,0,0,26273.0,25450.0,0,MATCH_VND
1412000081,Simulated,depreciation,other_tangible_fixed_assets,202703,0.0,0,0,26273.0,25450.0,0,MATCH_VND
1412000081,Simulated,depreciation,tools_furniture_fixtures,202604,20516.17,522136530,517040554,26273.0,25450.0,5095976,AMOUNT_MISMATCH
1412000081,Simulated,depreciation,tools_furniture_fixtures,202605,19200.57,488654508,487453741,26273.0,25450.0,1200767,AMOUNT_MISMATCH
1412000081,Simulated,depreciation,tools_furniture_fixtures,202606,18553.39,472183777,487453215,26273.0,25450.0,-15269438,FX_RATE_ONLY
1412000081,Simulated,depreciation,tools_furniture_fixtures,202607,18553.39,472183777,487453215,26273.0,25450.0,-15269438,FX_RATE_ONLY
1412000081,Simulated,depreciation,tools_furniture_fixtures,202608,18553.39,472183777,487452690,26273.0,25450.0,-15268913,AMOUNT_MISMATCH
1412000081,Simulated,depreciation,tools_furniture_fixtures,202609,18007.38,458287823,456084567,26273.0,25450.0,2203256,AMOUNT_MISMATCH
1412000081,Simulated,depreciation,tools_furniture_fixtures,202610,16839.99,428577747,364659256,26273.0,25450.0,63918491,AMOUNT_MISMATCH
1412000081,Simulated,depreciation,tools_furniture_fixtures,202611,13768.94,350419526,350988626,26273.0,25450.0,-569100,AMOUNT_MISMATCH
1412000081,Simulated,depreciation,tools_furniture_fixtures,202612,13343.98,339604294,343221276,26273.0,25450.0,-3616982,AMOUNT_MISMATCH
1412000081,Simulated,depreciation,tools_furniture_fixtures,202701,13053.15,332202669,331571828,26273.0,25450.0,630841,AMOUNT_MISMATCH
1412000081,Simulated,depreciation,tools_furniture_fixtures,202702,12604.06,320773329,331146468,26273.0,25450.0,-10373139,FX_RATE_ONLY
1412000081,Simulated,depreciation,tools_furniture_fixtures,202703,12604.05,320773075,320677203,26273.0,25450.0,95872,AMOUNT_MISMATCH
1412000081,Simulated,depreciation,vehicles,202604,25.06,637777,658401,26273.0,25450.0,-20624,FX_RATE_ONLY
1412000081,Simulated,depreciation,vehicles,202605,25.06,637777,658401,26273.0,25450.0,-20624,FX_RATE_ONLY
1412000081,Simulated,depreciation,vehicles,202606,25.06,637777,658401,26273.0,25450.0,-20624,FX_RATE_ONLY
1412000081,Simulated,depreciation,vehicles,202607,25.06,637777,658401,26273.0,25450.0,-20624,FX_RATE_ONLY
1412000081,Simulated,depreciation,vehicles,202608,25.06,637777,658401,26273.0,25450.0,-20624,FX_RATE_ONLY
1412000081,Simulated,depreciation,vehicles,202609,25.06,637777,658401,26273.0,25450.0,-20624,FX_RATE_ONLY
1412000081,Simulated,depreciation,vehicles,202610,25.06,637777,658401,26273.0,25450.0,-20624,FX_RATE_ONLY
1412000081,Simulated,depreciation,vehicles,202611,25.06,637777,658401,26273.0,25450.0,-20624,FX_RATE_ONLY
1412000081,Simulated,depreciation,vehicles,202612,25.06,637777,658401,26273.0,25450.0,-20624,FX_RATE_ONLY
1412000081,Simulated,depreciation,vehicles,202701,25.06,637777,658401,26273.0,25450.0,-20624,FX_RATE_ONLY
1412000081,Simulated,depreciation,vehicles,202702,25.06,637777,658401,26273.0,25450.0,-20624,FX_RATE_ONLY
1412000081,Simulated,depreciation,vehicles,202703,25.06,637777,658401,26273.0,25450.0,-20624,FX_RATE_ONLY
1412000081,Simulated,interest,machinery_equipment,202604,1908.62,48574381,50145173,26273.0,25450.0,-1570792,FX_RATE_ONLY
1412000081,Simulated,interest,machinery_equipment,202605,1519.37,38667968,39918408,26273.0,25450.0,-1250440,FX_RATE_ONLY
1412000081,Simulated,interest,machinery_equipment,202606,1519.37,38667968,39918408,26273.0,25450.0,-1250440,FX_RATE_ONLY
1412000081,Simulated,interest,machinery_equipment,202607,1519.37,38667968,39918408,26273.0,25450.0,-1250440,FX_RATE_ONLY
1412000081,Simulated,interest,machinery_equipment,202608,1519.37,38667968,39918408,26273.0,25450.0,-1250440,FX_RATE_ONLY
1412000081,Simulated,interest,machinery_equipment,202609,1519.37,38667968,39918408,26273.0,25450.0,-1250440,FX_RATE_ONLY
1412000081,Simulated,interest,machinery_equipment,202610,1519.37,38667968,39918408,26273.0,25450.0,-1250440,FX_RATE_ONLY
1412000081,Simulated,interest,machinery_equipment,202611,1519.37,38667968,39918408,26273.0,25450.0,-1250440,FX_RATE_ONLY
1412000081,Simulated,interest,machinery_equipment,202612,1519.37,38667968,39918408,26273.0,25450.0,-1250440,FX_RATE_ONLY
1412000081,Simulated,interest,machinery_equipment,202701,1519.37,38667968,39918408,26273.0,25450.0,-1250440,FX_RATE_ONLY
1412000081,Simulated,interest,machinery_equipment,202702,1519.37,38667968,39918408,26273.0,25450.0,-1250440,FX_RATE_ONLY
1412000081,Simulated,interest,machinery_equipment,202703,1519.37,38667968,39918408,26273.0,25450.0,-1250440,FX_RATE_ONLY
1412000081,Simulated,interest,mold,202604,1578.57,40174611,148631826,26273.0,25450.0,-108457215,AMOUNT_MISMATCH
1412000081,Simulated,interest,mold,202605,448.74,11420433,152793311,26273.0,25450.0,-141372878,AMOUNT_MISMATCH
1412000081,Simulated,interest,mold,202606,441.74,11242283,171423811,26273.0,25450.0,-160181528,AMOUNT_MISMATCH
1412000081,Simulated,interest,mold,202607,406.19,10337536,189304216,26273.0,25450.0,-178966680,AMOUNT_MISMATCH
1412000081,Simulated,interest,mold,202608,368.24,9371708,200048665,26273.0,25450.0,-190676957,AMOUNT_MISMATCH
1412000081,Simulated,interest,mold,202609,315.61,8032275,211595386,26273.0,25450.0,-203563111,AMOUNT_MISMATCH
1412000081,Simulated,interest,mold,202610,232.51,5917380,333086677,26273.0,25450.0,-327169297,AMOUNT_MISMATCH
1412000081,Simulated,interest,mold,202611,210.63,5360534,397024860,26273.0,25450.0,-391664326,AMOUNT_MISMATCH
1412000081,Simulated,interest,mold,202612,210.63,5360534,440822371,26273.0,25450.0,-435461837,AMOUNT_MISMATCH
1412000081,Simulated,interest,mold,202701,210.63,5360534,463904358,26273.0,25450.0,-458543824,AMOUNT_MISMATCH
1412000081,Simulated,interest,mold,202702,204.45,5203253,503478117,26273.0,25450.0,-498274864,AMOUNT_MISMATCH
1412000081,Simulated,interest,mold,202703,190.63,4851534,566771140,26273.0,25450.0,-561919606,AMOUNT_MISMATCH
1412000081,Simulated,interest,other_tangible_fixed_assets,202604,0.0,0,0,26273.0,25450.0,0,MATCH_VND
1412000081,Simulated,interest,other_tangible_fixed_assets,202605,0.0,0,0,26273.0,25450.0,0,MATCH_VND
1412000081,Simulated,interest,other_tangible_fixed_assets,202606,0.0,0,0,26273.0,25450.0,0,MATCH_VND
1412000081,Simulated,interest,other_tangible_fixed_assets,202607,0.0,0,0,26273.0,25450.0,0,MATCH_VND
1412000081,Simulated,interest,other_tangible_fixed_assets,202608,0.0,0,0,26273.0,25450.0,0,MATCH_VND
1412000081,Simulated,interest,other_tangible_fixed_assets,202609,0.0,0,0,26273.0,25450.0,0,MATCH_VND
1412000081,Simulated,interest,other_tangible_fixed_assets,202610,0.0,0,0,26273.0,25450.0,0,MATCH_VND
1412000081,Simulated,interest,other_tangible_fixed_assets,202611,0.0,0,0,26273.0,25450.0,0,MATCH_VND
1412000081,Simulated,interest,other_tangible_fixed_assets,202612,0.0,0,0,26273.0,25450.0,0,MATCH_VND
1412000081,Simulated,interest,other_tangible_fixed_assets,202701,0.0,0,0,26273.0,25450.0,0,MATCH_VND
1412000081,Simulated,interest,other_tangible_fixed_assets,202702,0.0,0,0,26273.0,25450.0,0,MATCH_VND
1412000081,Simulated,interest,other_tangible_fixed_assets,202703,0.0,0,0,26273.0,25450.0,0,MATCH_VND
1412000081,Simulated,interest,tools_furniture_fixtures,202604,1952.37,49687817,51294617,26273.0,25450.0,-1606800,FX_RATE_ONLY
1412000081,Simulated,interest,tools_furniture_fixtures,202605,1241.04,31584472,32605844,26273.0,25450.0,-1021372,FX_RATE_ONLY
1412000081,Simulated,interest,tools_furniture_fixtures,202606,1239.1,31535099,32554874,26273.0,25450.0,-1019775,FX_RATE_ONLY
1412000081,Simulated,interest,tools_furniture_fixtures,202607,1239.1,31535099,32554874,26273.0,25450.0,-1019775,FX_RATE_ONLY
1412000081,Simulated,interest,tools_furniture_fixtures,202608,1239.1,31535099,32554874,26273.0,25450.0,-1019775,FX_RATE_ONLY
1412000081,Simulated,interest,tools_furniture_fixtures,202609,1230.91,31326663,32339698,26273.0,25450.0,-1013035,FX_RATE_ONLY
1412000081,Simulated,interest,tools_furniture_fixtures,202610,1211.84,30841331,31838672,26273.0,25450.0,-997341,FX_RATE_ONLY
1412000081,Simulated,interest,tools_furniture_fixtures,202611,1156.22,29425802,30377368,26273.0,25450.0,-951566,FX_RATE_ONLY
1412000081,Simulated,interest,tools_furniture_fixtures,202612,1147.24,29197260,30141437,26273.0,25450.0,-944177,FX_RATE_ONLY
1412000081,Simulated,interest,tools_furniture_fixtures,202701,1140.23,29018856,29957263,26273.0,25450.0,-938407,FX_RATE_ONLY
1412000081,Simulated,interest,tools_furniture_fixtures,202702,1128.06,28709129,29637520,26273.0,25450.0,-928391,FX_RATE_ONLY
1412000081,Simulated,interest,tools_furniture_fixtures,202703,1128.06,28709129,29637520,26273.0,25450.0,-928391,FX_RATE_ONLY
1412000081,Simulated,interest,vehicles,202604,3.18,80931,0,26273.0,25450.0,80931,SOURCE_OR_SCOPE_GAP
1412000081,Simulated,interest,vehicles,202605,2.28,58026,0,26273.0,25450.0,58026,SOURCE_OR_SCOPE_GAP
1412000081,Simulated,interest,vehicles,202606,2.28,58026,0,26273.0,25450.0,58026,SOURCE_OR_SCOPE_GAP
1412000081,Simulated,interest,vehicles,202607,2.28,58026,0,26273.0,25450.0,58026,SOURCE_OR_SCOPE_GAP
1412000081,Simulated,interest,vehicles,202608,2.28,58026,0,26273.0,25450.0,58026,SOURCE_OR_SCOPE_GAP
1412000081,Simulated,interest,vehicles,202609,2.28,58026,0,26273.0,25450.0,58026,SOURCE_OR_SCOPE_GAP
1412000081,Simulated,interest,vehicles,202610,2.28,58026,0,26273.0,25450.0,58026,SOURCE_OR_SCOPE_GAP
1412000081,Simulated,interest,vehicles,202611,2.28,58026,0,26273.0,25450.0,58026,SOURCE_OR_SCOPE_GAP
1412000081,Simulated,interest,vehicles,202612,2.28,58026,0,26273.0,25450.0,58026,SOURCE_OR_SCOPE_GAP
1412000081,Simulated,interest,vehicles,202701,2.28,58026,0,26273.0,25450.0,58026,SOURCE_OR_SCOPE_GAP
1412000081,Simulated,interest,vehicles,202702,2.28,58026,0,26273.0,25450.0,58026,SOURCE_OR_SCOPE_GAP
1412000081,Simulated,interest,vehicles,202703,2.28,58026,0,26273.0,25450.0,58026,SOURCE_OR_SCOPE_GAP
1412000083,Simulated,depreciation,machinery_equipment,202604,401.33,10213848,0,26273.0,25450.0,10213848,SOURCE_OR_SCOPE_GAP
1412000083,Simulated,depreciation,machinery_equipment,202605,401.33,10213848,0,26273.0,25450.0,10213848,SOURCE_OR_SCOPE_GAP
1412000083,Simulated,depreciation,machinery_equipment,202606,401.33,10213848,0,26273.0,25450.0,10213848,SOURCE_OR_SCOPE_GAP
1412000083,Simulated,depreciation,machinery_equipment,202607,401.33,10213848,0,26273.0,25450.0,10213848,SOURCE_OR_SCOPE_GAP
1412000083,Simulated,depreciation,machinery_equipment,202608,401.33,10213848,0,26273.0,25450.0,10213848,SOURCE_OR_SCOPE_GAP
1412000083,Simulated,depreciation,machinery_equipment,202609,401.33,10213848,0,26273.0,25450.0,10213848,SOURCE_OR_SCOPE_GAP
1412000083,Simulated,depreciation,machinery_equipment,202610,401.33,10213848,0,26273.0,25450.0,10213848,SOURCE_OR_SCOPE_GAP
1412000083,Simulated,depreciation,machinery_equipment,202611,401.33,10213848,0,26273.0,25450.0,10213848,SOURCE_OR_SCOPE_GAP
1412000083,Simulated,depreciation,machinery_equipment,202612,401.33,10213848,0,26273.0,25450.0,10213848,SOURCE_OR_SCOPE_GAP
1412000083,Simulated,depreciation,machinery_equipment,202701,401.33,10213848,0,26273.0,25450.0,10213848,SOURCE_OR_SCOPE_GAP
1412000083,Simulated,depreciation,machinery_equipment,202702,401.33,10213848,0,26273.0,25450.0,10213848,SOURCE_OR_SCOPE_GAP
1412000083,Simulated,depreciation,machinery_equipment,202703,401.33,10213848,0,26273.0,25450.0,10213848,SOURCE_OR_SCOPE_GAP
1412000083,Simulated,depreciation,other_tangible_fixed_assets,202604,3548.81,90317214,108519769,26273.0,25450.0,-18202555,AMOUNT_MISMATCH
1412000083,Simulated,depreciation,other_tangible_fixed_assets,202605,3548.81,90317214,108519769,26273.0,25450.0,-18202555,AMOUNT_MISMATCH
1412000083,Simulated,depreciation,other_tangible_fixed_assets,202606,3548.81,90317214,108519769,26273.0,25450.0,-18202555,AMOUNT_MISMATCH
1412000083,Simulated,depreciation,other_tangible_fixed_assets,202607,3548.81,90317214,108519769,26273.0,25450.0,-18202555,AMOUNT_MISMATCH
1412000083,Simulated,depreciation,other_tangible_fixed_assets,202608,3548.81,90317214,108519769,26273.0,25450.0,-18202555,AMOUNT_MISMATCH
1412000083,Simulated,depreciation,other_tangible_fixed_assets,202609,3548.81,90317214,108519769,26273.0,25450.0,-18202555,AMOUNT_MISMATCH
1412000083,Simulated,depreciation,other_tangible_fixed_assets,202610,3548.81,90317214,108519769,26273.0,25450.0,-18202555,AMOUNT_MISMATCH
1412000083,Simulated,depreciation,other_tangible_fixed_assets,202611,3548.81,90317214,108519769,26273.0,25450.0,-18202555,AMOUNT_MISMATCH
1412000083,Simulated,depreciation,other_tangible_fixed_assets,202612,3548.81,90317214,108519769,26273.0,25450.0,-18202555,AMOUNT_MISMATCH
1412000083,Simulated,depreciation,other_tangible_fixed_assets,202701,3548.81,90317214,108519769,26273.0,25450.0,-18202555,AMOUNT_MISMATCH
1412000083,Simulated,depreciation,other_tangible_fixed_assets,202702,3548.81,90317214,108519769,26273.0,25450.0,-18202555,AMOUNT_MISMATCH
1412000083,Simulated,depreciation,other_tangible_fixed_assets,202703,3548.81,90317214,108519769,26273.0,25450.0,-18202555,AMOUNT_MISMATCH
1412000083,Simulated,depreciation,tools_furniture_fixtures,202604,4976.98,126664142,135943019,26273.0,25450.0,-9278877,AMOUNT_MISMATCH
1412000083,Simulated,depreciation,tools_furniture_fixtures,202605,4976.98,126664142,135943019,26273.0,25450.0,-9278877,AMOUNT_MISMATCH
1412000083,Simulated,depreciation,tools_furniture_fixtures,202606,4976.98,126664142,126509618,26273.0,25450.0,154524,AMOUNT_MISMATCH
1412000083,Simulated,depreciation,tools_furniture_fixtures,202607,4591.54,116854693,121888384,26273.0,25450.0,-5033691,AMOUNT_MISMATCH
1412000083,Simulated,depreciation,tools_furniture_fixtures,202608,4417.11,112415450,121728427,26273.0,25450.0,-9312977,AMOUNT_MISMATCH
1412000083,Simulated,depreciation,tools_furniture_fixtures,202609,4417.1,112415196,115230364,26273.0,25450.0,-2815168,AMOUNT_MISMATCH
1412000083,Simulated,depreciation,tools_furniture_fixtures,202610,4151.59,105657966,114987128,26273.0,25450.0,-9329162,AMOUNT_MISMATCH
1412000083,Simulated,depreciation,tools_furniture_fixtures,202611,4151.59,105657966,103977770,26273.0,25450.0,1680196,AMOUNT_MISMATCH
1412000083,Simulated,depreciation,tools_furniture_fixtures,202612,3701.76,94209792,103566198,26273.0,25450.0,-9356406,AMOUNT_MISMATCH
1412000083,Simulated,depreciation,tools_furniture_fixtures,202701,3701.76,94209792,103566198,26273.0,25450.0,-9356406,AMOUNT_MISMATCH
1412000083,Simulated,depreciation,tools_furniture_fixtures,202702,3701.76,94209792,103566198,26273.0,25450.0,-9356406,AMOUNT_MISMATCH
1412000083,Simulated,depreciation,tools_furniture_fixtures,202703,3701.76,94209792,103566198,26273.0,25450.0,-9356406,AMOUNT_MISMATCH
1412000083,Simulated,interest,machinery_equipment,202604,67.42,1715839,0,26273.0,25450.0,1715839,SOURCE_OR_SCOPE_GAP
1412000083,Simulated,interest,machinery_equipment,202605,52.98,1348341,0,26273.0,25450.0,1348341,SOURCE_OR_SCOPE_GAP
1412000083,Simulated,interest,machinery_equipment,202606,52.98,1348341,0,26273.0,25450.0,1348341,SOURCE_OR_SCOPE_GAP
1412000083,Simulated,interest,machinery_equipment,202607,52.98,1348341,0,26273.0,25450.0,1348341,SOURCE_OR_SCOPE_GAP
1412000083,Simulated,interest,machinery_equipment,202608,52.98,1348341,0,26273.0,25450.0,1348341,SOURCE_OR_SCOPE_GAP
1412000083,Simulated,interest,machinery_equipment,202609,52.98,1348341,0,26273.0,25450.0,1348341,SOURCE_OR_SCOPE_GAP
1412000083,Simulated,interest,machinery_equipment,202610,52.98,1348341,0,26273.0,25450.0,1348341,SOURCE_OR_SCOPE_GAP
1412000083,Simulated,interest,machinery_equipment,202611,52.98,1348341,0,26273.0,25450.0,1348341,SOURCE_OR_SCOPE_GAP
1412000083,Simulated,interest,machinery_equipment,202612,52.98,1348341,0,26273.0,25450.0,1348341,SOURCE_OR_SCOPE_GAP
1412000083,Simulated,interest,machinery_equipment,202701,52.98,1348341,0,26273.0,25450.0,1348341,SOURCE_OR_SCOPE_GAP
1412000083,Simulated,interest,machinery_equipment,202702,52.98,1348341,0,26273.0,25450.0,1348341,SOURCE_OR_SCOPE_GAP
1412000083,Simulated,interest,machinery_equipment,202703,52.98,1348341,0,26273.0,25450.0,1348341,SOURCE_OR_SCOPE_GAP
1412000083,Simulated,interest,other_tangible_fixed_assets,202604,878.41,22355534,0,26273.0,25450.0,22355534,SOURCE_OR_SCOPE_GAP
1412000083,Simulated,interest,other_tangible_fixed_assets,202605,750.65,19104042,0,26273.0,25450.0,19104042,SOURCE_OR_SCOPE_GAP
1412000083,Simulated,interest,other_tangible_fixed_assets,202606,750.65,19104042,0,26273.0,25450.0,19104042,SOURCE_OR_SCOPE_GAP
1412000083,Simulated,interest,other_tangible_fixed_assets,202607,750.65,19104042,0,26273.0,25450.0,19104042,SOURCE_OR_SCOPE_GAP
1412000083,Simulated,interest,other_tangible_fixed_assets,202608,750.65,19104042,0,26273.0,25450.0,19104042,SOURCE_OR_SCOPE_GAP
1412000083,Simulated,interest,other_tangible_fixed_assets,202609,750.65,19104042,0,26273.0,25450.0,19104042,SOURCE_OR_SCOPE_GAP
1412000083,Simulated,interest,other_tangible_fixed_assets,202610,750.65,19104042,0,26273.0,25450.0,19104042,SOURCE_OR_SCOPE_GAP
1412000083,Simulated,interest,other_tangible_fixed_assets,202611,750.65,19104042,0,26273.0,25450.0,19104042,SOURCE_OR_SCOPE_GAP
1412000083,Simulated,interest,other_tangible_fixed_assets,202612,750.65,19104042,0,26273.0,25450.0,19104042,SOURCE_OR_SCOPE_GAP
1412000083,Simulated,interest,other_tangible_fixed_assets,202701,750.65,19104042,0,26273.0,25450.0,19104042,SOURCE_OR_SCOPE_GAP
1412000083,Simulated,interest,other_tangible_fixed_assets,202702,750.65,19104042,0,26273.0,25450.0,19104042,SOURCE_OR_SCOPE_GAP
1412000083,Simulated,interest,other_tangible_fixed_assets,202703,750.65,19104042,0,26273.0,25450.0,19104042,SOURCE_OR_SCOPE_GAP
1412000083,Simulated,interest,tools_furniture_fixtures,202604,703.86,17913236,0,26273.0,25450.0,17913236,SOURCE_OR_SCOPE_GAP
1412000083,Simulated,interest,tools_furniture_fixtures,202605,529.73,13481630,0,26273.0,25450.0,13481630,SOURCE_OR_SCOPE_GAP
1412000083,Simulated,interest,tools_furniture_fixtures,202606,529.73,13481630,0,26273.0,25450.0,13481630,SOURCE_OR_SCOPE_GAP
1412000083,Simulated,interest,tools_furniture_fixtures,202607,527.38,13421822,0,26273.0,25450.0,13421822,SOURCE_OR_SCOPE_GAP
1412000083,Simulated,interest,tools_furniture_fixtures,202608,525.79,13381356,0,26273.0,25450.0,13381356,SOURCE_OR_SCOPE_GAP
1412000083,Simulated,interest,tools_furniture_fixtures,202609,525.79,13381356,0,26273.0,25450.0,13381356,SOURCE_OR_SCOPE_GAP
1412000083,Simulated,interest,tools_furniture_fixtures,202610,521.78,13279302,0,26273.0,25450.0,13279302,SOURCE_OR_SCOPE_GAP
1412000083,Simulated,interest,tools_furniture_fixtures,202611,521.78,13279302,0,26273.0,25450.0,13279302,SOURCE_OR_SCOPE_GAP
1412000083,Simulated,interest,tools_furniture_fixtures,202612,512.28,13037527,0,26273.0,25450.0,13037527,SOURCE_OR_SCOPE_GAP
1412000083,Simulated,interest,tools_furniture_fixtures,202701,512.28,13037527,0,26273.0,25450.0,13037527,SOURCE_OR_SCOPE_GAP
1412000083,Simulated,interest,tools_furniture_fixtures,202702,512.28,13037527,0,26273.0,25450.0,13037527,SOURCE_OR_SCOPE_GAP
1412000083,Simulated,interest,tools_furniture_fixtures,202703,512.28,13037527,0,26273.0,25450.0,13037527,SOURCE_OR_SCOPE_GAP
1412000088,Simulated,depreciation,machinery_equipment,202608,0.0,0,12354565,26273.0,25450.0,-12354565,SOURCE_OR_SCOPE_GAP
1412000088,Simulated,depreciation,machinery_equipment,202609,0.0,0,12354565,26273.0,25450.0,-12354565,SOURCE_OR_SCOPE_GAP
1412000088,Simulated,depreciation,machinery_equipment,202610,0.0,0,12354565,26273.0,25450.0,-12354565,SOURCE_OR_SCOPE_GAP
1412000088,Simulated,depreciation,machinery_equipment,202611,0.0,0,12354565,26273.0,25450.0,-12354565,SOURCE_OR_SCOPE_GAP
1412000088,Simulated,depreciation,machinery_equipment,202612,0.0,0,12354565,26273.0,25450.0,-12354565,SOURCE_OR_SCOPE_GAP
1412000088,Simulated,depreciation,machinery_equipment,202701,0.0,0,12354565,26273.0,25450.0,-12354565,SOURCE_OR_SCOPE_GAP
1412000088,Simulated,depreciation,machinery_equipment,202702,0.0,0,56011533,26273.0,25450.0,-56011533,SOURCE_OR_SCOPE_GAP
1412000088,Simulated,depreciation,machinery_equipment,202703,0.0,0,56011533,26273.0,25450.0,-56011533,SOURCE_OR_SCOPE_GAP
1412000092,Simulated,depreciation,tools_furniture_fixtures,202604,0.0,0,24046101,26273.0,25450.0,-24046101,SOURCE_OR_SCOPE_GAP
1412000092,Simulated,depreciation,tools_furniture_fixtures,202605,0.0,0,24046101,26273.0,25450.0,-24046101,SOURCE_OR_SCOPE_GAP
1412000092,Simulated,depreciation,tools_furniture_fixtures,202606,0.0,0,24046101,26273.0,25450.0,-24046101,SOURCE_OR_SCOPE_GAP
1412000092,Simulated,depreciation,tools_furniture_fixtures,202607,0.0,0,38642328,26273.0,25450.0,-38642328,SOURCE_OR_SCOPE_GAP
1412000092,Simulated,depreciation,tools_furniture_fixtures,202608,0.0,0,61850057,26273.0,25450.0,-61850057,SOURCE_OR_SCOPE_GAP
1412000092,Simulated,depreciation,tools_furniture_fixtures,202609,0.0,0,61850057,26273.0,25450.0,-61850057,SOURCE_OR_SCOPE_GAP
1412000092,Simulated,depreciation,tools_furniture_fixtures,202610,0.0,0,80006014,26273.0,25450.0,-80006014,SOURCE_OR_SCOPE_GAP
1412000092,Simulated,depreciation,tools_furniture_fixtures,202611,0.0,0,88342437,26273.0,25450.0,-88342437,SOURCE_OR_SCOPE_GAP
1412000092,Simulated,depreciation,tools_furniture_fixtures,202612,0.0,0,88342437,26273.0,25450.0,-88342437,SOURCE_OR_SCOPE_GAP
1412000092,Simulated,depreciation,tools_furniture_fixtures,202701,0.0,0,88342437,26273.0,25450.0,-88342437,SOURCE_OR_SCOPE_GAP
1412000092,Simulated,depreciation,tools_furniture_fixtures,202702,0.0,0,88342437,26273.0,25450.0,-88342437,SOURCE_OR_SCOPE_GAP
1412000092,Simulated,depreciation,tools_furniture_fixtures,202703,0.0,0,88342437,26273.0,25450.0,-88342437,SOURCE_OR_SCOPE_GAP
1412000094,Simulated,depreciation,tools_furniture_fixtures,202604,35.4,900930,930064,26273.0,25450.0,-29134,FX_RATE_ONLY
1412000094,Simulated,depreciation,tools_furniture_fixtures,202605,35.4,900930,930064,26273.0,25450.0,-29134,FX_RATE_ONLY
1412000094,Simulated,depreciation,tools_furniture_fixtures,202606,35.4,900930,930064,26273.0,25450.0,-29134,FX_RATE_ONLY
1412000094,Simulated,depreciation,tools_furniture_fixtures,202607,35.4,900930,930064,26273.0,25450.0,-29134,FX_RATE_ONLY
1412000094,Simulated,depreciation,tools_furniture_fixtures,202608,35.4,900930,930064,26273.0,25450.0,-29134,FX_RATE_ONLY
1412000094,Simulated,depreciation,tools_furniture_fixtures,202609,35.4,900930,930064,26273.0,25450.0,-29134,FX_RATE_ONLY
1412000094,Simulated,depreciation,tools_furniture_fixtures,202610,35.4,900930,930064,26273.0,25450.0,-29134,FX_RATE_ONLY
1412000094,Simulated,depreciation,tools_furniture_fixtures,202611,35.4,900930,930064,26273.0,25450.0,-29134,FX_RATE_ONLY
1412000094,Simulated,depreciation,tools_furniture_fixtures,202612,35.4,900930,930064,26273.0,25450.0,-29134,FX_RATE_ONLY
1412000094,Simulated,depreciation,tools_furniture_fixtures,202701,35.4,900930,930064,26273.0,25450.0,-29134,FX_RATE_ONLY
1412000094,Simulated,depreciation,tools_furniture_fixtures,202702,35.4,900930,930064,26273.0,25450.0,-29134,FX_RATE_ONLY
1412000094,Simulated,depreciation,tools_furniture_fixtures,202703,35.4,900930,930064,26273.0,25450.0,-29134,FX_RATE_ONLY
1412000094,Simulated,interest,tools_furniture_fixtures,202604,3.83,97474,0,26273.0,25450.0,97474,SOURCE_OR_SCOPE_GAP
1412000094,Simulated,interest,tools_furniture_fixtures,202605,2.66,67697,0,26273.0,25450.0,67697,SOURCE_OR_SCOPE_GAP
1412000094,Simulated,interest,tools_furniture_fixtures,202606,2.66,67697,0,26273.0,25450.0,67697,SOURCE_OR_SCOPE_GAP
1412000094,Simulated,interest,tools_furniture_fixtures,202607,2.66,67697,0,26273.0,25450.0,67697,SOURCE_OR_SCOPE_GAP
1412000094,Simulated,interest,tools_furniture_fixtures,202608,2.66,67697,0,26273.0,25450.0,67697,SOURCE_OR_SCOPE_GAP
1412000094,Simulated,interest,tools_furniture_fixtures,202609,2.66,67697,0,26273.0,25450.0,67697,SOURCE_OR_SCOPE_GAP
1412000094,Simulated,interest,tools_furniture_fixtures,202610,2.66,67697,0,26273.0,25450.0,67697,SOURCE_OR_SCOPE_GAP
1412000094,Simulated,interest,tools_furniture_fixtures,202611,2.66,67697,0,26273.0,25450.0,67697,SOURCE_OR_SCOPE_GAP
1412000094,Simulated,interest,tools_furniture_fixtures,202612,2.66,67697,0,26273.0,25450.0,67697,SOURCE_OR_SCOPE_GAP
1412000094,Simulated,interest,tools_furniture_fixtures,202701,2.66,67697,0,26273.0,25450.0,67697,SOURCE_OR_SCOPE_GAP
1412000094,Simulated,interest,tools_furniture_fixtures,202702,2.66,67697,0,26273.0,25450.0,67697,SOURCE_OR_SCOPE_GAP
1412000094,Simulated,interest,tools_furniture_fixtures,202703,2.66,67697,0,26273.0,25450.0,67697,SOURCE_OR_SCOPE_GAP
1412000096,Simulated,depreciation,tools_furniture_fixtures,202604,38.8,987460,1008333,26273.0,25450.0,-20873,AMOUNT_MISMATCH
1412000096,Simulated,depreciation,tools_furniture_fixtures,202605,38.8,987460,1008333,26273.0,25450.0,-20873,AMOUNT_MISMATCH
1412000096,Simulated,depreciation,tools_furniture_fixtures,202606,38.8,987460,1008333,26273.0,25450.0,-20873,AMOUNT_MISMATCH
1412000096,Simulated,depreciation,tools_furniture_fixtures,202607,38.8,987460,1008333,26273.0,25450.0,-20873,AMOUNT_MISMATCH
1412000096,Simulated,depreciation,tools_furniture_fixtures,202608,38.8,987460,1008333,26273.0,25450.0,-20873,AMOUNT_MISMATCH
1412000096,Simulated,depreciation,tools_furniture_fixtures,202609,38.8,987460,1008333,26273.0,25450.0,-20873,AMOUNT_MISMATCH
1412000096,Simulated,depreciation,tools_furniture_fixtures,202610,38.8,987460,1008333,26273.0,25450.0,-20873,AMOUNT_MISMATCH
1412000096,Simulated,depreciation,tools_furniture_fixtures,202611,38.8,987460,1008333,26273.0,25450.0,-20873,AMOUNT_MISMATCH
1412000096,Simulated,depreciation,tools_furniture_fixtures,202612,38.8,987460,1008333,26273.0,25450.0,-20873,AMOUNT_MISMATCH
1412000096,Simulated,depreciation,tools_furniture_fixtures,202701,38.8,987460,1008333,26273.0,25450.0,-20873,AMOUNT_MISMATCH
1412000096,Simulated,depreciation,tools_furniture_fixtures,202702,38.8,987460,1008333,26273.0,25450.0,-20873,AMOUNT_MISMATCH
1412000096,Simulated,depreciation,tools_furniture_fixtures,202703,38.8,987460,1008333,26273.0,25450.0,-20873,AMOUNT_MISMATCH
1412000096,Simulated,interest,tools_furniture_fixtures,202604,4.19,106636,0,26273.0,25450.0,106636,SOURCE_OR_SCOPE_GAP
1412000096,Simulated,interest,tools_furniture_fixtures,202605,3.03,77114,0,26273.0,25450.0,77114,SOURCE_OR_SCOPE_GAP
1412000096,Simulated,interest,tools_furniture_fixtures,202606,3.03,77114,0,26273.0,25450.0,77114,SOURCE_OR_SCOPE_GAP
1412000096,Simulated,interest,tools_furniture_fixtures,202607,3.03,77114,0,26273.0,25450.0,77114,SOURCE_OR_SCOPE_GAP
1412000096,Simulated,interest,tools_furniture_fixtures,202608,3.03,77114,0,26273.0,25450.0,77114,SOURCE_OR_SCOPE_GAP
1412000096,Simulated,interest,tools_furniture_fixtures,202609,3.03,77114,0,26273.0,25450.0,77114,SOURCE_OR_SCOPE_GAP
1412000096,Simulated,interest,tools_furniture_fixtures,202610,3.03,77114,0,26273.0,25450.0,77114,SOURCE_OR_SCOPE_GAP
1412000096,Simulated,interest,tools_furniture_fixtures,202611,3.03,77114,0,26273.0,25450.0,77114,SOURCE_OR_SCOPE_GAP
1412000096,Simulated,interest,tools_furniture_fixtures,202612,3.03,77114,0,26273.0,25450.0,77114,SOURCE_OR_SCOPE_GAP
1412000096,Simulated,interest,tools_furniture_fixtures,202701,3.03,77114,0,26273.0,25450.0,77114,SOURCE_OR_SCOPE_GAP
1412000096,Simulated,interest,tools_furniture_fixtures,202702,3.03,77114,0,26273.0,25450.0,77114,SOURCE_OR_SCOPE_GAP
1412000096,Simulated,interest,tools_furniture_fixtures,202703,3.03,77114,0,26273.0,25450.0,77114,SOURCE_OR_SCOPE_GAP
1412000098,Simulated,depreciation,machinery_equipment,202604,1746.71,44453770,29396334,26273.0,25450.0,15057436,AMOUNT_MISMATCH
1412000098,Simulated,depreciation,machinery_equipment,202605,1746.71,44453770,29396334,26273.0,25450.0,15057436,AMOUNT_MISMATCH
1412000098,Simulated,depreciation,machinery_equipment,202606,1746.71,44453770,29396334,26273.0,25450.0,15057436,AMOUNT_MISMATCH
1412000098,Simulated,depreciation,machinery_equipment,202607,1746.71,44453770,29396334,26273.0,25450.0,15057436,AMOUNT_MISMATCH
1412000098,Simulated,depreciation,machinery_equipment,202608,1746.71,44453770,29396334,26273.0,25450.0,15057436,AMOUNT_MISMATCH
1412000098,Simulated,depreciation,machinery_equipment,202609,1746.71,44453770,29396334,26273.0,25450.0,15057436,AMOUNT_MISMATCH
1412000098,Simulated,depreciation,machinery_equipment,202610,1746.71,44453770,29396334,26273.0,25450.0,15057436,AMOUNT_MISMATCH
1412000098,Simulated,depreciation,machinery_equipment,202611,1746.71,44453770,29396334,26273.0,25450.0,15057436,AMOUNT_MISMATCH
1412000098,Simulated,depreciation,machinery_equipment,202612,1746.71,44453770,29396334,26273.0,25450.0,15057436,AMOUNT_MISMATCH
1412000098,Simulated,depreciation,machinery_equipment,202701,1746.71,44453770,29396334,26273.0,25450.0,15057436,AMOUNT_MISMATCH
1412000098,Simulated,depreciation,machinery_equipment,202702,1746.71,44453770,29396334,26273.0,25450.0,15057436,AMOUNT_MISMATCH
1412000098,Simulated,depreciation,machinery_equipment,202703,1746.71,44453770,29396334,26273.0,25450.0,15057436,AMOUNT_MISMATCH
1412000098,Simulated,depreciation,tools_furniture_fixtures,202604,758.08,19293138,36412013,26273.0,25450.0,-17118875,AMOUNT_MISMATCH
1412000098,Simulated,depreciation,tools_furniture_fixtures,202605,758.08,19293138,36412013,26273.0,25450.0,-17118875,AMOUNT_MISMATCH
1412000098,Simulated,depreciation,tools_furniture_fixtures,202606,758.08,19293138,36412013,26273.0,25450.0,-17118875,AMOUNT_MISMATCH
1412000098,Simulated,depreciation,tools_furniture_fixtures,202607,758.08,19293138,36412013,26273.0,25450.0,-17118875,AMOUNT_MISMATCH
1412000098,Simulated,depreciation,tools_furniture_fixtures,202608,758.08,19293138,36412013,26273.0,25450.0,-17118875,AMOUNT_MISMATCH
1412000098,Simulated,depreciation,tools_furniture_fixtures,202609,758.08,19293138,36412013,26273.0,25450.0,-17118875,AMOUNT_MISMATCH
1412000098,Simulated,depreciation,tools_furniture_fixtures,202610,758.08,19293138,36412013,26273.0,25450.0,-17118875,AMOUNT_MISMATCH
1412000098,Simulated,depreciation,tools_furniture_fixtures,202611,758.08,19293138,36412013,26273.0,25450.0,-17118875,AMOUNT_MISMATCH
1412000098,Simulated,depreciation,tools_furniture_fixtures,202612,758.08,19293138,36412013,26273.0,25450.0,-17118875,AMOUNT_MISMATCH
1412000098,Simulated,depreciation,tools_furniture_fixtures,202701,758.08,19293138,36412013,26273.0,25450.0,-17118875,AMOUNT_MISMATCH
1412000098,Simulated,depreciation,tools_furniture_fixtures,202702,758.08,19293138,36412013,26273.0,25450.0,-17118875,AMOUNT_MISMATCH
1412000098,Simulated,depreciation,tools_furniture_fixtures,202703,758.08,19293138,36412013,26273.0,25450.0,-17118875,AMOUNT_MISMATCH
1412000098,Simulated,interest,machinery_equipment,202604,310.46,7901207,0,26273.0,25450.0,7901207,SOURCE_OR_SCOPE_GAP
1412000098,Simulated,interest,machinery_equipment,202605,247.58,6300911,0,26273.0,25450.0,6300911,SOURCE_OR_SCOPE_GAP
1412000098,Simulated,interest,machinery_equipment,202606,247.58,6300911,0,26273.0,25450.0,6300911,SOURCE_OR_SCOPE_GAP
1412000098,Simulated,interest,machinery_equipment,202607,247.58,6300911,0,26273.0,25450.0,6300911,SOURCE_OR_SCOPE_GAP
1412000098,Simulated,interest,machinery_equipment,202608,247.58,6300911,0,26273.0,25450.0,6300911,SOURCE_OR_SCOPE_GAP
1412000098,Simulated,interest,machinery_equipment,202609,247.58,6300911,0,26273.0,25450.0,6300911,SOURCE_OR_SCOPE_GAP
1412000098,Simulated,interest,machinery_equipment,202610,247.58,6300911,0,26273.0,25450.0,6300911,SOURCE_OR_SCOPE_GAP
1412000098,Simulated,interest,machinery_equipment,202611,247.58,6300911,0,26273.0,25450.0,6300911,SOURCE_OR_SCOPE_GAP
1412000098,Simulated,interest,machinery_equipment,202612,247.58,6300911,0,26273.0,25450.0,6300911,SOURCE_OR_SCOPE_GAP
1412000098,Simulated,interest,machinery_equipment,202701,247.58,6300911,0,26273.0,25450.0,6300911,SOURCE_OR_SCOPE_GAP
1412000098,Simulated,interest,machinery_equipment,202702,247.58,6300911,0,26273.0,25450.0,6300911,SOURCE_OR_SCOPE_GAP
1412000098,Simulated,interest,machinery_equipment,202703,247.58,6300911,0,26273.0,25450.0,6300911,SOURCE_OR_SCOPE_GAP
1412000098,Simulated,interest,tools_furniture_fixtures,202604,64.47,1640763,0,26273.0,25450.0,1640763,SOURCE_OR_SCOPE_GAP
1412000098,Simulated,interest,tools_furniture_fixtures,202605,37.88,964047,0,26273.0,25450.0,964047,SOURCE_OR_SCOPE_GAP
1412000098,Simulated,interest,tools_furniture_fixtures,202606,37.88,964047,0,26273.0,25450.0,964047,SOURCE_OR_SCOPE_GAP
1412000098,Simulated,interest,tools_furniture_fixtures,202607,37.88,964047,0,26273.0,25450.0,964047,SOURCE_OR_SCOPE_GAP
1412000098,Simulated,interest,tools_furniture_fixtures,202608,37.88,964047,0,26273.0,25450.0,964047,SOURCE_OR_SCOPE_GAP
1412000098,Simulated,interest,tools_furniture_fixtures,202609,37.88,964047,0,26273.0,25450.0,964047,SOURCE_OR_SCOPE_GAP
1412000098,Simulated,interest,tools_furniture_fixtures,202610,37.88,964047,0,26273.0,25450.0,964047,SOURCE_OR_SCOPE_GAP
1412000098,Simulated,interest,tools_furniture_fixtures,202611,37.88,964047,0,26273.0,25450.0,964047,SOURCE_OR_SCOPE_GAP
1412000098,Simulated,interest,tools_furniture_fixtures,202612,37.88,964047,0,26273.0,25450.0,964047,SOURCE_OR_SCOPE_GAP
1412000098,Simulated,interest,tools_furniture_fixtures,202701,37.88,964047,0,26273.0,25450.0,964047,SOURCE_OR_SCOPE_GAP
1412000098,Simulated,interest,tools_furniture_fixtures,202702,37.88,964047,0,26273.0,25450.0,964047,SOURCE_OR_SCOPE_GAP
1412000098,Simulated,interest,tools_furniture_fixtures,202703,37.88,964047,0,26273.0,25450.0,964047,SOURCE_OR_SCOPE_GAP
1412000099,Simulated,depreciation,tools_furniture_fixtures,202604,35.43,901694,935120,26273.0,25450.0,-33426,AMOUNT_MISMATCH
1412000099,Simulated,depreciation,tools_furniture_fixtures,202605,35.43,901694,935120,26273.0,25450.0,-33426,AMOUNT_MISMATCH
1412000099,Simulated,depreciation,tools_furniture_fixtures,202606,35.43,901694,935120,26273.0,25450.0,-33426,AMOUNT_MISMATCH
1412000099,Simulated,depreciation,tools_furniture_fixtures,202607,35.43,901694,935120,26273.0,25450.0,-33426,AMOUNT_MISMATCH
1412000099,Simulated,depreciation,tools_furniture_fixtures,202608,35.43,901694,935120,26273.0,25450.0,-33426,AMOUNT_MISMATCH
1412000099,Simulated,depreciation,tools_furniture_fixtures,202609,35.43,901694,1870240,26273.0,25450.0,-968546,AMOUNT_MISMATCH
1412000099,Simulated,depreciation,tools_furniture_fixtures,202610,35.43,901694,1870240,26273.0,25450.0,-968546,AMOUNT_MISMATCH
1412000099,Simulated,depreciation,tools_furniture_fixtures,202611,35.43,901694,1870240,26273.0,25450.0,-968546,AMOUNT_MISMATCH
1412000099,Simulated,depreciation,tools_furniture_fixtures,202612,35.43,901694,1870240,26273.0,25450.0,-968546,AMOUNT_MISMATCH
1412000099,Simulated,depreciation,tools_furniture_fixtures,202701,35.43,901694,1870240,26273.0,25450.0,-968546,AMOUNT_MISMATCH
1412000099,Simulated,depreciation,tools_furniture_fixtures,202702,35.43,901694,1870240,26273.0,25450.0,-968546,AMOUNT_MISMATCH
1412000099,Simulated,depreciation,tools_furniture_fixtures,202703,35.43,901694,1870240,26273.0,25450.0,-968546,AMOUNT_MISMATCH
1412000099,Simulated,interest,tools_furniture_fixtures,202604,3.83,97474,0,26273.0,25450.0,97474,SOURCE_OR_SCOPE_GAP
1412000099,Simulated,interest,tools_furniture_fixtures,202605,2.77,70496,0,26273.0,25450.0,70496,SOURCE_OR_SCOPE_GAP
1412000099,Simulated,interest,tools_furniture_fixtures,202606,2.77,70496,0,26273.0,25450.0,70496,SOURCE_OR_SCOPE_GAP
1412000099,Simulated,interest,tools_furniture_fixtures,202607,2.77,70496,0,26273.0,25450.0,70496,SOURCE_OR_SCOPE_GAP
1412000099,Simulated,interest,tools_furniture_fixtures,202608,2.77,70496,0,26273.0,25450.0,70496,SOURCE_OR_SCOPE_GAP
1412000099,Simulated,interest,tools_furniture_fixtures,202609,2.77,70496,0,26273.0,25450.0,70496,SOURCE_OR_SCOPE_GAP
1412000099,Simulated,interest,tools_furniture_fixtures,202610,2.77,70496,0,26273.0,25450.0,70496,SOURCE_OR_SCOPE_GAP
1412000099,Simulated,interest,tools_furniture_fixtures,202611,2.77,70496,0,26273.0,25450.0,70496,SOURCE_OR_SCOPE_GAP
1412000099,Simulated,interest,tools_furniture_fixtures,202612,2.77,70496,0,26273.0,25450.0,70496,SOURCE_OR_SCOPE_GAP
1412000099,Simulated,interest,tools_furniture_fixtures,202701,2.77,70496,0,26273.0,25450.0,70496,SOURCE_OR_SCOPE_GAP
1412000099,Simulated,interest,tools_furniture_fixtures,202702,2.77,70496,0,26273.0,25450.0,70496,SOURCE_OR_SCOPE_GAP
1412000099,Simulated,interest,tools_furniture_fixtures,202703,2.77,70496,0,26273.0,25450.0,70496,SOURCE_OR_SCOPE_GAP
1412000101,Simulated,depreciation,tools_furniture_fixtures,202604,0.0,0,875000,26273.0,25450.0,-875000,SOURCE_OR_SCOPE_GAP
1412000101,Simulated,depreciation,tools_furniture_fixtures,202605,0.0,0,30496666,26273.0,25450.0,-30496666,SOURCE_OR_SCOPE_GAP
1412000101,Simulated,depreciation,tools_furniture_fixtures,202606,0.0,0,30496666,26273.0,25450.0,-30496666,SOURCE_OR_SCOPE_GAP
1412000101,Simulated,depreciation,tools_furniture_fixtures,202607,0.0,0,48896634,26273.0,25450.0,-48896634,SOURCE_OR_SCOPE_GAP
1412000101,Simulated,depreciation,tools_furniture_fixtures,202608,0.0,0,48896634,26273.0,25450.0,-48896634,SOURCE_OR_SCOPE_GAP
1412000101,Simulated,depreciation,tools_furniture_fixtures,202609,0.0,0,48896634,26273.0,25450.0,-48896634,SOURCE_OR_SCOPE_GAP
1412000101,Simulated,depreciation,tools_furniture_fixtures,202610,0.0,0,48896634,26273.0,25450.0,-48896634,SOURCE_OR_SCOPE_GAP
1412000101,Simulated,depreciation,tools_furniture_fixtures,202611,0.0,0,48896634,26273.0,25450.0,-48896634,SOURCE_OR_SCOPE_GAP
1412000101,Simulated,depreciation,tools_furniture_fixtures,202612,0.0,0,48896634,26273.0,25450.0,-48896634,SOURCE_OR_SCOPE_GAP
1412000101,Simulated,depreciation,tools_furniture_fixtures,202701,0.0,0,48896634,26273.0,25450.0,-48896634,SOURCE_OR_SCOPE_GAP
1412000101,Simulated,depreciation,tools_furniture_fixtures,202702,0.0,0,48896634,26273.0,25450.0,-48896634,SOURCE_OR_SCOPE_GAP
1412000101,Simulated,depreciation,tools_furniture_fixtures,202703,0.0,0,48896634,26273.0,25450.0,-48896634,SOURCE_OR_SCOPE_GAP
1412000103,Simulated,depreciation,machinery_equipment,202604,30709.77,781563646,806837784,26273.0,25450.0,-25274138,FX_RATE_ONLY
1412000103,Simulated,depreciation,machinery_equipment,202605,30709.77,781563646,821241841,26273.0,25450.0,-39678195,AMOUNT_MISMATCH
1412000103,Simulated,depreciation,machinery_equipment,202606,30709.77,781563646,821241841,26273.0,25450.0,-39678195,AMOUNT_MISMATCH
1412000103,Simulated,depreciation,machinery_equipment,202607,30709.77,781563646,821241841,26273.0,25450.0,-39678195,AMOUNT_MISMATCH
1412000103,Simulated,depreciation,machinery_equipment,202608,30709.77,781563646,821241841,26273.0,25450.0,-39678195,AMOUNT_MISMATCH
1412000103,Simulated,depreciation,machinery_equipment,202609,30709.77,781563646,821241841,26273.0,25450.0,-39678195,AMOUNT_MISMATCH
1412000103,Simulated,depreciation,machinery_equipment,202610,30709.77,781563646,821241841,26273.0,25450.0,-39678195,AMOUNT_MISMATCH
1412000103,Simulated,depreciation,machinery_equipment,202611,30709.77,781563646,821241841,26273.0,25450.0,-39678195,AMOUNT_MISMATCH
1412000103,Simulated,depreciation,machinery_equipment,202612,30709.77,781563646,821241841,26273.0,25450.0,-39678195,AMOUNT_MISMATCH
1412000103,Simulated,depreciation,machinery_equipment,202701,30709.77,781563646,821241841,26273.0,25450.0,-39678195,AMOUNT_MISMATCH
1412000103,Simulated,depreciation,machinery_equipment,202702,30709.77,781563646,821241841,26273.0,25450.0,-39678195,AMOUNT_MISMATCH
1412000103,Simulated,depreciation,machinery_equipment,202703,30709.77,781563646,821241841,26273.0,25450.0,-39678195,AMOUNT_MISMATCH
1412000103,Simulated,depreciation,tools_furniture_fixtures,202604,8444.22,214905393,219288377,26273.0,25450.0,-4382984,AMOUNT_MISMATCH
1412000103,Simulated,depreciation,tools_furniture_fixtures,202605,8444.22,214905393,187442348,26273.0,25450.0,27463045,AMOUNT_MISMATCH
1412000103,Simulated,depreciation,tools_furniture_fixtures,202606,7186.74,182902527,186250605,26273.0,25450.0,-3348078,AMOUNT_MISMATCH
1412000103,Simulated,depreciation,tools_furniture_fixtures,202607,7186.74,182902527,186250605,26273.0,25450.0,-3348078,AMOUNT_MISMATCH
1412000103,Simulated,depreciation,tools_furniture_fixtures,202608,7186.74,182902527,186250605,26273.0,25450.0,-3348078,AMOUNT_MISMATCH
1412000103,Simulated,depreciation,tools_furniture_fixtures,202609,7186.74,182902527,370392091,26273.0,25450.0,-187489564,AMOUNT_MISMATCH
1412000103,Simulated,depreciation,tools_furniture_fixtures,202610,7186.74,182902527,370392091,26273.0,25450.0,-187489564,AMOUNT_MISMATCH
1412000103,Simulated,depreciation,tools_furniture_fixtures,202611,7186.74,182902527,461325862,26273.0,25450.0,-278423335,AMOUNT_MISMATCH
1412000103,Simulated,depreciation,tools_furniture_fixtures,202612,7186.74,182902527,461325862,26273.0,25450.0,-278423335,AMOUNT_MISMATCH
1412000103,Simulated,depreciation,tools_furniture_fixtures,202701,7186.74,182902527,461325862,26273.0,25450.0,-278423335,AMOUNT_MISMATCH
1412000103,Simulated,depreciation,tools_furniture_fixtures,202702,7186.74,182902527,461325862,26273.0,25450.0,-278423335,AMOUNT_MISMATCH
1412000103,Simulated,depreciation,tools_furniture_fixtures,202703,7186.74,182902527,598452530,26273.0,25450.0,-415550003,AMOUNT_MISMATCH
1412000103,Simulated,depreciation,vehicles,202604,678.14,17258661,18964899,26273.0,25450.0,-1706238,AMOUNT_MISMATCH
1412000103,Simulated,depreciation,vehicles,202605,678.14,17258661,18964899,26273.0,25450.0,-1706238,AMOUNT_MISMATCH
1412000103,Simulated,depreciation,vehicles,202606,678.14,17258661,18964899,26273.0,25450.0,-1706238,AMOUNT_MISMATCH
1412000103,Simulated,depreciation,vehicles,202607,678.14,17258661,20048232,26273.0,25450.0,-2789571,AMOUNT_MISMATCH
1412000103,Simulated,depreciation,vehicles,202608,678.14,17258661,20048232,26273.0,25450.0,-2789571,AMOUNT_MISMATCH
1412000103,Simulated,depreciation,vehicles,202609,678.14,17258661,20048232,26273.0,25450.0,-2789571,AMOUNT_MISMATCH
1412000103,Simulated,depreciation,vehicles,202610,678.14,17258661,20048232,26273.0,25450.0,-2789571,AMOUNT_MISMATCH
1412000103,Simulated,depreciation,vehicles,202611,678.14,17258661,20048232,26273.0,25450.0,-2789571,AMOUNT_MISMATCH
1412000103,Simulated,depreciation,vehicles,202612,678.14,17258661,20048232,26273.0,25450.0,-2789571,AMOUNT_MISMATCH
1412000103,Simulated,depreciation,vehicles,202701,678.14,17258661,20048232,26273.0,25450.0,-2789571,AMOUNT_MISMATCH
1412000103,Simulated,depreciation,vehicles,202702,678.14,17258661,14114475,26273.0,25450.0,3144186,AMOUNT_MISMATCH
1412000103,Simulated,depreciation,vehicles,202703,360.41,9172433,11700512,26273.0,25450.0,-2528079,AMOUNT_MISMATCH
1412000103,Simulated,interest,machinery_equipment,202604,8131.98,206958890,0,26273.0,25450.0,206958890,SOURCE_OR_SCOPE_GAP
1412000103,Simulated,interest,machinery_equipment,202605,7026.41,178822134,0,26273.0,25450.0,178822134,SOURCE_OR_SCOPE_GAP
1412000103,Simulated,interest,machinery_equipment,202606,7026.41,178822134,0,26273.0,25450.0,178822134,SOURCE_OR_SCOPE_GAP
1412000103,Simulated,interest,machinery_equipment,202607,7026.41,178822134,0,26273.0,25450.0,178822134,SOURCE_OR_SCOPE_GAP
1412000103,Simulated,interest,machinery_equipment,202608,7026.41,178822134,0,26273.0,25450.0,178822134,SOURCE_OR_SCOPE_GAP
1412000103,Simulated,interest,machinery_equipment,202609,7026.41,178822134,0,26273.0,25450.0,178822134,SOURCE_OR_SCOPE_GAP
1412000103,Simulated,interest,machinery_equipment,202610,7026.41,178822134,0,26273.0,25450.0,178822134,SOURCE_OR_SCOPE_GAP
1412000103,Simulated,interest,machinery_equipment,202611,7026.41,178822134,0,26273.0,25450.0,178822134,SOURCE_OR_SCOPE_GAP
1412000103,Simulated,interest,machinery_equipment,202612,7026.41,178822134,0,26273.0,25450.0,178822134,SOURCE_OR_SCOPE_GAP
1412000103,Simulated,interest,machinery_equipment,202701,7026.41,178822134,0,26273.0,25450.0,178822134,SOURCE_OR_SCOPE_GAP
1412000103,Simulated,interest,machinery_equipment,202702,7026.41,178822134,0,26273.0,25450.0,178822134,SOURCE_OR_SCOPE_GAP
1412000103,Simulated,interest,machinery_equipment,202703,7026.41,178822134,0,26273.0,25450.0,178822134,SOURCE_OR_SCOPE_GAP
1412000103,Simulated,interest,tools_furniture_fixtures,202604,946.26,24082330,0,26273.0,25450.0,24082330,SOURCE_OR_SCOPE_GAP
1412000103,Simulated,interest,tools_furniture_fixtures,202605,642.21,16344245,0,26273.0,25450.0,16344245,SOURCE_OR_SCOPE_GAP
1412000103,Simulated,interest,tools_furniture_fixtures,202606,638.29,16244481,0,26273.0,25450.0,16244481,SOURCE_OR_SCOPE_GAP
1412000103,Simulated,interest,tools_furniture_fixtures,202607,638.29,16244481,0,26273.0,25450.0,16244481,SOURCE_OR_SCOPE_GAP
1412000103,Simulated,interest,tools_furniture_fixtures,202608,638.29,16244481,0,26273.0,25450.0,16244481,SOURCE_OR_SCOPE_GAP
1412000103,Simulated,interest,tools_furniture_fixtures,202609,638.29,16244481,0,26273.0,25450.0,16244481,SOURCE_OR_SCOPE_GAP
1412000103,Simulated,interest,tools_furniture_fixtures,202610,638.29,16244481,0,26273.0,25450.0,16244481,SOURCE_OR_SCOPE_GAP
1412000103,Simulated,interest,tools_furniture_fixtures,202611,638.29,16244481,0,26273.0,25450.0,16244481,SOURCE_OR_SCOPE_GAP
1412000103,Simulated,interest,tools_furniture_fixtures,202612,638.29,16244481,0,26273.0,25450.0,16244481,SOURCE_OR_SCOPE_GAP
1412000103,Simulated,interest,tools_furniture_fixtures,202701,638.29,16244481,0,26273.0,25450.0,16244481,SOURCE_OR_SCOPE_GAP
1412000103,Simulated,interest,tools_furniture_fixtures,202702,638.29,16244481,0,26273.0,25450.0,16244481,SOURCE_OR_SCOPE_GAP
1412000103,Simulated,interest,tools_furniture_fixtures,202703,638.29,16244481,0,26273.0,25450.0,16244481,SOURCE_OR_SCOPE_GAP
1412000103,Simulated,interest,vehicles,202604,65.79,1674355,0,26273.0,25450.0,1674355,SOURCE_OR_SCOPE_GAP
1412000103,Simulated,interest,vehicles,202605,42.91,1092059,0,26273.0,25450.0,1092059,SOURCE_OR_SCOPE_GAP
1412000103,Simulated,interest,vehicles,202606,42.91,1092059,0,26273.0,25450.0,1092059,SOURCE_OR_SCOPE_GAP
1412000103,Simulated,interest,vehicles,202607,42.91,1092059,0,26273.0,25450.0,1092059,SOURCE_OR_SCOPE_GAP
1412000103,Simulated,interest,vehicles,202608,42.91,1092059,0,26273.0,25450.0,1092059,SOURCE_OR_SCOPE_GAP
1412000103,Simulated,interest,vehicles,202609,42.91,1092059,0,26273.0,25450.0,1092059,SOURCE_OR_SCOPE_GAP
1412000103,Simulated,interest,vehicles,202610,42.91,1092059,0,26273.0,25450.0,1092059,SOURCE_OR_SCOPE_GAP
1412000103,Simulated,interest,vehicles,202611,42.91,1092059,0,26273.0,25450.0,1092059,SOURCE_OR_SCOPE_GAP
1412000103,Simulated,interest,vehicles,202612,42.91,1092059,0,26273.0,25450.0,1092059,SOURCE_OR_SCOPE_GAP
1412000103,Simulated,interest,vehicles,202701,42.91,1092059,0,26273.0,25450.0,1092059,SOURCE_OR_SCOPE_GAP
1412000103,Simulated,interest,vehicles,202702,42.91,1092059,0,26273.0,25450.0,1092059,SOURCE_OR_SCOPE_GAP
1412000103,Simulated,interest,vehicles,202703,33.1,842395,0,26273.0,25450.0,842395,SOURCE_OR_SCOPE_GAP
