fy,cc,account,period,expected_per_asset_round_vnd,current_writer_category_round_vnd,alternative_terminal_before_full_fy_vnd,reference_actual_vnd,delta_reference_minus_expected,classification
FY2026,1412000004,5005036246,202504,1522161729,1522161730,1728903867,1522161730,1,ROUNDING_ORDER
FY2026,1412000004,5005036246,202505,1478401556,1478401557,1685143694,1478401557,1,ROUNDING_ORDER
FY2026,1412000004,5005036246,202506,1355417727,1355417729,1562159865,1355417729,2,ROUNDING_ORDER
FY2026,1412000004,5005036246,202507,1165129580,1165129581,1371871718,1165129581,1,ROUNDING_ORDER
FY2026,1412000004,5005036246,202508,979132342,979132343,1185874480,979132343,1,ROUNDING_ORDER
FY2026,1412000004,5005036246,202509,726083667,726083670,932825805,726083670,3,ROUNDING_ORDER
FY2026,1412000004,5005036246,202510,610355032,610355034,817097170,610355034,2,ROUNDING_ORDER
FY2026,1412000004,5005036246,202511,490863344,490863347,697605482,490863347,3,ROUNDING_ORDER
FY2026,1412000004,5005036246,202512,441828907,441828909,648571045,441828909,2,ROUNDING_ORDER
FY2026,1412000004,5005036246,202601,410091407,410091409,616833545,410091409,2,ROUNDING_ORDER
FY2026,1412000004,5005036246,202602,266223289,266223290,472965427,266223290,1,ROUNDING_ORDER
FY2026,1412000004,5005036246,202603,253094374,253094375,459836512,253094375,1,ROUNDING_ORDER
FY2026,1412000004,5006016242,202504,213129247,213129246,213129247,213129246,-1,ROUNDING_ORDER
FY2026,1412000004,5006016242,202505,213129247,213129246,213129247,213129246,-1,ROUNDING_ORDER
FY2026,1412000004,5006016242,202506,213129247,213129246,213129247,213129246,-1,ROUNDING_ORDER
FY2026,1412000004,5006016242,202507,213129247,213129246,213129247,213129246,-1,ROUNDING_ORDER
FY2026,1412000004,5006016242,202508,213129247,213129246,213129247,213129246,-1,ROUNDING_ORDER
FY2026,1412000004,5006016242,202509,213129247,213129246,213129247,213129246,-1,ROUNDING_ORDER
FY2026,1412000004,5006016242,202510,213129247,213129246,213129247,213129246,-1,ROUNDING_ORDER
FY2026,1412000004,5006016242,202511,213129247,213129246,213129247,213129246,-1,ROUNDING_ORDER
FY2026,1412000004,5006016242,202512,213129247,213129246,213129247,213129246,-1,ROUNDING_ORDER
FY2026,1412000004,5006016242,202601,213129247,213129246,213129247,213129246,-1,ROUNDING_ORDER
FY2026,1412000004,5006016242,202602,213129247,213129246,213129247,213129246,-1,ROUNDING_ORDER
FY2026,1412000004,5006016242,202603,213129247,213129246,213129247,213129246,-1,ROUNDING_ORDER
FY2026,1412000004,5006016243,202504,636020,636020,636020,636020,0,EXACT_MATCH
FY2026,1412000004,5006016243,202505,636020,636020,636020,636020,0,EXACT_MATCH
FY2026,1412000004,5006016243,202506,636020,636020,636020,636020,0,EXACT_MATCH
FY2026,1412000004,5006016243,202507,636020,636020,636020,636020,0,EXACT_MATCH
FY2026,1412000004,5006016243,202508,636020,636020,636020,636020,0,EXACT_MATCH
FY2026,1412000004,5006016243,202509,636020,636020,636020,636020,0,EXACT_MATCH
FY2026,1412000004,5006016243,202510,636020,636020,636020,636020,0,EXACT_MATCH
FY2026,1412000004,5006016243,202511,636020,636020,636020,636020,0,EXACT_MATCH
FY2026,1412000004,5006016243,202512,636020,636020,636020,636020,0,EXACT_MATCH
FY2026,1412000004,5006016243,202601,636020,636020,636020,636020,0,EXACT_MATCH
FY2026,1412000004,5006016243,202602,636020,636020,636020,636020,0,EXACT_MATCH
FY2026,1412000004,5006016243,202603,636020,636020,636020,636020,0,EXACT_MATCH
FY2026,1412000004,5006016244,202504,148977856,148977856,174733220,148977856,0,EXACT_MATCH
FY2026,1412000004,5006016244,202505,143735836,143735837,169491200,143735837,1,ROUNDING_ORDER
FY2026,1412000004,5006016244,202506,137035415,137035416,162790779,137035416,1,ROUNDING_ORDER
FY2026,1412000004,5006016244,202507,136791925,136791926,162547289,136791926,1,ROUNDING_ORDER
FY2026,1412000004,5006016244,202508,136791925,136791926,162547289,136791926,1,ROUNDING_ORDER
FY2026,1412000004,5006016244,202509,136791925,136791926,162547289,136791926,1,ROUNDING_ORDER
FY2026,1412000004,5006016244,202510,136791925,136791926,162547289,136791926,1,ROUNDING_ORDER
FY2026,1412000004,5006016244,202511,136791925,136791926,162547289,136791926,1,ROUNDING_ORDER
FY2026,1412000004,5006016244,202512,136791925,136791926,162547289,136791926,1,ROUNDING_ORDER
FY2026,1412000004,5006016244,202601,136791925,136791926,162547289,136791926,1,ROUNDING_ORDER
FY2026,1412000004,5006016244,202602,135058803,135058804,160814167,135058804,1,ROUNDING_ORDER
FY2026,1412000004,5006016244,202603,133546830,133546830,159302194,133546830,0,EXACT_MATCH
FY2026,1412000004,5006016247,202504,17282719,17282719,17282719,17282719,0,EXACT_MATCH
FY2026,1412000004,5006016247,202505,17282719,17282719,17282719,17282719,0,EXACT_MATCH
FY2026,1412000004,5006016247,202506,17282719,17282719,17282719,17282719,0,EXACT_MATCH
FY2026,1412000004,5006016247,202507,17282465,17282465,17282465,17282465,0,EXACT_MATCH
FY2026,1412000004,5006016247,202508,16110463,16110463,16110463,16110463,0,EXACT_MATCH
FY2026,1412000004,5006016247,202509,16110463,16110463,16110463,16110463,0,EXACT_MATCH
FY2026,1412000004,5006016247,202510,16110463,16110463,16110463,16110463,0,EXACT_MATCH
FY2026,1412000004,5006016247,202511,16110463,16110463,16110463,16110463,0,EXACT_MATCH
FY2026,1412000004,5006016247,202512,16110463,16110463,16110463,16110463,0,EXACT_MATCH
FY2026,1412000004,5006016247,202601,16110463,16110463,16110463,16110463,0,EXACT_MATCH
FY2026,1412000004,5006016247,202602,16110463,16110463,16110463,16110463,0,EXACT_MATCH
FY2026,1412000004,5006016247,202603,16110463,16110463,16110463,16110463,0,EXACT_MATCH
FY2026,1412000004,9114120007,202504,150786643,150786640,150786643,150786640,-3,ROUNDING_ORDER
FY2026,1412000004,9114120007,202505,87463479,87463472,87463479,87463472,-7,ROUNDING_ORDER
FY2026,1412000004,9114120007,202506,86708633,86708628,86708633,86708628,-5,ROUNDING_ORDER
FY2026,1412000004,9114120007,202507,84954436,84954433,84954436,84954433,-3,ROUNDING_ORDER
FY2026,1412000004,9114120007,202508,82708437,82708433,82708437,82708433,-4,ROUNDING_ORDER
FY2026,1412000004,9114120007,202509,78912632,78912628,78912632,78912628,-4,ROUNDING_ORDER
FY2026,1412000004,9114120007,202510,76828872,76828871,76828872,76828871,-1,ROUNDING_ORDER
FY2026,1412000004,9114120007,202511,74319832,74319831,74319832,74319831,-1,ROUNDING_ORDER
FY2026,1412000004,9114120007,202512,73143005,73143004,73143005,73143004,-1,ROUNDING_ORDER
FY2026,1412000004,9114120007,202601,72285839,72285838,72285839,72285838,-1,ROUNDING_ORDER
FY2026,1412000004,9114120007,202602,67969539,67969538,67969539,67969538,-1,ROUNDING_ORDER
FY2026,1412000004,9114120007,202603,67482305,67482304,67482305,67482304,-1,ROUNDING_ORDER
FY2026,1412000005,5005036246,202504,7617682248,7617682229,8075167908,7617682229,-19,ROUNDING_ORDER
FY2026,1412000005,5005036246,202505,7061811356,7061811342,7519297016,7061811342,-14,ROUNDING_ORDER
FY2026,1412000005,5005036246,202506,6183880249,6183880239,6641365909,6183880239,-10,ROUNDING_ORDER
FY2026,1412000005,5005036246,202507,4494252677,4494252670,4951738337,4494252670,-7,ROUNDING_ORDER
FY2026,1412000005,5005036246,202508,2485063515,2485063515,2942549175,2485063515,0,EXACT_MATCH
FY2026,1412000005,5005036246,202509,2077509075,2077509075,2534994735,2077509075,0,EXACT_MATCH
FY2026,1412000005,5005036246,202510,2039952949,2039952949,2497438609,2039952949,0,EXACT_MATCH
FY2026,1412000005,5005036246,202511,1911944693,1911944693,2369430353,1911944693,0,EXACT_MATCH
FY2026,1412000005,5005036246,202512,1677001119,1677001121,2134486779,1677001121,2,ROUNDING_ORDER
FY2026,1412000005,5005036246,202601,1366277535,1366277540,1823763195,1366277540,5,ROUNDING_ORDER
FY2026,1412000005,5005036246,202602,1167943043,1167943047,1625428703,1167943047,4,ROUNDING_ORDER
FY2026,1412000005,5005036246,202603,1042757649,1042757652,1500243309,1042757652,3,ROUNDING_ORDER
FY2026,1412000005,5006016242,202504,159884639,159884639,159884639,159884639,0,EXACT_MATCH
FY2026,1412000005,5006016242,202505,159884639,159884639,159884639,159884639,0,EXACT_MATCH
FY2026,1412000005,5006016242,202506,159884639,159884639,159884639,159884639,0,EXACT_MATCH
FY2026,1412000005,5006016242,202507,159884639,159884639,159884639,159884639,0,EXACT_MATCH
FY2026,1412000005,5006016242,202508,159884639,159884639,159884639,159884639,0,EXACT_MATCH
FY2026,1412000005,5006016242,202509,159884639,159884639,159884639,159884639,0,EXACT_MATCH
FY2026,1412000005,5006016242,202510,159884639,159884639,159884639,159884639,0,EXACT_MATCH
FY2026,1412000005,5006016242,202511,159884639,159884639,159884639,159884639,0,EXACT_MATCH
FY2026,1412000005,5006016242,202512,159884639,159884639,159884639,159884639,0,EXACT_MATCH
FY2026,1412000005,5006016242,202601,159884639,159884639,159884639,159884639,0,EXACT_MATCH
FY2026,1412000005,5006016242,202602,159884639,159884639,159884639,159884639,0,EXACT_MATCH
FY2026,1412000005,5006016242,202603,159884639,159884639,159884639,159884639,0,EXACT_MATCH
FY2026,1412000005,5006016244,202504,1152575759,1152575749,1173104083,1152575749,-10,ROUNDING_ORDER
FY2026,1412000005,5006016244,202505,1152575759,1152575749,1173104083,1152575749,-10,ROUNDING_ORDER
FY2026,1412000005,5006016244,202506,1137314845,1137314836,1157843169,1137314836,-9,ROUNDING_ORDER
FY2026,1412000005,5006016244,202507,1130547649,1130547639,1151075973,1130547639,-10,ROUNDING_ORDER
FY2026,1412000005,5006016244,202508,1130316092,1130316082,1150844416,1130316082,-10,ROUNDING_ORDER
FY2026,1412000005,5006016244,202509,1122134165,1122134155,1142662489,1122134155,-10,ROUNDING_ORDER
FY2026,1412000005,5006016244,202510,1120870250,1120870241,1141398574,1120870241,-9,ROUNDING_ORDER
FY2026,1412000005,5006016244,202511,1120834704,1120834695,1141363028,1120834695,-9,ROUNDING_ORDER
FY2026,1412000005,5006016244,202512,1120834704,1120834695,1141363028,1120834695,-9,ROUNDING_ORDER
FY2026,1412000005,5006016244,202601,1120834704,1120834695,1141363028,1120834695,-9,ROUNDING_ORDER
FY2026,1412000005,5006016244,202602,1109983524,1109983517,1130511848,1109983517,-7,ROUNDING_ORDER
FY2026,1412000005,5006016244,202603,1064541772,1064541764,1085070096,1064541764,-8,ROUNDING_ORDER
FY2026,1412000005,5006016247,202504,1834681,1834681,1834681,1834681,0,EXACT_MATCH
FY2026,1412000005,5006016247,202505,1834681,1834681,1834681,1834681,0,EXACT_MATCH
FY2026,1412000005,5006016247,202506,1834681,1834681,1834681,1834681,0,EXACT_MATCH
FY2026,1412000005,5006016247,202507,1834681,1834681,1834681,1834681,0,EXACT_MATCH
FY2026,1412000005,5006016247,202508,1834681,1834681,1834681,1834681,0,EXACT_MATCH
FY2026,1412000005,5006016247,202509,1834681,1834681,1834681,1834681,0,EXACT_MATCH
FY2026,1412000005,5006016247,202510,1834681,1834681,1834681,1834681,0,EXACT_MATCH
FY2026,1412000005,5006016247,202511,1834681,1834681,1834681,1834681,0,EXACT_MATCH
FY2026,1412000005,5006016247,202512,1834681,1834681,1834681,1834681,0,EXACT_MATCH
FY2026,1412000005,5006016247,202601,1834681,1834681,1834681,1834681,0,EXACT_MATCH
FY2026,1412000005,5006016247,202602,1834681,1834681,1834681,1834681,0,EXACT_MATCH
FY2026,1412000005,5006016247,202603,1834681,1834681,1834681,1834681,0,EXACT_MATCH
FY2026,1412000005,9114120007,202504,553773960,553773927,553773960,553773927,-33,ROUNDING_ORDER
FY2026,1412000005,9114120007,202505,238288767,238288705,238288767,238288705,-62,ROUNDING_ORDER
FY2026,1412000005,9114120007,202506,233018814,233018756,233018814,233018756,-58,ROUNDING_ORDER
FY2026,1412000005,9114120007,202507,217712441,217712395,217712441,217712395,-46,ROUNDING_ORDER
FY2026,1412000005,9114120007,202508,193543682,193543654,193543682,193543654,-28,ROUNDING_ORDER
FY2026,1412000005,9114120007,202509,187430531,187430503,187430531,187430503,-28,ROUNDING_ORDER
FY2026,1412000005,9114120007,202510,186626175,186626149,186626175,186626149,-26,ROUNDING_ORDER
FY2026,1412000005,9114120007,202511,183919854,183919828,183919854,183919828,-26,ROUNDING_ORDER
FY2026,1412000005,9114120007,202512,178280987,178280963,178280987,178280963,-24,ROUNDING_ORDER
FY2026,1412000005,9114120007,202601,169890607,169890584,169890607,169890584,-23,ROUNDING_ORDER
FY2026,1412000005,9114120007,202602,163939951,163939930,163939951,163939930,-21,ROUNDING_ORDER
FY2026,1412000005,9114120007,202603,158674065,158674044,158674065,158674044,-21,ROUNDING_ORDER
FY2026,1412000013,5006016242,202504,51900969,51900969,51900969,51900969,0,EXACT_MATCH
FY2026,1412000013,5006016242,202505,51900969,51900969,51900969,51900969,0,EXACT_MATCH
FY2026,1412000013,5006016242,202506,51900969,51900969,51900969,51900969,0,EXACT_MATCH
FY2026,1412000013,5006016242,202507,51900969,51900969,51900969,51900969,0,EXACT_MATCH
FY2026,1412000013,5006016242,202508,51900969,51900969,51900969,51900969,0,EXACT_MATCH
FY2026,1412000013,5006016242,202509,51900969,51900969,51900969,51900969,0,EXACT_MATCH
FY2026,1412000013,5006016242,202510,51900969,51900969,51900969,51900969,0,EXACT_MATCH
FY2026,1412000013,5006016242,202511,51900969,51900969,51900969,51900969,0,EXACT_MATCH
FY2026,1412000013,5006016242,202512,51900969,51900969,51900969,51900969,0,EXACT_MATCH
FY2026,1412000013,5006016242,202601,51900969,51900969,51900969,51900969,0,EXACT_MATCH
FY2026,1412000013,5006016242,202602,51900969,51900969,51900969,51900969,0,EXACT_MATCH
FY2026,1412000013,5006016242,202603,51900969,51900969,51900969,51900969,0,EXACT_MATCH
FY2026,1412000013,5006016244,202504,15031134,15031134,15031134,,,MISSING_REFERENCE_OUTPUT
FY2026,1412000013,5006016244,202505,2999321,2999321,2999321,,,MISSING_REFERENCE_OUTPUT
FY2026,1412000013,5006016244,202506,2999321,2999321,2999321,,,MISSING_REFERENCE_OUTPUT
FY2026,1412000013,5006016244,202507,2999321,2999321,2999321,,,MISSING_REFERENCE_OUTPUT
FY2026,1412000013,5006016244,202508,2999321,2999321,2999321,,,MISSING_REFERENCE_OUTPUT
FY2026,1412000013,5006016244,202509,2999321,2999321,2999321,,,MISSING_REFERENCE_OUTPUT
FY2026,1412000013,5006016244,202510,2999321,2999321,2999321,,,MISSING_REFERENCE_OUTPUT
FY2026,1412000013,5006016244,202511,108161,108161,108161,,,MISSING_REFERENCE_OUTPUT
FY2026,1412000013,9114120007,202504,6480544,6480544,6480544,,,MISSING_REFERENCE_OUTPUT
FY2026,1412000013,9114120007,202505,4034725,4034725,4034725,,,MISSING_REFERENCE_OUTPUT
FY2026,1412000013,9114120007,202506,4034725,4034725,4034725,,,MISSING_REFERENCE_OUTPUT
FY2026,1412000013,9114120007,202507,4034725,4034725,4034725,,,MISSING_REFERENCE_OUTPUT
FY2026,1412000013,9114120007,202508,4034725,4034725,4034725,,,MISSING_REFERENCE_OUTPUT
FY2026,1412000013,9114120007,202509,4034725,4034725,4034725,,,MISSING_REFERENCE_OUTPUT
FY2026,1412000013,9114120007,202510,4034725,4034725,4034725,,,MISSING_REFERENCE_OUTPUT
FY2026,1412000013,9114120007,202511,4034725,4034725,4034725,,,MISSING_REFERENCE_OUTPUT
FY2026,1412000013,9114120007,202512,3971504,3971504,3971504,,,MISSING_REFERENCE_OUTPUT
FY2026,1412000013,9114120007,202601,3971504,3971504,3971504,,,MISSING_REFERENCE_OUTPUT
FY2026,1412000013,9114120007,202602,3971504,3971504,3971504,,,MISSING_REFERENCE_OUTPUT
FY2026,1412000013,9114120007,202603,3971504,3971504,3971504,,,MISSING_REFERENCE_OUTPUT
FY2026,1412000018,5006016242,202504,98428651,98428651,98428651,98428397,-254,TRUE_AMOUNT_MISMATCH
FY2026,1412000018,5006016242,202505,98428651,98428651,98428651,98428397,-254,TRUE_AMOUNT_MISMATCH
FY2026,1412000018,5006016242,202506,98428651,98428651,98428651,98428397,-254,TRUE_AMOUNT_MISMATCH
FY2026,1412000018,5006016242,202507,98428651,98428651,98428651,98428397,-254,TRUE_AMOUNT_MISMATCH
FY2026,1412000018,5006016242,202508,98428651,98428651,98428651,98428397,-254,TRUE_AMOUNT_MISMATCH
FY2026,1412000018,5006016242,202509,98428651,98428651,98428651,98428397,-254,TRUE_AMOUNT_MISMATCH
FY2026,1412000018,5006016242,202510,98428651,98428651,98428651,98428397,-254,TRUE_AMOUNT_MISMATCH
FY2026,1412000018,5006016242,202511,98428651,98428651,98428651,98428397,-254,TRUE_AMOUNT_MISMATCH
FY2026,1412000018,5006016242,202512,98428651,98428651,98428651,98428397,-254,TRUE_AMOUNT_MISMATCH
FY2026,1412000018,5006016242,202601,98428651,98428651,98428651,98428397,-254,TRUE_AMOUNT_MISMATCH
FY2026,1412000018,5006016242,202602,79318360,79318360,79318360,98428397,19110037,TRUE_AMOUNT_MISMATCH
FY2026,1412000018,5006016242,202603,79318360,79318360,79318360,98428397,19110037,TRUE_AMOUNT_MISMATCH
FY2026,1412000018,5006016244,202504,130455852,130455851,130455852,130444481,-11371,TRUE_AMOUNT_MISMATCH
FY2026,1412000018,5006016244,202505,130455852,130455851,130455852,130444481,-11371,TRUE_AMOUNT_MISMATCH
FY2026,1412000018,5006016244,202506,130455852,130455851,130455852,130444481,-11371,TRUE_AMOUNT_MISMATCH
FY2026,1412000018,5006016244,202507,130455852,130455851,130455852,130444481,-11371,TRUE_AMOUNT_MISMATCH
FY2026,1412000018,5006016244,202508,130455852,130455851,130455852,130444481,-11371,TRUE_AMOUNT_MISMATCH
FY2026,1412000018,5006016244,202509,130455852,130455851,130455852,130444481,-11371,TRUE_AMOUNT_MISMATCH
FY2026,1412000018,5006016244,202510,130455852,130455851,130455852,130444481,-11371,TRUE_AMOUNT_MISMATCH
FY2026,1412000018,5006016244,202511,130455852,130455851,130455852,130444481,-11371,TRUE_AMOUNT_MISMATCH
FY2026,1412000018,5006016244,202512,130455852,130455851,130455852,130444481,-11371,TRUE_AMOUNT_MISMATCH
FY2026,1412000018,5006016244,202601,130455344,130455343,130455344,130444481,-10863,TRUE_AMOUNT_MISMATCH
FY2026,1412000018,5006016244,202602,92302299,92302298,92302299,130444481,38142182,TRUE_AMOUNT_MISMATCH
FY2026,1412000018,5006016244,202603,91858482,91858481,91858482,130444481,38585999,TRUE_AMOUNT_MISMATCH
FY2026,1412000018,9114120007,202504,24189054,24189053,24189054,23128512,-1060542,TRUE_AMOUNT_MISMATCH
FY2026,1412000018,9114120007,202505,15950506,15950506,15950506,15944972,-5534,TRUE_AMOUNT_MISMATCH
FY2026,1412000018,9114120007,202506,15950506,15950506,15950506,15944972,-5534,TRUE_AMOUNT_MISMATCH
FY2026,1412000018,9114120007,202507,15950506,15950506,15950506,15944972,-5534,TRUE_AMOUNT_MISMATCH
FY2026,1412000018,9114120007,202508,15950506,15950506,15950506,15944972,-5534,TRUE_AMOUNT_MISMATCH
FY2026,1412000018,9114120007,202509,15950506,15950506,15950506,15944972,-5534,TRUE_AMOUNT_MISMATCH
FY2026,1412000018,9114120007,202510,15950506,15950506,15950506,15944972,-5534,TRUE_AMOUNT_MISMATCH
FY2026,1412000018,9114120007,202511,15950506,15950506,15950506,15944972,-5534,TRUE_AMOUNT_MISMATCH
FY2026,1412000018,9114120007,202512,15950506,15950506,15950506,15944972,-5534,TRUE_AMOUNT_MISMATCH
FY2026,1412000018,9114120007,202601,15950506,15950506,15950506,15944972,-5534,TRUE_AMOUNT_MISMATCH
FY2026,1412000018,9114120007,202602,14589602,14589602,14589602,15944972,1355370,TRUE_AMOUNT_MISMATCH
FY2026,1412000018,9114120007,202603,14217385,14217384,14217385,15944972,1727587,TRUE_AMOUNT_MISMATCH
FY2026,1412000019,5006016244,202504,37572885,37572884,41352695,37572885,0,EXACT_MATCH
FY2026,1412000019,5006016244,202505,37572885,37572884,41352695,37572885,0,EXACT_MATCH
FY2026,1412000019,5006016244,202506,37572885,37572884,41352695,37572885,0,EXACT_MATCH
FY2026,1412000019,5006016244,202507,35582563,35582562,39362373,35582563,0,EXACT_MATCH
FY2026,1412000019,5006016244,202508,35508424,35508423,39288234,35508424,0,EXACT_MATCH
FY2026,1412000019,5006016244,202509,33978930,33978929,37758740,33978930,0,EXACT_MATCH
FY2026,1412000019,5006016244,202510,33921549,33921548,37701359,33921549,0,EXACT_MATCH
FY2026,1412000019,5006016244,202511,1222275,1222275,5002085,1222275,0,EXACT_MATCH
FY2026,1412000019,5006016244,202512,,,3779810,,,EXACT_MATCH
FY2026,1412000019,5006016244,202601,,,3779810,,,EXACT_MATCH
FY2026,1412000019,5006016244,202602,,,3779810,,,EXACT_MATCH
FY2026,1412000019,5006016244,202603,,,3779810,,,EXACT_MATCH
FY2026,1412000019,9114120007,202504,2111433,2111432,2111433,2111433,0,EXACT_MATCH
FY2026,1412000019,9114120007,202505,758400,758399,758400,758400,0,EXACT_MATCH
FY2026,1412000019,9114120007,202506,758400,758399,758400,758400,0,EXACT_MATCH
FY2026,1412000019,9114120007,202507,758400,758399,758400,758400,0,EXACT_MATCH
FY2026,1412000019,9114120007,202508,739611,739611,739611,739611,0,EXACT_MATCH
FY2026,1412000019,9114120007,202509,739611,739611,739611,739611,0,EXACT_MATCH
FY2026,1412000019,9114120007,202510,715744,715744,715744,715744,0,EXACT_MATCH
FY2026,1412000019,9114120007,202511,715744,715744,715744,715744,0,EXACT_MATCH
FY2026,1412000019,9114120007,202512,,,0,,,EXACT_MATCH
FY2026,1412000019,9114120007,202601,,,0,,,EXACT_MATCH
FY2026,1412000019,9114120007,202602,,,0,,,EXACT_MATCH
FY2026,1412000019,9114120007,202603,,,0,,,EXACT_MATCH
FY2026,1412000034,5005036246,202504,557264801,557264798,561721254,557264798,-3,ROUNDING_ORDER
FY2026,1412000034,5005036246,202505,542146833,542146830,546603286,542147084,251,TRUE_AMOUNT_MISMATCH
FY2026,1412000034,5005036246,202506,491578586,491578583,496035039,491578583,-3,ROUNDING_ORDER
FY2026,1412000034,5005036246,202507,419068808,419068805,423525261,419069059,251,TRUE_AMOUNT_MISMATCH
FY2026,1412000034,5005036246,202508,324818081,324818079,329274534,324817825,-256,TRUE_AMOUNT_MISMATCH
FY2026,1412000034,5005036246,202509,309372328,309372326,313828781,309372326,-2,ROUNDING_ORDER
FY2026,1412000034,5005036246,202510,216997668,216997666,221454121,216997666,-2,ROUNDING_ORDER
FY2026,1412000034,5005036246,202511,206947544,206947543,211403997,206947543,-1,ROUNDING_ORDER
FY2026,1412000034,5005036246,202512,206947544,206947543,211403997,206947543,-1,ROUNDING_ORDER
FY2026,1412000034,5005036246,202601,176742839,176742837,181199292,176744106,1267,TRUE_AMOUNT_MISMATCH
FY2026,1412000034,5005036246,202602,53504347,53504347,57960800,53504855,508,TRUE_AMOUNT_MISMATCH
FY2026,1412000034,5005036246,202603,43686795,43686796,48143248,43686796,1,ROUNDING_ORDER
FY2026,1412000034,5006016242,202504,428374243,428374240,428374497,428374494,251,TRUE_AMOUNT_MISMATCH
FY2026,1412000034,5006016242,202505,428374243,428374240,428374497,428374494,251,TRUE_AMOUNT_MISMATCH
FY2026,1412000034,5006016242,202506,398575269,398575267,398575523,398575775,506,TRUE_AMOUNT_MISMATCH
FY2026,1412000034,5006016242,202507,398575015,398575013,398575269,398575775,760,TRUE_AMOUNT_MISMATCH
FY2026,1412000034,5006016242,202508,398575015,398575013,398575269,398575775,760,TRUE_AMOUNT_MISMATCH
FY2026,1412000034,5006016242,202509,398575015,398575013,398575269,398575775,760,TRUE_AMOUNT_MISMATCH
FY2026,1412000034,5006016242,202510,398575015,398575013,398575269,398575775,760,TRUE_AMOUNT_MISMATCH
FY2026,1412000034,5006016242,202511,398575015,398575013,398575269,398575775,760,TRUE_AMOUNT_MISMATCH
FY2026,1412000034,5006016242,202512,398575015,398575013,398575269,398575775,760,TRUE_AMOUNT_MISMATCH
FY2026,1412000034,5006016242,202601,398575015,398575013,398575269,398575775,760,TRUE_AMOUNT_MISMATCH
FY2026,1412000034,5006016242,202602,398575015,398575013,398575269,398575775,760,TRUE_AMOUNT_MISMATCH
FY2026,1412000034,5006016242,202603,398575015,398575013,398575269,398575775,760,TRUE_AMOUNT_MISMATCH
FY2026,1412000034,5006016243,202504,623832,623832,623832,623832,0,EXACT_MATCH
FY2026,1412000034,5006016243,202505,623832,623832,623832,623832,0,EXACT_MATCH
FY2026,1412000034,5006016243,202506,623832,623832,623832,623832,0,EXACT_MATCH
FY2026,1412000034,5006016243,202507,623832,623832,623832,623832,0,EXACT_MATCH
FY2026,1412000034,5006016243,202508,623832,623832,623832,623832,0,EXACT_MATCH
FY2026,1412000034,5006016243,202509,623832,623832,623832,623832,0,EXACT_MATCH
FY2026,1412000034,5006016243,202510,623832,623832,623832,623832,0,EXACT_MATCH
FY2026,1412000034,5006016243,202511,623832,623832,623832,623832,0,EXACT_MATCH
FY2026,1412000034,5006016243,202512,623832,623832,623832,623832,0,EXACT_MATCH
FY2026,1412000034,5006016243,202601,623832,623832,623832,623832,0,EXACT_MATCH
FY2026,1412000034,5006016243,202602,623832,623832,623832,623832,0,EXACT_MATCH
FY2026,1412000034,5006016243,202603,623832,623832,623832,623832,0,EXACT_MATCH
FY2026,1412000034,5006016244,202504,117152759,117152761,117152759,117152761,2,ROUNDING_ORDER
FY2026,1412000034,5006016244,202505,110008775,110008776,110008775,111836856,1828081,TRUE_AMOUNT_MISMATCH
FY2026,1412000034,5006016244,202506,109741672,109741674,109741672,111569754,1828082,TRUE_AMOUNT_MISMATCH
FY2026,1412000034,5006016244,202507,109741672,109741674,109741672,111569754,1828082,TRUE_AMOUNT_MISMATCH
FY2026,1412000034,5006016244,202508,104040856,104040857,104040856,105868937,1828081,TRUE_AMOUNT_MISMATCH
FY2026,1412000034,5006016244,202509,103827834,103827835,103827834,105655915,1828081,TRUE_AMOUNT_MISMATCH
FY2026,1412000034,5006016244,202510,103827834,103827835,103827834,105655915,1828081,TRUE_AMOUNT_MISMATCH
FY2026,1412000034,5006016244,202511,103827834,103827835,103827834,105655915,1828081,TRUE_AMOUNT_MISMATCH
FY2026,1412000034,5006016244,202512,81563597,81563598,81563597,83391678,1828081,TRUE_AMOUNT_MISMATCH
FY2026,1412000034,5006016244,202601,81221087,81221087,81221087,83049167,1828080,TRUE_AMOUNT_MISMATCH
FY2026,1412000034,5006016244,202602,77958218,77958218,77958218,79786298,1828080,TRUE_AMOUNT_MISMATCH
FY2026,1412000034,5006016244,202603,77836346,77836346,77836346,79664426,1828080,TRUE_AMOUNT_MISMATCH
FY2026,1412000034,9114120007,202504,103760557,103760551,103760557,103760551,-6,ROUNDING_ORDER
FY2026,1412000034,9114120007,202505,66081540,66081537,66081540,66081537,-3,ROUNDING_ORDER
FY2026,1412000034,9114120007,202506,65665905,65665902,65665905,65665903,-2,TRUE_AMOUNT_MISMATCH
FY2026,1412000034,9114120007,202507,64923755,64923754,64923755,64923753,-2,TRUE_AMOUNT_MISMATCH
FY2026,1412000034,9114120007,202508,63792630,63792629,63792630,63792629,-1,ROUNDING_ORDER
FY2026,1412000034,9114120007,202509,63489219,63489218,63489219,63489218,-1,ROUNDING_ORDER
FY2026,1412000034,9114120007,202510,61826682,61826681,61826682,61826681,-1,ROUNDING_ORDER
FY2026,1412000034,9114120007,202511,61615691,61615690,61615691,61615690,-1,ROUNDING_ORDER
FY2026,1412000034,9114120007,202512,61301617,61301616,61301617,61301616,-1,ROUNDING_ORDER
FY2026,1412000034,9114120007,202601,60256566,60256564,60256566,60256564,-2,ROUNDING_ORDER
FY2026,1412000034,9114120007,202602,56559273,56559273,56559273,56559272,-1,TRUE_AMOUNT_MISMATCH
FY2026,1412000034,9114120007,202603,56133228,56133228,56133228,56133228,0,EXACT_MATCH
FY2026,1412000036,5006016242,202504,520711323,520711323,520711323,520711321,-2,TRUE_AMOUNT_MISMATCH
FY2026,1412000036,5006016242,202505,520711323,520711323,520711323,520711321,-2,TRUE_AMOUNT_MISMATCH
FY2026,1412000036,5006016242,202506,520711323,520711323,520711323,520711321,-2,TRUE_AMOUNT_MISMATCH
FY2026,1412000036,5006016242,202507,520711323,520711323,520711323,,,MISSING_REFERENCE_OUTPUT
FY2026,1412000036,5006016242,202508,520711323,520711323,520711323,,,MISSING_REFERENCE_OUTPUT
FY2026,1412000036,5006016242,202509,520711323,520711323,520711323,,,MISSING_REFERENCE_OUTPUT
FY2026,1412000036,5006016242,202510,520711323,520711323,520711323,,,MISSING_REFERENCE_OUTPUT
FY2026,1412000036,5006016242,202511,520711323,520711323,520711323,,,MISSING_REFERENCE_OUTPUT
FY2026,1412000036,5006016242,202512,520711323,520711323,520711323,,,MISSING_REFERENCE_OUTPUT
FY2026,1412000036,5006016242,202601,520711323,520711323,520711323,,,MISSING_REFERENCE_OUTPUT
FY2026,1412000036,5006016242,202602,520711323,520711323,520711323,,,MISSING_REFERENCE_OUTPUT
FY2026,1412000036,5006016242,202603,520711323,520711323,520711323,,,MISSING_REFERENCE_OUTPUT
FY2026,1412000036,5006016243,202504,22790572,22790572,22790572,22790570,-2,TRUE_AMOUNT_MISMATCH
FY2026,1412000036,5006016243,202505,17410939,17410939,17410939,17410937,-2,TRUE_AMOUNT_MISMATCH
FY2026,1412000036,5006016243,202506,15222829,15222828,15222829,15222827,-2,TRUE_AMOUNT_MISMATCH
FY2026,1412000036,5006016243,202507,15222829,15222828,15222829,609614,-14613215,TRUE_AMOUNT_MISMATCH
FY2026,1412000036,5006016243,202508,15222829,15222828,15222829,609614,-14613215,TRUE_AMOUNT_MISMATCH
FY2026,1412000036,5006016243,202509,15222829,15222828,15222829,609614,-14613215,TRUE_AMOUNT_MISMATCH
FY2026,1412000036,5006016243,202510,15222829,15222828,15222829,609614,-14613215,TRUE_AMOUNT_MISMATCH
FY2026,1412000036,5006016243,202511,15222829,15222828,15222829,609614,-14613215,TRUE_AMOUNT_MISMATCH
FY2026,1412000036,5006016243,202512,15222829,15222828,15222829,609614,-14613215,TRUE_AMOUNT_MISMATCH
FY2026,1412000036,5006016243,202601,15222829,15222828,15222829,609614,-14613215,TRUE_AMOUNT_MISMATCH
FY2026,1412000036,5006016243,202602,15222829,15222828,15222829,609614,-14613215,TRUE_AMOUNT_MISMATCH
FY2026,1412000036,5006016243,202603,15222829,15222828,15222829,609614,-14613215,TRUE_AMOUNT_MISMATCH
FY2026,1412000036,5006016244,202504,263255207,263255199,268571118,254927021,-8328186,TRUE_AMOUNT_MISMATCH
FY2026,1412000036,5006016244,202505,263255207,263255199,268571118,264462477,1207270,TRUE_AMOUNT_MISMATCH
FY2026,1412000036,5006016244,202506,233695658,233695654,239011569,234902931,1207273,TRUE_AMOUNT_MISMATCH
FY2026,1412000036,5006016244,202507,232585856,232585857,237901767,7583739,-225002117,TRUE_AMOUNT_MISMATCH
FY2026,1412000036,5006016244,202508,232585856,232585857,237901767,7583739,-225002117,TRUE_AMOUNT_MISMATCH
FY2026,1412000036,5006016244,202509,232585856,232585857,237901767,7583739,-225002117,TRUE_AMOUNT_MISMATCH
FY2026,1412000036,5006016244,202510,232585856,232585857,237901767,7583739,-225002117,TRUE_AMOUNT_MISMATCH
FY2026,1412000036,5006016244,202511,232585856,232585857,237901767,7583739,-225002117,TRUE_AMOUNT_MISMATCH
FY2026,1412000036,5006016244,202512,232585856,232585857,237901767,7583739,-225002117,TRUE_AMOUNT_MISMATCH
FY2026,1412000036,5006016244,202601,232585856,232585857,237901767,7583739,-225002117,TRUE_AMOUNT_MISMATCH
FY2026,1412000036,5006016244,202602,215050515,215050507,220366426,15083776,-199966739,TRUE_AMOUNT_MISMATCH
FY2026,1412000036,5006016244,202603,214395447,214395445,219711358,14810833,-199584614,TRUE_AMOUNT_MISMATCH
FY2026,1412000036,9114120007,202504,167291673,167291664,167291673,183793893,16502220,TRUE_AMOUNT_MISMATCH
FY2026,1412000036,9114120007,202505,140016471,140016455,140016471,178395725,38379254,TRUE_AMOUNT_MISMATCH
FY2026,1412000036,9114120007,202506,139987273,139987257,139987273,178393186,38405913,TRUE_AMOUNT_MISMATCH
FY2026,1412000036,9114120007,202507,139799893,139799879,139799893,178146649,38346756,TRUE_AMOUNT_MISMATCH
FY2026,1412000036,9114120007,202508,139799893,139799879,139799893,48073203,-91726690,TRUE_AMOUNT_MISMATCH
FY2026,1412000036,9114120007,202509,139799893,139799879,139799893,48000948,-91798945,TRUE_AMOUNT_MISMATCH
FY2026,1412000036,9114120007,202510,139799893,139799879,139799893,47930955,-91868938,TRUE_AMOUNT_MISMATCH
FY2026,1412000036,9114120007,202511,139799893,139799879,139799893,47925814,-91874079,TRUE_AMOUNT_MISMATCH
FY2026,1412000036,9114120007,202512,139799893,139799879,139799893,47924648,-91875245,TRUE_AMOUNT_MISMATCH
FY2026,1412000036,9114120007,202601,139799893,139799879,139799893,47937262,-91862631,TRUE_AMOUNT_MISMATCH
FY2026,1412000036,9114120007,202602,139799893,139799879,139799893,47917656,-91882237,TRUE_AMOUNT_MISMATCH
FY2026,1412000036,9114120007,202603,139251215,139251201,139251215,49549103,-89702112,TRUE_AMOUNT_MISMATCH
FY2026,1412000039,5006016244,202504,6484860,6484860,6484860,,,MISSING_REFERENCE_OUTPUT
FY2026,1412000039,5006016244,202505,6484860,6484860,6484860,,,MISSING_REFERENCE_OUTPUT
FY2026,1412000039,5006016244,202506,6484860,6484860,6484860,,,MISSING_REFERENCE_OUTPUT
FY2026,1412000039,5006016244,202507,6484860,6484860,6484860,,,MISSING_REFERENCE_OUTPUT
FY2026,1412000039,5006016244,202508,6484860,6484860,6484860,,,MISSING_REFERENCE_OUTPUT
FY2026,1412000039,5006016244,202509,6484860,6484860,6484860,,,MISSING_REFERENCE_OUTPUT
FY2026,1412000039,5006016244,202510,6484860,6484860,6484860,,,MISSING_REFERENCE_OUTPUT
FY2026,1412000039,5006016244,202511,6484860,6484860,6484860,,,MISSING_REFERENCE_OUTPUT
FY2026,1412000039,5006016244,202512,6484860,6484860,6484860,,,MISSING_REFERENCE_OUTPUT
FY2026,1412000039,5006016244,202601,6484860,6484860,6484860,,,MISSING_REFERENCE_OUTPUT
FY2026,1412000039,5006016244,202602,6484860,6484860,6484860,,,MISSING_REFERENCE_OUTPUT
FY2026,1412000039,5006016244,202603,6484860,6484860,6484860,,,MISSING_REFERENCE_OUTPUT
FY2026,1412000039,9114120007,202504,506531,506531,506531,,,MISSING_REFERENCE_OUTPUT
FY2026,1412000039,9114120007,202505,272943,272943,272943,,,MISSING_REFERENCE_OUTPUT
FY2026,1412000039,9114120007,202506,272943,272943,272943,,,MISSING_REFERENCE_OUTPUT
FY2026,1412000039,9114120007,202507,272943,272943,272943,,,MISSING_REFERENCE_OUTPUT
FY2026,1412000039,9114120007,202508,272943,272943,272943,,,MISSING_REFERENCE_OUTPUT
FY2026,1412000039,9114120007,202509,272943,272943,272943,,,MISSING_REFERENCE_OUTPUT
FY2026,1412000039,9114120007,202510,272943,272943,272943,,,MISSING_REFERENCE_OUTPUT
FY2026,1412000039,9114120007,202511,272943,272943,272943,,,MISSING_REFERENCE_OUTPUT
FY2026,1412000039,9114120007,202512,272943,272943,272943,,,MISSING_REFERENCE_OUTPUT
FY2026,1412000039,9114120007,202601,272943,272943,272943,,,MISSING_REFERENCE_OUTPUT
FY2026,1412000039,9114120007,202602,272943,272943,272943,,,MISSING_REFERENCE_OUTPUT
FY2026,1412000039,9114120007,202603,272943,272943,272943,,,MISSING_REFERENCE_OUTPUT
FY2026,1412000040,5006016244,202504,11406711,11406711,11406711,,,MISSING_REFERENCE_OUTPUT
FY2026,1412000040,5006016244,202505,11406711,11406711,11406711,,,MISSING_REFERENCE_OUTPUT
FY2026,1412000040,5006016244,202506,11406711,11406711,11406711,,,MISSING_REFERENCE_OUTPUT
FY2026,1412000040,5006016244,202507,11406711,11406711,11406711,,,MISSING_REFERENCE_OUTPUT
FY2026,1412000040,5006016244,202508,11406711,11406711,11406711,,,MISSING_REFERENCE_OUTPUT
FY2026,1412000040,5006016244,202509,11406711,11406711,11406711,,,MISSING_REFERENCE_OUTPUT
FY2026,1412000040,5006016244,202510,11406711,11406711,11406711,,,MISSING_REFERENCE_OUTPUT
FY2026,1412000040,5006016244,202511,11406711,11406711,11406711,,,MISSING_REFERENCE_OUTPUT
FY2026,1412000040,5006016244,202512,11406711,11406711,11406711,,,MISSING_REFERENCE_OUTPUT
FY2026,1412000040,5006016244,202601,11406711,11406711,11406711,,,MISSING_REFERENCE_OUTPUT
FY2026,1412000040,5006016244,202602,11406711,11406711,11406711,,,MISSING_REFERENCE_OUTPUT
FY2026,1412000040,5006016244,202603,11406711,11406711,11406711,,,MISSING_REFERENCE_OUTPUT
FY2026,1412000040,9114120007,202504,821367,821367,821367,,,MISSING_REFERENCE_OUTPUT
FY2026,1412000040,9114120007,202505,410556,410556,410556,,,MISSING_REFERENCE_OUTPUT
FY2026,1412000040,9114120007,202506,410556,410556,410556,,,MISSING_REFERENCE_OUTPUT
FY2026,1412000040,9114120007,202507,410556,410556,410556,,,MISSING_REFERENCE_OUTPUT
FY2026,1412000040,9114120007,202508,410556,410556,410556,,,MISSING_REFERENCE_OUTPUT
FY2026,1412000040,9114120007,202509,410556,410556,410556,,,MISSING_REFERENCE_OUTPUT
FY2026,1412000040,9114120007,202510,410556,410556,410556,,,MISSING_REFERENCE_OUTPUT
FY2026,1412000040,9114120007,202511,410556,410556,410556,,,MISSING_REFERENCE_OUTPUT
FY2026,1412000040,9114120007,202512,410556,410556,410556,,,MISSING_REFERENCE_OUTPUT
FY2026,1412000040,9114120007,202601,410556,410556,410556,,,MISSING_REFERENCE_OUTPUT
FY2026,1412000040,9114120007,202602,410556,410556,410556,,,MISSING_REFERENCE_OUTPUT
FY2026,1412000040,9114120007,202603,410556,410556,410556,,,MISSING_REFERENCE_OUTPUT
FY2026,1412000044,5006016242,202504,47315281,47315281,47315281,47315281,0,EXACT_MATCH
FY2026,1412000044,5006016242,202505,47315281,47315281,47315281,47315281,0,EXACT_MATCH
FY2026,1412000044,5006016242,202506,47315281,47315281,47315281,47315281,0,EXACT_MATCH
FY2026,1412000044,5006016242,202507,47315281,47315281,47315281,60010281,12695000,TRUE_AMOUNT_MISMATCH
FY2026,1412000044,5006016242,202508,47315281,47315281,47315281,89631948,42316667,TRUE_AMOUNT_MISMATCH
FY2026,1412000044,5006016242,202509,47315281,47315281,47315281,89631948,42316667,TRUE_AMOUNT_MISMATCH
FY2026,1412000044,5006016242,202510,47315281,47315281,47315281,104442782,57127501,TRUE_AMOUNT_MISMATCH
FY2026,1412000044,5006016242,202511,47315281,47315281,47315281,104442782,57127501,TRUE_AMOUNT_MISMATCH
FY2026,1412000044,5006016242,202512,47315281,47315281,47315281,104442782,57127501,TRUE_AMOUNT_MISMATCH
FY2026,1412000044,5006016242,202601,47315281,47315281,47315281,104442782,57127501,TRUE_AMOUNT_MISMATCH
FY2026,1412000044,5006016242,202602,47315281,47315281,47315281,104442782,57127501,TRUE_AMOUNT_MISMATCH
FY2026,1412000044,5006016242,202603,47315281,47315281,47315281,104442782,57127501,TRUE_AMOUNT_MISMATCH
FY2026,1412000044,9114120007,202504,4472195,4472195,4472195,,,MISSING_REFERENCE_OUTPUT
FY2026,1412000044,9114120007,202505,2769033,2769033,2769033,,,MISSING_REFERENCE_OUTPUT
FY2026,1412000044,9114120007,202506,2769033,2769033,2769033,,,MISSING_REFERENCE_OUTPUT
FY2026,1412000044,9114120007,202507,2769033,2769033,2769033,,,MISSING_REFERENCE_OUTPUT
FY2026,1412000044,9114120007,202508,2769033,2769033,2769033,,,MISSING_REFERENCE_OUTPUT
FY2026,1412000044,9114120007,202509,2769033,2769033,2769033,,,MISSING_REFERENCE_OUTPUT
FY2026,1412000044,9114120007,202510,2769033,2769033,2769033,,,MISSING_REFERENCE_OUTPUT
FY2026,1412000044,9114120007,202511,2769033,2769033,2769033,,,MISSING_REFERENCE_OUTPUT
FY2026,1412000044,9114120007,202512,2769033,2769033,2769033,,,MISSING_REFERENCE_OUTPUT
FY2026,1412000044,9114120007,202601,2769033,2769033,2769033,,,MISSING_REFERENCE_OUTPUT
FY2026,1412000044,9114120007,202602,2769033,2769033,2769033,,,MISSING_REFERENCE_OUTPUT
FY2026,1412000044,9114120007,202603,2769033,2769033,2769033,,,MISSING_REFERENCE_OUTPUT
FY2026,1412000050,5006016244,202504,66617775,66617774,66617775,66618029,254,TRUE_AMOUNT_MISMATCH
FY2026,1412000050,5006016244,202505,66617775,66617774,66617775,66618029,254,TRUE_AMOUNT_MISMATCH
FY2026,1412000050,5006016244,202506,66617775,66617774,66617775,66618029,254,TRUE_AMOUNT_MISMATCH
FY2026,1412000050,5006016244,202507,66617775,66617774,66617775,66618029,254,TRUE_AMOUNT_MISMATCH
FY2026,1412000050,5006016244,202508,66617775,66617774,66617775,66618029,254,TRUE_AMOUNT_MISMATCH
FY2026,1412000050,5006016244,202509,66617775,66617774,66617775,66618029,254,TRUE_AMOUNT_MISMATCH
FY2026,1412000050,5006016244,202510,66617775,66617774,66617775,66618029,254,TRUE_AMOUNT_MISMATCH
FY2026,1412000050,5006016244,202511,66617775,66617774,66617775,66618029,254,TRUE_AMOUNT_MISMATCH
FY2026,1412000050,5006016244,202512,66617775,66617774,66617775,66618029,254,TRUE_AMOUNT_MISMATCH
FY2026,1412000050,5006016244,202601,66617775,66617774,66617775,66618029,254,TRUE_AMOUNT_MISMATCH
FY2026,1412000050,5006016244,202602,60366757,60366756,60366757,66618029,6251272,TRUE_AMOUNT_MISMATCH
FY2026,1412000050,5006016244,202603,60132915,60132914,60132915,66617775,6484860,TRUE_AMOUNT_MISMATCH
FY2026,1412000050,9114120007,202504,7663972,7663972,7663972,6896179,-767793,TRUE_AMOUNT_MISMATCH
FY2026,1412000050,9114120007,202505,5265886,5265886,5265886,5282135,16249,TRUE_AMOUNT_MISMATCH
FY2026,1412000050,9114120007,202506,5265886,5265886,5265886,5282135,16249,TRUE_AMOUNT_MISMATCH
FY2026,1412000050,9114120007,202507,5265886,5265886,5265886,5282135,16249,TRUE_AMOUNT_MISMATCH
FY2026,1412000050,9114120007,202508,5265886,5265886,5265886,5282135,16249,TRUE_AMOUNT_MISMATCH
FY2026,1412000050,9114120007,202509,5265886,5265886,5265886,5282135,16249,TRUE_AMOUNT_MISMATCH
FY2026,1412000050,9114120007,202510,5265886,5265886,5265886,5282135,16249,TRUE_AMOUNT_MISMATCH
FY2026,1412000050,9114120007,202511,5265886,5265886,5265886,5282135,16249,TRUE_AMOUNT_MISMATCH
FY2026,1412000050,9114120007,202512,5265886,5265886,5265886,5282135,16249,TRUE_AMOUNT_MISMATCH
FY2026,1412000050,9114120007,202601,5265886,5265886,5265886,5282135,16249,TRUE_AMOUNT_MISMATCH
FY2026,1412000050,9114120007,202602,5265886,5265886,5265886,5282135,16249,TRUE_AMOUNT_MISMATCH
FY2026,1412000050,9114120007,202603,5070637,5070637,5070637,5282135,211498,TRUE_AMOUNT_MISMATCH
FY2026,1412000056,5005036246,202504,4764180,4764180,4764180,4764180,0,EXACT_MATCH
FY2026,1412000056,5005036246,202505,4764180,4764180,4764180,4764180,0,EXACT_MATCH
FY2026,1412000056,5005036246,202506,4764180,4764180,4764180,4764180,0,EXACT_MATCH
FY2026,1412000056,5005036246,202507,4764180,4764180,4764180,4764180,0,EXACT_MATCH
FY2026,1412000056,5005036246,202508,4764180,4764180,4764180,4764180,0,EXACT_MATCH
FY2026,1412000056,5005036246,202509,4764180,4764180,4764180,4764180,0,EXACT_MATCH
FY2026,1412000056,5005036246,202510,4764180,4764180,4764180,4764180,0,EXACT_MATCH
FY2026,1412000056,5005036246,202511,4764180,4764180,4764180,4764180,0,EXACT_MATCH
FY2026,1412000056,5005036246,202512,4764180,4764180,4764180,4764180,0,EXACT_MATCH
FY2026,1412000056,5005036246,202601,4764180,4764180,4764180,4764180,0,EXACT_MATCH
FY2026,1412000056,5005036246,202602,4764180,4764180,4764180,4764180,0,EXACT_MATCH
FY2026,1412000056,5005036246,202603,4764180,4764180,4764180,4764180,0,EXACT_MATCH
FY2026,1412000056,5006016242,202504,1105637003,1105637002,1226584553,1105637002,-1,ROUNDING_ORDER
FY2026,1412000056,5006016242,202505,1105637003,1105637002,1226584553,1105637002,-1,ROUNDING_ORDER
FY2026,1412000056,5006016242,202506,1105637003,1105637002,1226584553,1147953669,42316666,TRUE_AMOUNT_MISMATCH
FY2026,1412000056,5006016242,202507,1105637003,1105637002,1226584553,1147953669,42316666,TRUE_AMOUNT_MISMATCH
FY2026,1412000056,5006016242,202508,1105637003,1105637002,1226584553,1147953669,42316666,TRUE_AMOUNT_MISMATCH
FY2026,1412000056,5006016242,202509,1027127822,1027127822,1148075372,1069441950,42314128,TRUE_AMOUNT_MISMATCH
FY2026,1412000056,5006016242,202510,946374927,946374927,1067322477,988689055,42314128,TRUE_AMOUNT_MISMATCH
FY2026,1412000056,5006016242,202511,946374927,946374927,1067322477,988689055,42314128,TRUE_AMOUNT_MISMATCH
FY2026,1412000056,5006016242,202512,932175062,932175061,1053122612,1183052443,250877381,TRUE_AMOUNT_MISMATCH
FY2026,1412000056,5006016242,202601,917570734,917570733,1038518284,1168448115,250877381,TRUE_AMOUNT_MISMATCH
FY2026,1412000056,5006016242,202602,917570734,917570733,1038518284,1168448115,250877381,TRUE_AMOUNT_MISMATCH
FY2026,1412000056,5006016242,202603,917570734,917570733,1038518284,1168448115,250877381,TRUE_AMOUNT_MISMATCH
FY2026,1412000056,5006016244,202504,199359744,199359741,210437909,214875852,15516108,TRUE_AMOUNT_MISMATCH
FY2026,1412000056,5006016244,202505,199359744,199359741,210437909,218754880,19395136,TRUE_AMOUNT_MISMATCH
FY2026,1412000056,5006016244,202506,196301266,196301262,207379431,215696401,19395135,TRUE_AMOUNT_MISMATCH
FY2026,1412000056,5006016244,202507,196187010,196187007,207265175,226161313,29974303,TRUE_AMOUNT_MISMATCH
FY2026,1412000056,5006016244,202508,196187010,196187007,207265175,226161313,29974303,TRUE_AMOUNT_MISMATCH
FY2026,1412000056,5006016244,202509,196187010,196187007,207265175,254372424,58185414,TRUE_AMOUNT_MISMATCH
FY2026,1412000056,5006016244,202510,101358661,101358657,112436826,242126996,140768335,TRUE_AMOUNT_MISMATCH
FY2026,1412000056,5006016244,202511,97816245,97816245,108894410,275400084,177583839,TRUE_AMOUNT_MISMATCH
FY2026,1412000056,5006016244,202512,97816245,97816245,108894410,284568695,186752450,TRUE_AMOUNT_MISMATCH
FY2026,1412000056,5006016244,202601,97816245,97816245,108894410,312152893,214336648,TRUE_AMOUNT_MISMATCH
FY2026,1412000056,5006016244,202602,90236315,90236314,101314480,304572962,214336647,TRUE_AMOUNT_MISMATCH
FY2026,1412000056,5006016244,202603,89953216,89953215,101031381,304289863,214336647,TRUE_AMOUNT_MISMATCH
FY2026,1412000056,9114120007,202504,135961677,135961672,135961677,119962672,-15999005,TRUE_AMOUNT_MISMATCH
FY2026,1412000056,9114120007,202505,88868301,88868301,88868301,79252092,-9616209,TRUE_AMOUNT_MISMATCH
FY2026,1412000056,9114120007,202506,88868301,88868301,88868301,79671027,-9197274,TRUE_AMOUNT_MISMATCH
FY2026,1412000056,9114120007,202507,88849005,88849005,88849005,87268731,-1580274,TRUE_AMOUNT_MISMATCH
FY2026,1412000056,9114120007,202508,88849005,88849005,88849005,88411281,-437724,TRUE_AMOUNT_MISMATCH
FY2026,1412000056,9114120007,202509,88849005,88849005,88849005,88411281,-437724,TRUE_AMOUNT_MISMATCH
FY2026,1412000056,9114120007,202510,86217840,86217839,86217840,90858115,4640275,TRUE_AMOUNT_MISMATCH
FY2026,1412000056,9114120007,202511,84436733,84436730,84436733,102723213,18286480,TRUE_AMOUNT_MISMATCH
FY2026,1412000056,9114120007,202512,84436733,84436730,84436733,109350003,24913270,TRUE_AMOUNT_MISMATCH
FY2026,1412000056,9114120007,202601,83701692,83701690,83701692,162162472,78460780,TRUE_AMOUNT_MISMATCH
FY2026,1412000056,9114120007,202602,83701692,83701690,83701692,166890993,83189301,TRUE_AMOUNT_MISMATCH
FY2026,1412000056,9114120007,202603,83465057,83465055,83465057,166890993,83425936,TRUE_AMOUNT_MISMATCH
FY2026,1412000057,5006016244,202504,93124173,93124173,93124173,88377258,-4746915,TRUE_AMOUNT_MISMATCH
FY2026,1412000057,5006016244,202505,91052603,91052602,91052603,88377258,-2675345,TRUE_AMOUNT_MISMATCH
FY2026,1412000057,5006016244,202506,88471455,88471455,88471455,88377258,-94197,TRUE_AMOUNT_MISMATCH
FY2026,1412000057,5006016244,202507,88378020,88378020,88378020,88377258,-762,TRUE_AMOUNT_MISMATCH
FY2026,1412000057,5006016244,202508,88378020,88378020,88378020,88377258,-762,TRUE_AMOUNT_MISMATCH
FY2026,1412000057,5006016244,202509,88378020,88378020,88378020,88377258,-762,TRUE_AMOUNT_MISMATCH
FY2026,1412000057,5006016244,202510,88378020,88378020,88378020,88377258,-762,TRUE_AMOUNT_MISMATCH
FY2026,1412000057,5006016244,202511,88378020,88378020,88378020,88377258,-762,TRUE_AMOUNT_MISMATCH
FY2026,1412000057,5006016244,202512,88378020,88378020,88378020,88377258,-762,TRUE_AMOUNT_MISMATCH
FY2026,1412000057,5006016244,202601,88378020,88378020,88378020,88377258,-762,TRUE_AMOUNT_MISMATCH
FY2026,1412000057,5006016244,202602,88378020,88378020,88378020,88377258,-762,TRUE_AMOUNT_MISMATCH
FY2026,1412000057,5006016244,202603,88378020,88378020,88378020,88377258,-762,TRUE_AMOUNT_MISMATCH
FY2026,1412000057,9114120007,202504,10175298,10175296,10175298,7369956,-2805342,TRUE_AMOUNT_MISMATCH
FY2026,1412000057,9114120007,202505,6822039,6822039,6822039,6810126,-11913,TRUE_AMOUNT_MISMATCH
FY2026,1412000057,9114120007,202506,6815438,6815438,6815438,6810126,-5312,TRUE_AMOUNT_MISMATCH
FY2026,1412000057,9114120007,202507,6799696,6799696,6799696,6810126,10430,TRUE_AMOUNT_MISMATCH
FY2026,1412000057,9114120007,202508,6799696,6799696,6799696,6810126,10430,TRUE_AMOUNT_MISMATCH
FY2026,1412000057,9114120007,202509,6799696,6799696,6799696,6810126,10430,TRUE_AMOUNT_MISMATCH
FY2026,1412000057,9114120007,202510,6799696,6799696,6799696,6810126,10430,TRUE_AMOUNT_MISMATCH
FY2026,1412000057,9114120007,202511,6799696,6799696,6799696,6810126,10430,TRUE_AMOUNT_MISMATCH
FY2026,1412000057,9114120007,202512,6799696,6799696,6799696,6810126,10430,TRUE_AMOUNT_MISMATCH
FY2026,1412000057,9114120007,202601,6799696,6799696,6799696,6810126,10430,TRUE_AMOUNT_MISMATCH
FY2026,1412000057,9114120007,202602,6799696,6799696,6799696,6810126,10430,TRUE_AMOUNT_MISMATCH
FY2026,1412000057,9114120007,202603,6799696,6799696,6799696,6810126,10430,TRUE_AMOUNT_MISMATCH
FY2026,1412000069,5006016244,202504,3872229,3872229,3872229,3872229,0,EXACT_MATCH
FY2026,1412000069,5006016244,202505,3872229,3872229,3872229,3872229,0,EXACT_MATCH
FY2026,1412000069,5006016244,202506,3872229,3872229,3872229,3872229,0,EXACT_MATCH
FY2026,1412000069,5006016244,202507,3872229,3872229,3872229,3872229,0,EXACT_MATCH
FY2026,1412000069,5006016244,202508,1682596,1682595,1682596,1682596,0,EXACT_MATCH
FY2026,1412000069,5006016244,202509,1600840,1600840,1600840,1600840,0,EXACT_MATCH
FY2026,1412000069,5006016244,202510,1600840,1600840,1600840,1600840,0,EXACT_MATCH
FY2026,1412000069,5006016244,202511,57635,57635,57635,57635,0,EXACT_MATCH
FY2026,1412000069,9114120007,202504,200581,200581,200581,200581,0,EXACT_MATCH
FY2026,1412000069,9114120007,202505,61190,61190,61190,61190,0,EXACT_MATCH
FY2026,1412000069,9114120007,202506,61190,61190,61190,61190,0,EXACT_MATCH
FY2026,1412000069,9114120007,202507,61190,61190,61190,61190,0,EXACT_MATCH
FY2026,1412000069,9114120007,202508,61190,61190,61190,61190,0,EXACT_MATCH
FY2026,1412000069,9114120007,202509,33769,33769,33769,33769,0,EXACT_MATCH
FY2026,1412000069,9114120007,202510,33769,33769,33769,33769,0,EXACT_MATCH
FY2026,1412000069,9114120007,202511,33769,33769,33769,33769,0,EXACT_MATCH
FY2026,1412000077,5006016242,202504,10189769,10189769,10189769,,,MISSING_REFERENCE_OUTPUT
FY2026,1412000077,5006016242,202505,10189769,10189769,10189769,,,MISSING_REFERENCE_OUTPUT
FY2026,1412000077,5006016242,202506,10189769,10189769,10189769,,,MISSING_REFERENCE_OUTPUT
FY2026,1412000077,5006016242,202507,10189769,10189769,10189769,,,MISSING_REFERENCE_OUTPUT
FY2026,1412000077,5006016242,202508,10189769,10189769,10189769,,,MISSING_REFERENCE_OUTPUT
FY2026,1412000077,5006016242,202509,10189769,10189769,10189769,,,MISSING_REFERENCE_OUTPUT
FY2026,1412000077,5006016242,202510,10189769,10189769,10189769,,,MISSING_REFERENCE_OUTPUT
FY2026,1412000077,5006016242,202511,10189769,10189769,10189769,,,MISSING_REFERENCE_OUTPUT
FY2026,1412000077,5006016242,202512,10189769,10189769,10189769,,,MISSING_REFERENCE_OUTPUT
FY2026,1412000077,5006016242,202601,10189769,10189769,10189769,,,MISSING_REFERENCE_OUTPUT
FY2026,1412000077,5006016242,202602,10189769,10189769,10189769,,,MISSING_REFERENCE_OUTPUT
FY2026,1412000077,5006016242,202603,10189769,10189769,10189769,,,MISSING_REFERENCE_OUTPUT
FY2026,1412000077,5006016244,202504,43679688,43679687,43679688,,,MISSING_REFERENCE_OUTPUT
FY2026,1412000077,5006016244,202505,43628654,43628653,43628654,,,MISSING_REFERENCE_OUTPUT
FY2026,1412000077,5006016244,202506,43628654,43628653,43628654,,,MISSING_REFERENCE_OUTPUT
FY2026,1412000077,5006016244,202507,43628654,43628653,43628654,,,MISSING_REFERENCE_OUTPUT
FY2026,1412000077,5006016244,202508,43628654,43628653,43628654,,,MISSING_REFERENCE_OUTPUT
FY2026,1412000077,5006016244,202509,43628654,43628653,43628654,,,MISSING_REFERENCE_OUTPUT
FY2026,1412000077,5006016244,202510,43628654,43628653,43628654,,,MISSING_REFERENCE_OUTPUT
FY2026,1412000077,5006016244,202511,43628654,43628653,43628654,,,MISSING_REFERENCE_OUTPUT
FY2026,1412000077,5006016244,202512,43628654,43628653,43628654,,,MISSING_REFERENCE_OUTPUT
FY2026,1412000077,5006016244,202601,43628654,43628653,43628654,,,MISSING_REFERENCE_OUTPUT
FY2026,1412000077,5006016244,202602,43628654,43628653,43628654,,,MISSING_REFERENCE_OUTPUT
FY2026,1412000077,5006016244,202603,43628654,43628653,43628654,,,MISSING_REFERENCE_OUTPUT
FY2026,1412000077,9114120007,202504,6544528,6544527,6544528,,,MISSING_REFERENCE_OUTPUT
FY2026,1412000077,9114120007,202505,5053626,5053626,5053626,,,MISSING_REFERENCE_OUTPUT
FY2026,1412000077,9114120007,202506,5053626,5053626,5053626,,,MISSING_REFERENCE_OUTPUT
FY2026,1412000077,9114120007,202507,5053626,5053626,5053626,,,MISSING_REFERENCE_OUTPUT
FY2026,1412000077,9114120007,202508,5053626,5053626,5053626,,,MISSING_REFERENCE_OUTPUT
FY2026,1412000077,9114120007,202509,5053626,5053626,5053626,,,MISSING_REFERENCE_OUTPUT
FY2026,1412000077,9114120007,202510,5053626,5053626,5053626,,,MISSING_REFERENCE_OUTPUT
FY2026,1412000077,9114120007,202511,5053626,5053626,5053626,,,MISSING_REFERENCE_OUTPUT
FY2026,1412000077,9114120007,202512,5053626,5053626,5053626,,,MISSING_REFERENCE_OUTPUT
FY2026,1412000077,9114120007,202601,5053626,5053626,5053626,,,MISSING_REFERENCE_OUTPUT
FY2026,1412000077,9114120007,202602,5053626,5053626,5053626,,,MISSING_REFERENCE_OUTPUT
FY2026,1412000077,9114120007,202603,5053626,5053626,5053626,,,MISSING_REFERENCE_OUTPUT
FY2026,1412000081,5005036246,202504,1861456680,1861456678,3571869273,1861456678,-2,ROUNDING_ORDER
FY2026,1412000081,5005036246,202505,1692507557,1692507556,3402920150,1692507556,-1,ROUNDING_ORDER
FY2026,1412000081,5005036246,202506,1692507557,1692507556,3402920150,1692507556,-1,ROUNDING_ORDER
FY2026,1412000081,5005036246,202507,1692507557,1692507556,3402920150,1692507556,-1,ROUNDING_ORDER
FY2026,1412000081,5005036246,202508,1692507557,1692507556,3402920150,1692507556,-1,ROUNDING_ORDER
FY2026,1412000081,5005036246,202509,1684890557,1684890556,3395303150,1684890556,-1,ROUNDING_ORDER
FY2026,1412000081,5005036246,202510,1639569407,1639569406,3349982000,1639569406,-1,ROUNDING_ORDER
FY2026,1412000081,5005036246,202511,1607640721,1607640719,3318053314,1607640719,-2,ROUNDING_ORDER
FY2026,1412000081,5005036246,202512,1450331898,1450331896,3160744491,1450331896,-2,ROUNDING_ORDER
FY2026,1412000081,5005036246,202601,1275472744,1275472744,2985885337,1275472744,0,EXACT_MATCH
FY2026,1412000081,5005036246,202602,1066468358,1066468357,2776880951,1066468357,-1,ROUNDING_ORDER
FY2026,1412000081,5005036246,202603,944618446,944618447,2655031039,944618447,1,ROUNDING_ORDER
FY2026,1412000081,5006016242,202504,371769270,371769266,371769270,371769267,-3,TRUE_AMOUNT_MISMATCH
FY2026,1412000081,5006016242,202505,371769270,371769266,371769270,371769267,-3,TRUE_AMOUNT_MISMATCH
FY2026,1412000081,5006016242,202506,371769270,371769266,371769270,371769267,-3,TRUE_AMOUNT_MISMATCH
FY2026,1412000081,5006016242,202507,371769270,371769266,371769270,371769267,-3,TRUE_AMOUNT_MISMATCH
FY2026,1412000081,5006016242,202508,371769270,371769266,371769270,371769267,-3,TRUE_AMOUNT_MISMATCH
FY2026,1412000081,5006016242,202509,371769270,371769266,371769270,371769267,-3,TRUE_AMOUNT_MISMATCH
FY2026,1412000081,5006016242,202510,343319775,343319771,343319775,343319772,-3,TRUE_AMOUNT_MISMATCH
FY2026,1412000081,5006016242,202511,343319775,343319771,343319775,343319772,-3,TRUE_AMOUNT_MISMATCH
FY2026,1412000081,5006016242,202512,343319775,343319771,343319775,343319772,-3,TRUE_AMOUNT_MISMATCH
FY2026,1412000081,5006016242,202601,310644875,310644873,310644875,310644873,-2,ROUNDING_ORDER
FY2026,1412000081,5006016242,202602,274536232,274536230,274536232,274536230,-2,ROUNDING_ORDER
FY2026,1412000081,5006016242,202603,274536232,274536230,274536232,274536230,-2,ROUNDING_ORDER
FY2026,1412000081,5006016243,202504,636020,636020,636020,636020,0,EXACT_MATCH
FY2026,1412000081,5006016243,202505,636020,636020,636020,636020,0,EXACT_MATCH
FY2026,1412000081,5006016243,202506,636020,636020,636020,636020,0,EXACT_MATCH
FY2026,1412000081,5006016243,202507,636020,636020,636020,636020,0,EXACT_MATCH
FY2026,1412000081,5006016243,202508,636020,636020,636020,636020,0,EXACT_MATCH
FY2026,1412000081,5006016243,202509,636020,636020,636020,636020,0,EXACT_MATCH
FY2026,1412000081,5006016243,202510,636020,636020,636020,636020,0,EXACT_MATCH
FY2026,1412000081,5006016243,202511,636020,636020,636020,636020,0,EXACT_MATCH
FY2026,1412000081,5006016243,202512,636020,636020,636020,636020,0,EXACT_MATCH
FY2026,1412000081,5006016243,202601,636020,636020,636020,636020,0,EXACT_MATCH
FY2026,1412000081,5006016243,202602,636020,636020,636020,636020,0,EXACT_MATCH
FY2026,1412000081,5006016243,202603,636020,636020,636020,636020,0,EXACT_MATCH
FY2026,1412000081,5006016244,202504,746274571,746274559,748683830,746274559,-12,ROUNDING_ORDER
FY2026,1412000081,5006016244,202505,742687725,742687714,745096984,742687714,-11,ROUNDING_ORDER
FY2026,1412000081,5006016244,202506,734337461,734337451,736746720,734337451,-10,ROUNDING_ORDER
FY2026,1412000081,5006016244,202507,734029479,734029470,736438738,734029470,-9,ROUNDING_ORDER
FY2026,1412000081,5006016244,202508,668827959,668827950,671237218,668827950,-9,ROUNDING_ORDER
FY2026,1412000081,5006016244,202509,668721829,668721820,671131088,668721820,-9,ROUNDING_ORDER
FY2026,1412000081,5006016244,202510,668721829,668721820,671131088,668721820,-9,ROUNDING_ORDER
FY2026,1412000081,5006016244,202511,659204641,659204632,661613900,659204632,-9,ROUNDING_ORDER
FY2026,1412000081,5006016244,202512,529715133,529715125,532124392,529715125,-8,ROUNDING_ORDER
FY2026,1412000081,5006016244,202601,506856268,506856254,509265527,506856254,-14,ROUNDING_ORDER
FY2026,1412000081,5006016244,202602,483942800,483942794,486352059,483942794,-6,ROUNDING_ORDER
FY2026,1412000081,5006016244,202603,483117370,483117365,485526629,483117365,-5,ROUNDING_ORDER
FY2026,1412000081,5006016247,202504,18533685,18533684,41916608,18533684,-1,ROUNDING_ORDER
FY2026,1412000081,5006016247,202505,13175379,13175379,36558302,13175379,0,EXACT_MATCH
FY2026,1412000081,5006016247,202506,13175379,13175379,36558302,13175379,0,EXACT_MATCH
FY2026,1412000081,5006016247,202507,13175379,13175379,36558302,13175379,0,EXACT_MATCH
FY2026,1412000081,5006016247,202508,13175379,13175379,36558302,13175379,0,EXACT_MATCH
FY2026,1412000081,5006016247,202509,13175379,13175379,36558302,13175379,0,EXACT_MATCH
FY2026,1412000081,5006016247,202510,13175379,13175379,36558302,13175379,0,EXACT_MATCH
FY2026,1412000081,5006016247,202511,13175379,13175379,36558302,13175379,0,EXACT_MATCH
FY2026,1412000081,5006016247,202512,13175125,13175125,36558048,13175125,0,EXACT_MATCH
FY2026,1412000081,5006016247,202601,,,23382923,0,,EXTRA_REFERENCE_OUTPUT
FY2026,1412000081,5006016247,202602,,,23382923,0,,EXTRA_REFERENCE_OUTPUT
FY2026,1412000081,5006016247,202603,,,23382923,0,,EXTRA_REFERENCE_OUTPUT
FY2026,1412000081,9114120007,202504,259244114,259244087,259244114,259244088,-26,TRUE_AMOUNT_MISMATCH
FY2026,1412000081,9114120007,202505,158057588,158057574,158057588,158057574,-14,ROUNDING_ORDER
FY2026,1412000081,9114120007,202506,158045909,158045894,158045909,158045894,-15,ROUNDING_ORDER
FY2026,1412000081,9114120007,202507,157993859,157993845,157993859,157993845,-14,ROUNDING_ORDER
FY2026,1412000081,9114120007,202508,157245361,157245348,157245361,157245348,-13,ROUNDING_ORDER
FY2026,1412000081,9114120007,202509,157095306,157095293,157095306,157095293,-13,ROUNDING_ORDER
FY2026,1412000081,9114120007,202510,155767662,155767650,155767662,155767650,-12,ROUNDING_ORDER
FY2026,1412000081,9114120007,202511,155096858,155096847,155096858,155096847,-11,ROUNDING_ORDER
FY2026,1412000081,9114120007,202512,148556138,148556129,148556138,148556129,-9,ROUNDING_ORDER
FY2026,1412000081,9114120007,202601,142053249,142053241,142053249,142053241,-8,ROUNDING_ORDER
FY2026,1412000081,9114120007,202602,134056155,134056154,134056155,134056154,-1,ROUNDING_ORDER
FY2026,1412000081,9114120007,202603,129346055,129346054,129346055,129346054,-1,ROUNDING_ORDER
FY2026,1412000098,5006016242,202504,44348967,44348967,44348967,28408363,-15940604,TRUE_AMOUNT_MISMATCH
FY2026,1412000098,5006016242,202505,44348967,44348967,44348967,28408363,-15940604,TRUE_AMOUNT_MISMATCH
FY2026,1412000098,5006016242,202506,44348967,44348967,44348967,28408363,-15940604,TRUE_AMOUNT_MISMATCH
FY2026,1412000098,5006016242,202507,44348967,44348967,44348967,28408363,-15940604,TRUE_AMOUNT_MISMATCH
FY2026,1412000098,5006016242,202508,44348967,44348967,44348967,28408363,-15940604,TRUE_AMOUNT_MISMATCH
FY2026,1412000098,5006016242,202509,44348967,44348967,44348967,28408363,-15940604,TRUE_AMOUNT_MISMATCH
FY2026,1412000098,5006016242,202510,44348967,44348967,44348967,28408363,-15940604,TRUE_AMOUNT_MISMATCH
FY2026,1412000098,5006016242,202511,44348967,44348967,44348967,28408363,-15940604,TRUE_AMOUNT_MISMATCH
FY2026,1412000098,5006016242,202512,44348967,44348967,44348967,28408363,-15940604,TRUE_AMOUNT_MISMATCH
FY2026,1412000098,5006016242,202601,44348967,44348967,44348967,28408363,-15940604,TRUE_AMOUNT_MISMATCH
FY2026,1412000098,5006016242,202602,44348967,44348967,44348967,28408363,-15940604,TRUE_AMOUNT_MISMATCH
FY2026,1412000098,5006016242,202603,44348967,44348967,44348967,28408363,-15940604,TRUE_AMOUNT_MISMATCH
FY2026,1412000098,5006016244,202504,17266724,17266723,17266724,29145181,11878457,TRUE_AMOUNT_MISMATCH
FY2026,1412000098,5006016244,202505,17266724,17266723,17266724,29145181,11878457,TRUE_AMOUNT_MISMATCH
FY2026,1412000098,5006016244,202506,17266724,17266723,17266724,29145181,11878457,TRUE_AMOUNT_MISMATCH
FY2026,1412000098,5006016244,202507,17266724,17266723,17266724,29145181,11878457,TRUE_AMOUNT_MISMATCH
FY2026,1412000098,5006016244,202508,17266724,17266723,17266724,29145181,11878457,TRUE_AMOUNT_MISMATCH
FY2026,1412000098,5006016244,202509,17266724,17266723,17266724,29145181,11878457,TRUE_AMOUNT_MISMATCH
FY2026,1412000098,5006016244,202510,17266724,17266723,17266724,29145181,11878457,TRUE_AMOUNT_MISMATCH
FY2026,1412000098,5006016244,202511,17266724,17266723,17266724,29145181,11878457,TRUE_AMOUNT_MISMATCH
FY2026,1412000098,5006016244,202512,17266724,17266723,17266724,29145181,11878457,TRUE_AMOUNT_MISMATCH
FY2026,1412000098,5006016244,202601,17266724,17266723,17266724,29145181,11878457,TRUE_AMOUNT_MISMATCH
FY2026,1412000098,5006016244,202602,17266724,17266723,17266724,29145181,11878457,TRUE_AMOUNT_MISMATCH
FY2026,1412000098,5006016244,202603,17266724,17266723,17266724,29145181,11878457,TRUE_AMOUNT_MISMATCH
FY2026,1412000098,9114120007,202504,11021800,11021799,11021800,10582552,-439248,TRUE_AMOUNT_MISMATCH
FY2026,1412000098,9114120007,202505,9305180,9305181,9305180,10582552,1277372,TRUE_AMOUNT_MISMATCH
FY2026,1412000098,9114120007,202506,9305180,9305181,9305180,10582552,1277372,TRUE_AMOUNT_MISMATCH
FY2026,1412000098,9114120007,202507,9305180,9305181,9305180,10582552,1277372,TRUE_AMOUNT_MISMATCH
FY2026,1412000098,9114120007,202508,9305180,9305181,9305180,10582552,1277372,TRUE_AMOUNT_MISMATCH
FY2026,1412000098,9114120007,202509,9305180,9305181,9305180,10582552,1277372,TRUE_AMOUNT_MISMATCH
FY2026,1412000098,9114120007,202510,9305180,9305181,9305180,10582552,1277372,TRUE_AMOUNT_MISMATCH
FY2026,1412000098,9114120007,202511,9305180,9305181,9305180,10582552,1277372,TRUE_AMOUNT_MISMATCH
FY2026,1412000098,9114120007,202512,9305180,9305181,9305180,10582552,1277372,TRUE_AMOUNT_MISMATCH
FY2026,1412000098,9114120007,202601,9305180,9305181,9305180,10582552,1277372,TRUE_AMOUNT_MISMATCH
FY2026,1412000098,9114120007,202602,9305180,9305181,9305180,10582552,1277372,TRUE_AMOUNT_MISMATCH
FY2026,1412000098,9114120007,202603,9305180,9305181,9305180,10582552,1277372,TRUE_AMOUNT_MISMATCH
FY2027,1412000004,5005036246,202604,737988341,737988340,984026055,737988077,-264,TRUE_AMOUNT_MISMATCH
FY2027,1412000004,5005036246,202605,733896847,733896846,979934561,733896846,-1,ROUNDING_ORDER
FY2027,1412000004,5005036246,202606,733896847,733896846,979934561,733896846,-1,ROUNDING_ORDER
FY2027,1412000004,5005036246,202607,733896847,733896846,979934561,733896846,-1,ROUNDING_ORDER
FY2027,1412000004,5005036246,202608,726333901,726333900,972371615,726333637,-264,TRUE_AMOUNT_MISMATCH
FY2027,1412000004,5005036246,202609,700280018,700280017,946317732,700280017,-1,ROUNDING_ORDER
FY2027,1412000004,5005036246,202610,684078510,684078508,930116224,684078508,-2,ROUNDING_ORDER
FY2027,1412000004,5005036246,202611,514207274,514207274,760244988,514207274,0,EXACT_MATCH
FY2027,1412000004,5005036246,202612,476092770,476092770,722130484,476092770,0,EXACT_MATCH
FY2027,1412000004,5005036246,202701,476092770,476092770,722130484,476092770,0,EXACT_MATCH
FY2027,1412000004,5005036246,202702,476092507,476092508,722130221,476092770,263,TRUE_AMOUNT_MISMATCH
FY2027,1412000004,5005036246,202703,462080328,462080328,708118042,462080328,0,EXACT_MATCH
FY2027,1412000004,5006016242,202604,239930028,239930028,239930028,239930028,0,EXACT_MATCH
FY2027,1412000004,5006016242,202605,239930028,239930028,239930028,239930028,0,EXACT_MATCH
FY2027,1412000004,5006016242,202606,239930028,239930028,239930028,239930028,0,EXACT_MATCH
FY2027,1412000004,5006016242,202607,239930028,239930028,239930028,239930028,0,EXACT_MATCH
FY2027,1412000004,5006016242,202608,239930028,239930028,239930028,239929502,-526,TRUE_AMOUNT_MISMATCH
FY2027,1412000004,5006016242,202609,230069508,230069508,230069508,222428269,-7641239,TRUE_AMOUNT_MISMATCH
FY2027,1412000004,5006016242,202610,213622873,213622873,213622873,213622873,0,EXACT_MATCH
FY2027,1412000004,5006016242,202611,213622873,213622873,213622873,213622873,0,EXACT_MATCH
FY2027,1412000004,5006016242,202612,213622873,213622873,213622873,213622873,0,EXACT_MATCH
FY2027,1412000004,5006016242,202701,213622873,213622873,213622873,213622873,0,EXACT_MATCH
FY2027,1412000004,5006016242,202702,213623135,213623136,213623135,213622610,-525,TRUE_AMOUNT_MISMATCH
FY2027,1412000004,5006016242,202703,202991766,202991766,202991766,202991766,0,EXACT_MATCH
FY2027,1412000004,5006016243,202604,658401,658401,658401,658401,0,EXACT_MATCH
FY2027,1412000004,5006016243,202605,658401,658401,658401,658401,0,EXACT_MATCH
FY2027,1412000004,5006016243,202606,658401,658401,658401,658401,0,EXACT_MATCH
FY2027,1412000004,5006016243,202607,658401,658401,658401,658401,0,EXACT_MATCH
FY2027,1412000004,5006016243,202608,658401,658401,658401,658401,0,EXACT_MATCH
FY2027,1412000004,5006016243,202609,658401,658401,658401,658401,0,EXACT_MATCH
FY2027,1412000004,5006016243,202610,658401,658401,658401,658401,0,EXACT_MATCH
FY2027,1412000004,5006016243,202611,658401,658401,658401,658401,0,EXACT_MATCH
FY2027,1412000004,5006016243,202612,658401,658401,658401,658401,0,EXACT_MATCH
FY2027,1412000004,5006016243,202701,658401,658401,658401,658401,0,EXACT_MATCH
FY2027,1412000004,5006016243,202702,658401,658401,658401,658401,0,EXACT_MATCH
FY2027,1412000004,5006016243,202703,658401,658401,658401,658401,0,EXACT_MATCH
FY2027,1412000004,5006016244,202604,131082830,131082828,173913075,131082828,-2,ROUNDING_ORDER
FY2027,1412000004,5006016244,202605,131082830,131082828,173913075,131082828,-2,ROUNDING_ORDER
FY2027,1412000004,5006016244,202606,131082830,131082828,173913075,131082828,-2,ROUNDING_ORDER
FY2027,1412000004,5006016244,202607,131082830,131082828,173913075,131082828,-2,ROUNDING_ORDER
FY2027,1412000004,5006016244,202608,131083356,131083353,173913601,98522962,-32560394,TRUE_AMOUNT_MISMATCH
FY2027,1412000004,5006016244,202609,97305210,97305208,140135455,97304946,-264,TRUE_AMOUNT_MISMATCH
FY2027,1412000004,5006016244,202610,84278531,84278529,127108776,62409935,-21868596,TRUE_AMOUNT_MISMATCH
FY2027,1412000004,5006016244,202611,61592059,61592057,104422304,61592057,-2,ROUNDING_ORDER
FY2027,1412000004,5006016244,202612,61592059,61592057,104422304,61592057,-2,ROUNDING_ORDER
FY2027,1412000004,5006016244,202701,61592059,61592057,104422304,61592057,-2,ROUNDING_ORDER
FY2027,1412000004,5006016244,202702,61592059,61592057,104422304,61592057,-2,ROUNDING_ORDER
FY2027,1412000004,5006016244,202703,61592321,61592319,104422566,61592057,-264,TRUE_AMOUNT_MISMATCH
FY2027,1412000004,5006016247,202604,16670481,16670481,16670481,16670481,0,EXACT_MATCH
FY2027,1412000004,5006016247,202605,16670481,16670481,16670481,16670481,0,EXACT_MATCH
FY2027,1412000004,5006016247,202606,16670481,16670481,16670481,16670481,0,EXACT_MATCH
FY2027,1412000004,5006016247,202607,16670481,16670481,16670481,16670481,0,EXACT_MATCH
FY2027,1412000004,5006016247,202608,16670481,16670481,16670481,16670481,0,EXACT_MATCH
FY2027,1412000004,5006016247,202609,16670481,16670481,16670481,16670481,0,EXACT_MATCH
FY2027,1412000004,5006016247,202610,16670481,16670481,16670481,16670481,0,EXACT_MATCH
FY2027,1412000004,5006016247,202611,16670481,16670481,16670481,16670481,0,EXACT_MATCH
FY2027,1412000004,5006016247,202612,16670481,16670481,16670481,16670481,0,EXACT_MATCH
FY2027,1412000004,5006016247,202701,16670481,16670481,16670481,16670481,0,EXACT_MATCH
FY2027,1412000004,5006016247,202702,16670481,16670481,16670481,16670481,0,EXACT_MATCH
FY2027,1412000004,5006016247,202703,16670481,16670481,16670481,16670481,0,EXACT_MATCH
FY2027,1412000004,9114120007,202604,109399197,109399196,109399197,109399196,-1,ROUNDING_ORDER
FY2027,1412000004,9114120007,202605,75611590,75611591,75611590,75611591,1,ROUNDING_ORDER
FY2027,1412000004,9114120007,202606,75611590,75611591,75611590,75611591,1,ROUNDING_ORDER
FY2027,1412000004,9114120007,202607,75611590,75611591,75611590,75611591,1,ROUNDING_ORDER
FY2027,1412000004,9114120007,202608,75520948,75520949,75520948,75520949,1,ROUNDING_ORDER
FY2027,1412000004,9114120007,202609,74573544,74573545,74573544,74573545,1,ROUNDING_ORDER
FY2027,1412000004,9114120007,202610,73774583,73774584,73774583,73774584,1,ROUNDING_ORDER
FY2027,1412000004,9114120007,202611,69796326,69796326,69796326,69796326,0,EXACT_MATCH
FY2027,1412000004,9114120007,202612,68881500,68881500,68881500,68881500,0,EXACT_MATCH
FY2027,1412000004,9114120007,202701,68881500,68881500,68881500,68881500,0,EXACT_MATCH
FY2027,1412000004,9114120007,202702,68881500,68881500,68881500,68881500,0,EXACT_MATCH
FY2027,1412000004,9114120007,202703,68068350,68068350,68068350,68068350,0,EXACT_MATCH
FY2027,1412000005,5005036246,202604,1004974050,1004974040,2247683804,1004973778,-272,TRUE_AMOUNT_MISMATCH
FY2027,1412000005,5005036246,202605,865753685,865753676,2108463439,865754202,517,TRUE_AMOUNT_MISMATCH
FY2027,1412000005,5005036246,202606,748703001,748702995,1991412755,748702732,-269,TRUE_AMOUNT_MISMATCH
FY2027,1412000005,5005036246,202607,666737020,666737015,1909446774,666737015,-5,ROUNDING_ORDER
FY2027,1412000005,5005036246,202608,418829982,418829979,1661539736,418829190,-792,TRUE_AMOUNT_MISMATCH
FY2027,1412000005,5005036246,202609,356296562,356296560,1599006316,356296560,-2,ROUNDING_ORDER
FY2027,1412000005,5005036246,202610,316547616,316547613,1559257370,316547613,-3,ROUNDING_ORDER
FY2027,1412000005,5005036246,202611,277811231,277811227,1520520985,277811490,259,TRUE_AMOUNT_MISMATCH
FY2027,1412000005,5005036246,202612,269250699,269250696,1511960453,269250696,-3,ROUNDING_ORDER
FY2027,1412000005,5005036246,202701,269250699,269250696,1511960453,269250696,-3,ROUNDING_ORDER
FY2027,1412000005,5005036246,202702,269250699,269250696,1511960453,269250696,-3,ROUNDING_ORDER
FY2027,1412000005,5005036246,202703,269250436,269250433,1511960190,269250433,-3,ROUNDING_ORDER
FY2027,1412000005,5006016242,202604,165444234,165444234,165444234,165444234,0,EXACT_MATCH
FY2027,1412000005,5006016242,202605,165444234,165444234,165444234,165444234,0,EXACT_MATCH
FY2027,1412000005,5006016242,202606,165444234,165444234,165444234,165444234,0,EXACT_MATCH
FY2027,1412000005,5006016242,202607,165444234,165444234,165444234,165444234,0,EXACT_MATCH
FY2027,1412000005,5006016242,202608,165444234,165444234,165444234,165444234,0,EXACT_MATCH
FY2027,1412000005,5006016242,202609,165444234,165444234,165444234,165444234,0,EXACT_MATCH
FY2027,1412000005,5006016242,202610,165444234,165444234,165444234,165444234,0,EXACT_MATCH
FY2027,1412000005,5006016242,202611,165444234,165444234,165444234,165444234,0,EXACT_MATCH
FY2027,1412000005,5006016242,202612,165444234,165444234,165444234,148435356,-17008878,TRUE_AMOUNT_MISMATCH
FY2027,1412000005,5006016242,202701,130940166,130940166,130940166,130940166,0,EXACT_MATCH
FY2027,1412000005,5006016242,202702,130940166,130940166,130940166,130940166,0,EXACT_MATCH
FY2027,1412000005,5006016242,202703,130940166,130940166,130940166,130940166,0,EXACT_MATCH
FY2027,1412000005,5006016244,202604,1043850988,1043850987,1164867316,930637476,-113213512,TRUE_AMOUNT_MISMATCH
FY2027,1412000005,5006016244,202605,926499481,926499479,1047515809,915418579,-11080902,TRUE_AMOUNT_MISMATCH
FY2027,1412000005,5006016244,202606,912341486,912341485,1033357814,846742796,-65598690,TRUE_AMOUNT_MISMATCH
FY2027,1412000005,5006016244,202607,841628760,841628757,962645088,816943696,-24685064,TRUE_AMOUNT_MISMATCH
FY2027,1412000005,5006016244,202608,813358750,813358746,934375078,805575632,-7783118,TRUE_AMOUNT_MISMATCH
FY2027,1412000005,5006016244,202609,793488481,793488476,914504809,794937957,1449476,TRUE_AMOUNT_MISMATCH
FY2027,1412000005,5006016244,202610,630417750,630417745,751434078,606806462,-23611288,TRUE_AMOUNT_MISMATCH
FY2027,1412000005,5006016244,202611,604239595,604239590,725255923,594585576,-9654019,TRUE_AMOUNT_MISMATCH
FY2027,1412000005,5006016244,202612,591562347,591562343,712578675,568794423,-22767924,TRUE_AMOUNT_MISMATCH
FY2027,1412000005,5006016244,202701,565280677,565280672,686297005,566802142,1521465,TRUE_AMOUNT_MISMATCH
FY2027,1412000005,5006016244,202702,564197704,564197699,685214032,549591487,-14606217,TRUE_AMOUNT_MISMATCH
FY2027,1412000005,5006016244,202703,485032160,485032159,606048488,442932040,-42100120,TRUE_AMOUNT_MISMATCH
FY2027,1412000005,5006016247,202604,1898750,1898750,1898750,1898750,0,EXACT_MATCH
FY2027,1412000005,5006016247,202605,1898750,1898750,1898750,1898750,0,EXACT_MATCH
FY2027,1412000005,5006016247,202606,1898750,1898750,1898750,1898750,0,EXACT_MATCH
FY2027,1412000005,5006016247,202607,1898750,1898750,1898750,1898750,0,EXACT_MATCH
FY2027,1412000005,5006016247,202608,1898750,1898750,1898750,1898750,0,EXACT_MATCH
FY2027,1412000005,5006016247,202609,1898750,1898750,1898750,1898750,0,EXACT_MATCH
FY2027,1412000005,5006016247,202610,1898750,1898750,1898750,1898750,0,EXACT_MATCH
FY2027,1412000005,5006016247,202611,1898750,1898750,1898750,1898750,0,EXACT_MATCH
FY2027,1412000005,5006016247,202612,1898750,1898750,1898750,1898750,0,EXACT_MATCH
FY2027,1412000005,5006016247,202701,1898750,1898750,1898750,1898750,0,EXACT_MATCH
FY2027,1412000005,5006016247,202702,1898750,1898750,1898750,1898750,0,EXACT_MATCH
FY2027,1412000005,5006016247,202703,1898750,1898750,1898750,1898750,0,EXACT_MATCH
FY2027,1412000005,9114120007,202604,168755682,168755683,168755682,168755683,1,ROUNDING_ORDER
FY2027,1412000005,9114120007,202605,91326780,91326787,91326780,91326787,7,ROUNDING_ORDER
FY2027,1412000005,9114120007,202606,90580105,90580108,90580105,90580108,3,ROUNDING_ORDER
FY2027,1412000005,9114120007,202607,89409906,89409909,89409906,89409909,3,ROUNDING_ORDER
FY2027,1412000005,9114120007,202608,86177801,86177804,86177801,86177804,3,ROUNDING_ORDER
FY2027,1412000005,9114120007,202609,84972922,84972924,84972922,84972924,2,ROUNDING_ORDER
FY2027,1412000005,9114120007,202610,81325441,81325443,81325441,81325443,2,ROUNDING_ORDER
FY2027,1412000005,9114120007,202611,80040691,80040694,80040691,80040694,3,ROUNDING_ORDER
FY2027,1412000005,9114120007,202612,79567514,79567517,79567514,79567517,3,ROUNDING_ORDER
FY2027,1412000005,9114120007,202701,78053401,78053404,78053401,78053404,3,ROUNDING_ORDER
FY2027,1412000005,9114120007,202702,78023975,78023978,78023975,78023978,3,ROUNDING_ORDER
FY2027,1412000005,9114120007,202703,75462882,75462886,75462882,75462886,4,ROUNDING_ORDER
FY2027,1412000013,5006016242,202604,53705690,53705690,53705690,53705690,0,EXACT_MATCH
FY2027,1412000013,5006016242,202605,53705690,53705690,53705690,53705690,0,EXACT_MATCH
FY2027,1412000013,5006016242,202606,53705690,53705690,53705690,53705690,0,EXACT_MATCH
FY2027,1412000013,5006016242,202607,53705690,53705690,53705690,53705690,0,EXACT_MATCH
FY2027,1412000013,5006016242,202608,53705690,53705690,53705690,53705690,0,EXACT_MATCH
FY2027,1412000013,5006016242,202609,53705690,53705690,53705690,53705690,0,EXACT_MATCH
FY2027,1412000013,5006016242,202610,53705690,53705690,53705690,53705690,0,EXACT_MATCH
FY2027,1412000013,5006016242,202611,53705690,53705690,53705690,53705690,0,EXACT_MATCH
FY2027,1412000013,5006016242,202612,53705690,53705690,53705690,53705690,0,EXACT_MATCH
FY2027,1412000013,5006016242,202701,53705690,53705690,53705690,53705690,0,EXACT_MATCH
FY2027,1412000013,5006016242,202702,53705690,53705690,53705690,53705690,0,EXACT_MATCH
FY2027,1412000013,5006016242,202703,53705690,53705690,53705690,53705690,0,EXACT_MATCH
FY2027,1412000013,5006016244,202604,,,111923,,,EXACT_MATCH
FY2027,1412000013,5006016244,202605,,,111923,,,EXACT_MATCH
FY2027,1412000013,5006016244,202606,,,111923,,,EXACT_MATCH
FY2027,1412000013,5006016244,202607,,,111923,,,EXACT_MATCH
FY2027,1412000013,5006016244,202608,,,111923,,,EXACT_MATCH
FY2027,1412000013,5006016244,202609,,,111923,,,EXACT_MATCH
FY2027,1412000013,5006016244,202610,,,111923,,,EXACT_MATCH
FY2027,1412000013,5006016244,202611,,,111923,,,EXACT_MATCH
FY2027,1412000013,5006016244,202612,,,111923,,,EXACT_MATCH
FY2027,1412000013,5006016244,202701,,,111923,,,EXACT_MATCH
FY2027,1412000013,5006016244,202702,,,111923,,,EXACT_MATCH
FY2027,1412000013,5006016244,202703,,,111923,,,EXACT_MATCH
FY2027,1412000013,9114120007,202604,4109623,4109623,4109623,,,MISSING_REFERENCE_OUTPUT
FY2027,1412000013,9114120007,202605,2176193,2176193,2176193,,,MISSING_REFERENCE_OUTPUT
FY2027,1412000013,9114120007,202606,2176193,2176193,2176193,,,MISSING_REFERENCE_OUTPUT
FY2027,1412000013,9114120007,202607,2176193,2176193,2176193,,,MISSING_REFERENCE_OUTPUT
FY2027,1412000013,9114120007,202608,2176193,2176193,2176193,,,MISSING_REFERENCE_OUTPUT
FY2027,1412000013,9114120007,202609,2176193,2176193,2176193,,,MISSING_REFERENCE_OUTPUT
FY2027,1412000013,9114120007,202610,2176193,2176193,2176193,,,MISSING_REFERENCE_OUTPUT
FY2027,1412000013,9114120007,202611,2176193,2176193,2176193,,,MISSING_REFERENCE_OUTPUT
FY2027,1412000013,9114120007,202612,2176193,2176193,2176193,,,MISSING_REFERENCE_OUTPUT
FY2027,1412000013,9114120007,202701,2176193,2176193,2176193,,,MISSING_REFERENCE_OUTPUT
FY2027,1412000013,9114120007,202702,2176193,2176193,2176193,,,MISSING_REFERENCE_OUTPUT
FY2027,1412000013,9114120007,202703,2176193,2176193,2176193,,,MISSING_REFERENCE_OUTPUT
FY2027,1412000018,5006016242,202604,82076852,82076852,101851488,82076852,0,EXACT_MATCH
FY2027,1412000018,5006016242,202605,82076852,82076852,101851488,82076852,0,EXACT_MATCH
FY2027,1412000018,5006016242,202606,82076852,82076852,101851488,82076852,0,EXACT_MATCH
FY2027,1412000018,5006016242,202607,82076852,82076852,101851488,82076852,0,EXACT_MATCH
FY2027,1412000018,5006016242,202608,82076852,82076852,101851488,82076852,0,EXACT_MATCH
FY2027,1412000018,5006016242,202609,82076852,82076852,101851488,82076852,0,EXACT_MATCH
FY2027,1412000018,5006016242,202610,82076852,82076852,101851488,82076852,0,EXACT_MATCH
FY2027,1412000018,5006016242,202611,82076852,82076852,101851488,82076852,0,EXACT_MATCH
FY2027,1412000018,5006016242,202612,82076852,82076852,101851488,82076852,0,EXACT_MATCH
FY2027,1412000018,5006016242,202701,82076852,82076852,101851488,82076852,0,EXACT_MATCH
FY2027,1412000018,5006016242,202702,82076852,82076852,101851488,82076852,0,EXACT_MATCH
FY2027,1412000018,5006016242,202703,82076852,82076852,101851488,82076852,0,EXACT_MATCH
FY2027,1412000018,5006016244,202604,95053876,95053875,134992778,95349067,295191,TRUE_AMOUNT_MISMATCH
FY2027,1412000018,5006016244,202605,95053876,95053875,134992778,95349067,295191,TRUE_AMOUNT_MISMATCH
FY2027,1412000018,5006016244,202606,95053876,95053875,134992778,95349067,295191,TRUE_AMOUNT_MISMATCH
FY2027,1412000018,5006016244,202607,95053876,95053875,134992778,95349067,295191,TRUE_AMOUNT_MISMATCH
FY2027,1412000018,5006016244,202608,95052824,95052824,134991726,66340521,-28712303,TRUE_AMOUNT_MISMATCH
FY2027,1412000018,5006016244,202609,61063706,61063707,101002608,54151427,-6912279,TRUE_AMOUNT_MISMATCH
FY2027,1412000018,5006016244,202610,49544047,49544047,89482949,39589878,-9954169,TRUE_AMOUNT_MISMATCH
FY2027,1412000018,5006016244,202611,34869263,34869263,74808165,33916750,-952513,TRUE_AMOUNT_MISMATCH
FY2027,1412000018,5006016244,202612,29532429,29532428,69471331,20223789,-9308640,TRUE_AMOUNT_MISMATCH
FY2027,1412000018,5006016244,202701,15527081,15527080,55465983,19719084,4192003,TRUE_AMOUNT_MISMATCH
FY2027,1412000018,5006016244,202702,15527081,15527080,55465983,19719084,4192003,TRUE_AMOUNT_MISMATCH
FY2027,1412000018,5006016244,202703,15527081,15527080,55465983,19719084,4192003,TRUE_AMOUNT_MISMATCH
FY2027,1412000018,9114120007,202604,14711830,14711829,14711830,13733738,-978092,TRUE_AMOUNT_MISMATCH
FY2027,1412000018,9114120007,202605,8335110,8335110,8335110,8338577,3467,TRUE_AMOUNT_MISMATCH
FY2027,1412000018,9114120007,202606,8335110,8335110,8335110,8338577,3467,TRUE_AMOUNT_MISMATCH
FY2027,1412000018,9114120007,202607,8335110,8335110,8335110,8338577,3467,TRUE_AMOUNT_MISMATCH
FY2027,1412000018,9114120007,202608,8335110,8335110,8335110,8338577,3467,TRUE_AMOUNT_MISMATCH
FY2027,1412000018,9114120007,202609,7923148,7923149,7923148,8046421,123273,TRUE_AMOUNT_MISMATCH
FY2027,1412000018,9114120007,202610,7749220,7749222,7749220,8005172,255952,TRUE_AMOUNT_MISMATCH
FY2027,1412000018,9114120007,202611,7483338,7483339,7483338,7771080,287742,TRUE_AMOUNT_MISMATCH
FY2027,1412000018,9114120007,202612,7370627,7370628,7370627,7658369,287742,TRUE_AMOUNT_MISMATCH
FY2027,1412000018,9114120007,202701,7032757,7032757,7032757,7485493,452736,TRUE_AMOUNT_MISMATCH
FY2027,1412000018,9114120007,202702,7032757,7032757,7032757,7485493,452736,TRUE_AMOUNT_MISMATCH
FY2027,1412000018,9114120007,202703,7032757,7032757,7032757,7485493,452736,TRUE_AMOUNT_MISMATCH
FY2027,1412000019,5006016244,202604,,,1264782,,,EXACT_MATCH
FY2027,1412000019,5006016244,202605,,,1264782,,,EXACT_MATCH
FY2027,1412000019,5006016244,202606,,,1264782,,,EXACT_MATCH
FY2027,1412000019,5006016244,202607,,,1264782,,,EXACT_MATCH
FY2027,1412000019,5006016244,202608,,,1264782,,,EXACT_MATCH
FY2027,1412000019,5006016244,202609,,,1264782,,,EXACT_MATCH
FY2027,1412000019,5006016244,202610,,,1264782,,,EXACT_MATCH
FY2027,1412000019,5006016244,202611,,,1264782,,,EXACT_MATCH
FY2027,1412000019,5006016244,202612,,,1264782,,,EXACT_MATCH
FY2027,1412000019,5006016244,202701,,,1264782,,,EXACT_MATCH
FY2027,1412000019,5006016244,202702,,,1264782,,,EXACT_MATCH
FY2027,1412000019,5006016244,202703,,,1264782,,,EXACT_MATCH
FY2027,1412000019,9114120007,202604,,,0,,,EXACT_MATCH
FY2027,1412000019,9114120007,202605,,,0,,,EXACT_MATCH
FY2027,1412000019,9114120007,202606,,,0,,,EXACT_MATCH
FY2027,1412000019,9114120007,202607,,,0,,,EXACT_MATCH
FY2027,1412000019,9114120007,202608,,,0,,,EXACT_MATCH
FY2027,1412000019,9114120007,202609,,,0,,,EXACT_MATCH
FY2027,1412000019,9114120007,202610,,,0,,,EXACT_MATCH
FY2027,1412000019,9114120007,202611,,,0,,,EXACT_MATCH
FY2027,1412000019,9114120007,202612,,,0,,,EXACT_MATCH
FY2027,1412000019,9114120007,202701,,,0,,,EXACT_MATCH
FY2027,1412000019,9114120007,202702,,,0,,,EXACT_MATCH
FY2027,1412000019,9114120007,202703,,,0,,,EXACT_MATCH
FY2027,1412000034,5005036246,202604,129701132,129701131,298639674,129700868,-264,TRUE_AMOUNT_MISMATCH
FY2027,1412000034,5005036246,202605,127735649,127735648,296674191,127735648,-1,ROUNDING_ORDER
FY2027,1412000034,5005036246,202606,127735649,127735648,296674191,127735648,-1,ROUNDING_ORDER
FY2027,1412000034,5005036246,202607,127735912,127735911,296674454,127735648,-264,TRUE_AMOUNT_MISMATCH
FY2027,1412000034,5005036246,202608,109563929,109563927,278502471,109563665,-264,TRUE_AMOUNT_MISMATCH
FY2027,1412000034,5005036246,202609,84495020,84495019,253433562,84495019,-1,ROUNDING_ORDER
FY2027,1412000034,5005036246,202610,84495020,84495019,253433562,84495019,-1,ROUNDING_ORDER
FY2027,1412000034,5005036246,202611,84495020,84495019,253433562,84495019,-1,ROUNDING_ORDER
FY2027,1412000034,5005036246,202612,84495020,84495019,253433562,84495019,-1,ROUNDING_ORDER
FY2027,1412000034,5005036246,202701,84495020,84495019,253433562,84495019,-1,ROUNDING_ORDER
FY2027,1412000034,5005036246,202702,84495020,84495019,253433562,84495019,-1,ROUNDING_ORDER
FY2027,1412000034,5005036246,202703,84495020,84495019,253433562,84495019,-1,ROUNDING_ORDER
FY2027,1412000034,5006016242,202604,473576076,473576080,473576076,473576080,4,ROUNDING_ORDER
FY2027,1412000034,5006016242,202605,473576076,473576080,473576076,473576080,4,ROUNDING_ORDER
FY2027,1412000034,5006016242,202606,468869531,468869534,468869531,468869534,3,ROUNDING_ORDER
FY2027,1412000034,5006016242,202607,468869794,468869797,468869794,468869534,-260,TRUE_AMOUNT_MISMATCH
FY2027,1412000034,5006016242,202608,457615754,457615758,457615754,457615758,4,ROUNDING_ORDER
FY2027,1412000034,5006016242,202609,457615754,457615758,457615754,457615758,4,ROUNDING_ORDER
FY2027,1412000034,5006016242,202610,457615754,457615758,457615754,457615758,4,ROUNDING_ORDER
FY2027,1412000034,5006016242,202611,457615754,457615758,457615754,457615758,4,ROUNDING_ORDER
FY2027,1412000034,5006016242,202612,457615754,457615758,457615754,457615758,4,ROUNDING_ORDER
FY2027,1412000034,5006016242,202701,457615754,457615758,457615754,457615758,4,ROUNDING_ORDER
FY2027,1412000034,5006016242,202702,457615754,457615758,457615754,457615758,4,ROUNDING_ORDER
FY2027,1412000034,5006016242,202703,457615754,457615758,457615754,457615758,4,ROUNDING_ORDER
FY2027,1412000034,5006016243,202604,645265,645265,645265,645265,0,EXACT_MATCH
FY2027,1412000034,5006016243,202605,645265,645265,645265,645265,0,EXACT_MATCH
FY2027,1412000034,5006016243,202606,645265,645265,645265,645265,0,EXACT_MATCH
FY2027,1412000034,5006016243,202607,645265,645265,645265,645265,0,EXACT_MATCH
FY2027,1412000034,5006016243,202608,645265,645265,645265,645265,0,EXACT_MATCH
FY2027,1412000034,5006016243,202609,645265,645265,645265,645265,0,EXACT_MATCH
FY2027,1412000034,5006016243,202610,645265,645265,645265,645265,0,EXACT_MATCH
FY2027,1412000034,5006016243,202611,645265,645265,645265,645265,0,EXACT_MATCH
FY2027,1412000034,5006016243,202612,645265,645265,645265,645265,0,EXACT_MATCH
FY2027,1412000034,5006016243,202701,645265,645265,645265,645265,0,EXACT_MATCH
FY2027,1412000034,5006016243,202702,645265,645265,645265,645265,0,EXACT_MATCH
FY2027,1412000034,5006016243,202703,645265,645265,645265,645265,0,EXACT_MATCH
FY2027,1412000034,5006016244,202604,116477668,116477667,143372812,116477405,-263,TRUE_AMOUNT_MISMATCH
FY2027,1412000034,5006016244,202605,111842322,111842322,138737466,111842322,0,EXACT_MATCH
FY2027,1412000034,5006016244,202606,110465879,110465879,137361023,110466142,263,TRUE_AMOUNT_MISMATCH
FY2027,1412000034,5006016244,202607,107688297,107688298,134583441,107688298,1,ROUNDING_ORDER
FY2027,1412000034,5006016244,202608,104909402,104909403,131804546,104909403,1,ROUNDING_ORDER
FY2027,1412000034,5006016244,202609,102127879,102127880,129023023,102128143,264,TRUE_AMOUNT_MISMATCH
FY2027,1412000034,5006016244,202610,99088619,99088620,125983763,99088357,-262,TRUE_AMOUNT_MISMATCH
FY2027,1412000034,5006016244,202611,97576082,97576083,124471226,97576083,1,ROUNDING_ORDER
FY2027,1412000034,5006016244,202612,89232303,89232304,116127447,89232304,1,ROUNDING_ORDER
FY2027,1412000034,5006016244,202701,81567943,81567944,108463087,81567944,1,ROUNDING_ORDER
FY2027,1412000034,5006016244,202702,81567943,81567944,108463087,81567944,1,ROUNDING_ORDER
FY2027,1412000034,5006016244,202703,81567943,81567944,108463087,81567944,1,ROUNDING_ORDER
FY2027,1412000034,9114120007,202604,79666828,79666830,79666828,79666830,2,ROUNDING_ORDER
FY2027,1412000034,9114120007,202605,55183022,55183021,55183022,55183021,-1,ROUNDING_ORDER
FY2027,1412000034,9114120007,202606,55150705,55150705,55150705,55150705,0,EXACT_MATCH
FY2027,1412000034,9114120007,202607,55133891,55133890,55133891,55133891,0,EXACT_MATCH
FY2027,1412000034,9114120007,202608,54755560,54755559,54755560,54755559,-1,ROUNDING_ORDER
FY2027,1412000034,9114120007,202609,54345963,54345964,54345963,54345963,0,EXACT_MATCH
FY2027,1412000034,9114120007,202610,54299985,54299986,54299985,54299985,0,EXACT_MATCH
FY2027,1412000034,9114120007,202611,54272661,54272662,54272661,54272662,1,ROUNDING_ORDER
FY2027,1412000034,9114120007,202612,54096632,54096633,54096632,54096632,0,EXACT_MATCH
FY2027,1412000034,9114120007,202701,53911933,53911934,53911933,53911933,0,EXACT_MATCH
FY2027,1412000034,9114120007,202702,53911933,53911934,53911933,53727234,-184699,TRUE_AMOUNT_MISMATCH
FY2027,1412000034,9114120007,202703,53911933,53911934,53911933,53542535,-369398,TRUE_AMOUNT_MISMATCH
FY2027,1412000036,5006016243,202604,1709321,1709321,1709321,1709320,-1,TRUE_AMOUNT_MISMATCH
FY2027,1412000036,5006016243,202605,1709321,1709321,1709321,1709320,-1,TRUE_AMOUNT_MISMATCH
FY2027,1412000036,5006016243,202606,1709321,1709321,1709321,1709320,-1,TRUE_AMOUNT_MISMATCH
FY2027,1412000036,5006016243,202607,1709321,1709321,1709321,1709320,-1,TRUE_AMOUNT_MISMATCH
FY2027,1412000036,5006016243,202608,1709321,1709321,1709321,1709320,-1,TRUE_AMOUNT_MISMATCH
FY2027,1412000036,5006016243,202609,1709321,1709321,1709321,1709320,-1,TRUE_AMOUNT_MISMATCH
FY2027,1412000036,5006016243,202610,1709321,1709321,1709321,1709320,-1,TRUE_AMOUNT_MISMATCH
FY2027,1412000036,5006016243,202611,1709321,1709321,1709321,1709320,-1,TRUE_AMOUNT_MISMATCH
FY2027,1412000036,5006016243,202612,1709321,1709321,1709321,1709320,-1,TRUE_AMOUNT_MISMATCH
FY2027,1412000036,5006016243,202701,1709321,1709321,1709321,1709320,-1,TRUE_AMOUNT_MISMATCH
FY2027,1412000036,5006016243,202702,1709321,1709321,1709321,1709320,-1,TRUE_AMOUNT_MISMATCH
FY2027,1412000036,5006016243,202703,1709321,1709321,1709321,1709320,-1,TRUE_AMOUNT_MISMATCH
FY2027,1412000036,5006016244,202604,,,7847221,,,EXACT_MATCH
FY2027,1412000036,5006016244,202605,,,7847221,,,EXACT_MATCH
FY2027,1412000036,5006016244,202606,,,7847221,,,EXACT_MATCH
FY2027,1412000036,5006016244,202607,,,7847221,,,EXACT_MATCH
FY2027,1412000036,5006016244,202608,,,7847221,,,EXACT_MATCH
FY2027,1412000036,5006016244,202609,,,7847221,,,EXACT_MATCH
FY2027,1412000036,5006016244,202610,,,7847221,,,EXACT_MATCH
FY2027,1412000036,5006016244,202611,,,7847221,,,EXACT_MATCH
FY2027,1412000036,5006016244,202612,,,7847221,,,EXACT_MATCH
FY2027,1412000036,5006016244,202701,,,7847221,,,EXACT_MATCH
FY2027,1412000036,5006016244,202702,,,7847221,,,EXACT_MATCH
FY2027,1412000036,5006016244,202703,,,7847221,,,EXACT_MATCH
FY2027,1412000036,9114120007,202604,353635,353635,353635,353633,-2,TRUE_AMOUNT_MISMATCH
FY2027,1412000036,9114120007,202605,311598,311598,311598,311597,-1,TRUE_AMOUNT_MISMATCH
FY2027,1412000036,9114120007,202606,311598,311598,311598,311597,-1,TRUE_AMOUNT_MISMATCH
FY2027,1412000036,9114120007,202607,311598,311598,311598,311597,-1,TRUE_AMOUNT_MISMATCH
FY2027,1412000036,9114120007,202608,311598,311598,311598,311597,-1,TRUE_AMOUNT_MISMATCH
FY2027,1412000036,9114120007,202609,311598,311598,311598,311597,-1,TRUE_AMOUNT_MISMATCH
FY2027,1412000036,9114120007,202610,311598,311598,311598,311597,-1,TRUE_AMOUNT_MISMATCH
FY2027,1412000036,9114120007,202611,311598,311598,311598,311597,-1,TRUE_AMOUNT_MISMATCH
FY2027,1412000036,9114120007,202612,311598,311598,311598,311597,-1,TRUE_AMOUNT_MISMATCH
FY2027,1412000036,9114120007,202701,311598,311598,311598,311597,-1,TRUE_AMOUNT_MISMATCH
FY2027,1412000036,9114120007,202702,311598,311598,311598,311597,-1,TRUE_AMOUNT_MISMATCH
FY2027,1412000036,9114120007,202703,311598,311598,311598,311597,-1,TRUE_AMOUNT_MISMATCH
FY2027,1412000039,5006016244,202604,6710387,6710387,6710387,,,MISSING_REFERENCE_OUTPUT
FY2027,1412000039,5006016244,202605,6710387,6710387,6710387,,,MISSING_REFERENCE_OUTPUT
FY2027,1412000039,5006016244,202606,6710387,6710387,6710387,,,MISSING_REFERENCE_OUTPUT
FY2027,1412000039,9114120007,202604,282435,282435,282435,,,MISSING_REFERENCE_OUTPUT
FY2027,1412000039,9114120007,202605,40986,40986,40986,,,MISSING_REFERENCE_OUTPUT
FY2027,1412000039,9114120007,202606,40986,40986,40986,,,MISSING_REFERENCE_OUTPUT
FY2027,1412000040,5006016244,202604,4345291,4345291,16148699,,,MISSING_REFERENCE_OUTPUT
FY2027,1412000040,5006016244,202605,4345291,4345291,16148699,,,MISSING_REFERENCE_OUTPUT
FY2027,1412000040,5006016244,202606,4345291,4345291,16148699,,,MISSING_REFERENCE_OUTPUT
FY2027,1412000040,5006016244,202607,4345291,4345291,16148699,,,MISSING_REFERENCE_OUTPUT
FY2027,1412000040,5006016244,202608,4345291,4345291,16148699,,,MISSING_REFERENCE_OUTPUT
FY2027,1412000040,5006016244,202609,4345291,4345291,16148699,,,MISSING_REFERENCE_OUTPUT
FY2027,1412000040,5006016244,202610,4345291,4345291,16148699,,,MISSING_REFERENCE_OUTPUT
FY2027,1412000040,5006016244,202611,4345291,4345291,16148699,,,MISSING_REFERENCE_OUTPUT
FY2027,1412000040,5006016244,202612,4345291,4345291,16148699,,,MISSING_REFERENCE_OUTPUT
FY2027,1412000040,5006016244,202701,4345291,4345291,16148699,,,MISSING_REFERENCE_OUTPUT
FY2027,1412000040,5006016244,202702,4345291,4345291,16148699,,,MISSING_REFERENCE_OUTPUT
FY2027,1412000040,5006016244,202703,4345291,4345291,16148699,,,MISSING_REFERENCE_OUTPUT
FY2027,1412000040,9114120007,202604,469761,469761,469761,,,MISSING_REFERENCE_OUTPUT
FY2027,1412000040,9114120007,202605,391468,391468,391468,,,MISSING_REFERENCE_OUTPUT
FY2027,1412000040,9114120007,202606,391468,391468,391468,,,MISSING_REFERENCE_OUTPUT
FY2027,1412000040,9114120007,202607,391468,391468,391468,,,MISSING_REFERENCE_OUTPUT
FY2027,1412000040,9114120007,202608,391468,391468,391468,,,MISSING_REFERENCE_OUTPUT
FY2027,1412000040,9114120007,202609,391468,391468,391468,,,MISSING_REFERENCE_OUTPUT
FY2027,1412000040,9114120007,202610,391468,391468,391468,,,MISSING_REFERENCE_OUTPUT
FY2027,1412000040,9114120007,202611,391468,391468,391468,,,MISSING_REFERENCE_OUTPUT
FY2027,1412000040,9114120007,202612,391468,391468,391468,,,MISSING_REFERENCE_OUTPUT
FY2027,1412000040,9114120007,202701,391468,391468,391468,,,MISSING_REFERENCE_OUTPUT
FY2027,1412000040,9114120007,202702,391468,391468,391468,,,MISSING_REFERENCE_OUTPUT
FY2027,1412000040,9114120007,202703,391468,391468,391468,,,MISSING_REFERENCE_OUTPUT
FY2027,1412000044,5006016242,202604,48960786,48960786,48960786,48960787,1,TRUE_AMOUNT_MISMATCH
FY2027,1412000044,5006016242,202605,48960786,48960786,48960786,48960787,1,TRUE_AMOUNT_MISMATCH
FY2027,1412000044,5006016242,202606,48960786,48960786,48960786,48960787,1,TRUE_AMOUNT_MISMATCH
FY2027,1412000044,5006016242,202607,48960786,48960786,48960786,48960787,1,TRUE_AMOUNT_MISMATCH
FY2027,1412000044,5006016242,202608,48960786,48960786,48960786,48960787,1,TRUE_AMOUNT_MISMATCH
FY2027,1412000044,5006016242,202609,48960786,48960786,48960786,62097287,13136501,TRUE_AMOUNT_MISMATCH
FY2027,1412000044,5006016242,202610,48960786,48960786,48960786,62097287,13136501,TRUE_AMOUNT_MISMATCH
FY2027,1412000044,5006016242,202611,48961049,48961049,48961049,37961070,-10999979,TRUE_AMOUNT_MISMATCH
FY2027,1412000044,5006016242,202612,,,,13136500,,EXTRA_REFERENCE_OUTPUT
FY2027,1412000044,5006016242,202701,,,,13136500,,EXTRA_REFERENCE_OUTPUT
FY2027,1412000044,5006016242,202702,,,,13136500,,EXTRA_REFERENCE_OUTPUT
FY2027,1412000044,5006016242,202703,,,,13136500,,EXTRA_REFERENCE_OUTPUT
FY2027,1412000044,5006016243,202604,6266373,6266373,6266373,6266374,1,TRUE_AMOUNT_MISMATCH
FY2027,1412000044,5006016243,202605,6266373,6266373,6266373,6266374,1,TRUE_AMOUNT_MISMATCH
FY2027,1412000044,5006016243,202606,6266373,6266373,6266373,6266374,1,TRUE_AMOUNT_MISMATCH
FY2027,1412000044,5006016243,202607,6266373,6266373,6266373,6266374,1,TRUE_AMOUNT_MISMATCH
FY2027,1412000044,5006016243,202608,6266373,6266373,6266373,6266374,1,TRUE_AMOUNT_MISMATCH
FY2027,1412000044,5006016243,202609,6266373,6266373,6266373,6266374,1,TRUE_AMOUNT_MISMATCH
FY2027,1412000044,5006016243,202610,6266373,6266373,6266373,6266374,1,TRUE_AMOUNT_MISMATCH
FY2027,1412000044,5006016243,202611,6266373,6266373,6266373,6266374,1,TRUE_AMOUNT_MISMATCH
FY2027,1412000044,5006016243,202612,6266373,6266373,6266373,6266374,1,TRUE_AMOUNT_MISMATCH
FY2027,1412000044,5006016243,202701,6266373,6266373,6266373,6266374,1,TRUE_AMOUNT_MISMATCH
FY2027,1412000044,5006016243,202702,6266373,6266373,6266373,6266374,1,TRUE_AMOUNT_MISMATCH
FY2027,1412000044,5006016243,202703,6266373,6266373,6266373,6266374,1,TRUE_AMOUNT_MISMATCH
FY2027,1412000044,9114120007,202604,4205519,4205519,4205519,,,MISSING_REFERENCE_OUTPUT
FY2027,1412000044,9114120007,202605,2217179,2217179,2217179,,,MISSING_REFERENCE_OUTPUT
FY2027,1412000044,9114120007,202606,2217179,2217179,2217179,,,MISSING_REFERENCE_OUTPUT
FY2027,1412000044,9114120007,202607,2217179,2217179,2217179,,,MISSING_REFERENCE_OUTPUT
FY2027,1412000044,9114120007,202608,2217179,2217179,2217179,,,MISSING_REFERENCE_OUTPUT
FY2027,1412000044,9114120007,202609,2217179,2217179,2217179,,,MISSING_REFERENCE_OUTPUT
FY2027,1412000044,9114120007,202610,2217179,2217179,2217179,,,MISSING_REFERENCE_OUTPUT
FY2027,1412000044,9114120007,202611,2217179,2217179,2217179,,,MISSING_REFERENCE_OUTPUT
FY2027,1412000044,9114120007,202612,1114501,1114501,1114501,,,MISSING_REFERENCE_OUTPUT
FY2027,1412000044,9114120007,202701,1114501,1114501,1114501,,,MISSING_REFERENCE_OUTPUT
FY2027,1412000044,9114120007,202702,1114501,1114501,1114501,,,MISSING_REFERENCE_OUTPUT
FY2027,1412000044,9114120007,202703,1114501,1114501,1114501,,,MISSING_REFERENCE_OUTPUT
FY2027,1412000050,5006016242,202604,62476143,62476143,62476143,,,MISSING_REFERENCE_OUTPUT
FY2027,1412000050,5006016242,202605,62476143,62476143,62476143,,,MISSING_REFERENCE_OUTPUT
FY2027,1412000050,5006016242,202606,62476143,62476143,62476143,,,MISSING_REFERENCE_OUTPUT
FY2027,1412000050,5006016242,202607,62476143,62476143,62476143,,,MISSING_REFERENCE_OUTPUT
FY2027,1412000050,5006016242,202608,62476143,62476143,62476143,,,MISSING_REFERENCE_OUTPUT
FY2027,1412000050,5006016242,202609,62476143,62476143,62476143,,,MISSING_REFERENCE_OUTPUT
FY2027,1412000050,5006016242,202610,62476143,62476143,62476143,,,MISSING_REFERENCE_OUTPUT
FY2027,1412000050,5006016242,202611,62476143,62476143,62476143,,,MISSING_REFERENCE_OUTPUT
FY2027,1412000050,5006016242,202612,62476143,62476143,62476143,,,MISSING_REFERENCE_OUTPUT
FY2027,1412000050,5006016242,202701,62476143,62476143,62476143,,,MISSING_REFERENCE_OUTPUT
FY2027,1412000050,5006016242,202702,62476143,62476143,62476143,,,MISSING_REFERENCE_OUTPUT
FY2027,1412000050,5006016242,202703,62476143,62476143,62476143,,,MISSING_REFERENCE_OUTPUT
FY2027,1412000050,5006016244,202604,88650881,88650882,95361268,89687763,1036882,TRUE_AMOUNT_MISMATCH
FY2027,1412000050,5006016244,202605,88650881,88650882,95361268,89687763,1036882,TRUE_AMOUNT_MISMATCH
FY2027,1412000050,5006016244,202606,88650881,88650882,95361268,89687763,1036882,TRUE_AMOUNT_MISMATCH
FY2027,1412000050,5006016244,202607,88650618,88650619,95361005,85309955,-3340663,TRUE_AMOUNT_MISMATCH
FY2027,1412000050,5006016244,202608,82058197,82058198,88768584,85152537,3094340,TRUE_AMOUNT_MISMATCH
FY2027,1412000050,5006016244,202609,82058197,82058198,88768584,78685187,-3373010,TRUE_AMOUNT_MISMATCH
FY2027,1412000050,5006016244,202610,74411441,74411442,81121828,78452868,4041427,TRUE_AMOUNT_MISMATCH
FY2027,1412000050,5006016244,202611,74411441,74411442,81121828,78452868,4041427,TRUE_AMOUNT_MISMATCH
FY2027,1412000050,5006016244,202612,74411441,74411442,81121828,78452868,4041427,TRUE_AMOUNT_MISMATCH
FY2027,1412000050,5006016244,202701,74411441,74411442,81121828,78452868,4041427,TRUE_AMOUNT_MISMATCH
FY2027,1412000050,5006016244,202702,74411441,74411442,81121828,78452868,4041427,TRUE_AMOUNT_MISMATCH
FY2027,1412000050,5006016244,202703,74411441,74411442,81121828,78452868,4041427,TRUE_AMOUNT_MISMATCH
FY2027,1412000050,9114120007,202604,19136989,19136990,19136989,10967017,-8169972,TRUE_AMOUNT_MISMATCH
FY2027,1412000050,9114120007,202605,14759383,14759384,14759383,10967017,-3792366,TRUE_AMOUNT_MISMATCH
FY2027,1412000050,9114120007,202606,14759383,14759384,14759383,10967017,-3792366,TRUE_AMOUNT_MISMATCH
FY2027,1412000050,9114120007,202607,14759383,14759384,14759383,10967017,-3792366,TRUE_AMOUNT_MISMATCH
FY2027,1412000050,9114120007,202608,14699217,14699218,14699217,10669324,-4029893,TRUE_AMOUNT_MISMATCH
FY2027,1412000050,9114120007,202609,14699217,14699218,14699217,15141064,441847,TRUE_AMOUNT_MISMATCH
FY2027,1412000050,9114120007,202610,14583616,14583617,14583616,14749750,166134,TRUE_AMOUNT_MISMATCH
FY2027,1412000050,9114120007,202611,14583616,14583617,14583616,14749750,166134,TRUE_AMOUNT_MISMATCH
FY2027,1412000050,9114120007,202612,14583616,14583617,14583616,14749750,166134,TRUE_AMOUNT_MISMATCH
FY2027,1412000050,9114120007,202701,14583616,14583617,14583616,14749750,166134,TRUE_AMOUNT_MISMATCH
FY2027,1412000050,9114120007,202702,14583616,14583617,14583616,14749750,166134,TRUE_AMOUNT_MISMATCH
FY2027,1412000050,9114120007,202703,14583616,14583617,14583616,14749750,166134,TRUE_AMOUNT_MISMATCH
FY2027,1412000056,5005036246,202604,4929866,4929866,4929866,4929866,0,EXACT_MATCH
FY2027,1412000056,5005036246,202605,4929866,4929866,4929866,4929866,0,EXACT_MATCH
FY2027,1412000056,5005036246,202606,4929866,4929866,4929866,4929866,0,EXACT_MATCH
FY2027,1412000056,5005036246,202607,4930128,4930128,4930128,4929866,-262,TRUE_AMOUNT_MISMATCH
FY2027,1412000056,5006016242,202604,949481788,949481786,979287456,795393531,-154088257,TRUE_AMOUNT_MISMATCH
FY2027,1412000056,5006016242,202605,911389616,911389614,941195284,745119620,-166269996,TRUE_AMOUNT_MISMATCH
FY2027,1412000056,5006016242,202606,848590314,848590313,878395982,745119620,-103470694,TRUE_AMOUNT_MISMATCH
FY2027,1412000056,5006016242,202607,610640220,610640219,640445888,640394291,29754071,TRUE_AMOUNT_MISMATCH
FY2027,1412000056,5006016242,202608,610640220,610640219,640445888,647980683,37340463,TRUE_AMOUNT_MISMATCH
FY2027,1412000056,5006016242,202609,610639957,610639956,640445625,704279969,93640012,TRUE_AMOUNT_MISMATCH
FY2027,1412000056,5006016242,202610,600823839,600823838,630629507,737000513,136176674,TRUE_AMOUNT_MISMATCH
FY2027,1412000056,5006016242,202611,600823839,600823838,630629507,790453831,189629992,TRUE_AMOUNT_MISMATCH
FY2027,1412000056,5006016242,202612,480843981,480843980,510649649,784980189,304136208,TRUE_AMOUNT_MISMATCH
FY2027,1412000056,5006016242,202701,480843981,480843980,510649649,843749212,362905231,TRUE_AMOUNT_MISMATCH
FY2027,1412000056,5006016242,202702,480843981,480843980,510649649,843749212,362905231,TRUE_AMOUNT_MISMATCH
FY2027,1412000056,5006016242,202703,480843981,480843980,510649649,843749212,362905231,TRUE_AMOUNT_MISMATCH
FY2027,1412000056,5006016244,202604,93082086,93082086,101218309,97460919,4378833,TRUE_AMOUNT_MISMATCH
FY2027,1412000056,5006016244,202605,93082086,93082086,101218309,97460919,4378833,TRUE_AMOUNT_MISMATCH
FY2027,1412000056,5006016244,202606,93082086,93082086,101218309,97460919,4378833,TRUE_AMOUNT_MISMATCH
FY2027,1412000056,5006016244,202607,93082086,93082086,101218309,88929288,-4152798,TRUE_AMOUNT_MISMATCH
FY2027,1412000056,5006016244,202608,84231238,84231238,92367461,88610071,4378833,TRUE_AMOUNT_MISMATCH
FY2027,1412000056,5006016244,202609,84231238,84231238,92367461,88610071,4378833,TRUE_AMOUNT_MISMATCH
FY2027,1412000056,5006016244,202610,84231238,84231238,92367461,60085738,-24145500,TRUE_AMOUNT_MISMATCH
FY2027,1412000056,5006016244,202611,54641271,54641272,62777494,59020105,4378834,TRUE_AMOUNT_MISMATCH
FY2027,1412000056,5006016244,202612,54641271,54641272,62777494,59020105,4378834,TRUE_AMOUNT_MISMATCH
FY2027,1412000056,5006016244,202701,54641271,54641272,62777494,59020105,4378834,TRUE_AMOUNT_MISMATCH
FY2027,1412000056,5006016244,202702,54641271,54641272,62777494,59020105,4378834,TRUE_AMOUNT_MISMATCH
FY2027,1412000056,5006016244,202703,54641271,54641272,62777494,47102672,-7538599,TRUE_AMOUNT_MISMATCH
FY2027,1412000056,9114120007,202604,86367757,86367759,86367757,6813114,-79554643,TRUE_AMOUNT_MISMATCH
FY2027,1412000056,9114120007,202605,48598482,48598481,48598482,6813114,-41785368,TRUE_AMOUNT_MISMATCH
FY2027,1412000056,9114120007,202606,48314734,48314733,48314734,6813114,-41501620,TRUE_AMOUNT_MISMATCH
FY2027,1412000056,9114120007,202607,46525281,46525279,46525281,6813114,-39712167,TRUE_AMOUNT_MISMATCH
FY2027,1412000056,9114120007,202608,46385509,46385507,46385509,6813114,-39572395,TRUE_AMOUNT_MISMATCH
FY2027,1412000056,9114120007,202609,46385509,46385507,46385509,6813114,-39572395,TRUE_AMOUNT_MISMATCH
FY2027,1412000056,9114120007,202610,46208692,46208690,46208692,6813114,-39395578,TRUE_AMOUNT_MISMATCH
FY2027,1412000056,9114120007,202611,45672984,45672983,45672984,6813114,-38859870,TRUE_AMOUNT_MISMATCH
FY2027,1412000056,9114120007,202612,42970806,42970805,42970806,6813114,-36157692,TRUE_AMOUNT_MISMATCH
FY2027,1412000056,9114120007,202701,42970806,42970805,42970806,6813114,-36157692,TRUE_AMOUNT_MISMATCH
FY2027,1412000056,9114120007,202702,42970806,42970805,42970806,6813114,-36157692,TRUE_AMOUNT_MISMATCH
FY2027,1412000056,9114120007,202703,42970806,42970805,42970806,6813114,-36157692,TRUE_AMOUNT_MISMATCH
FY2027,1412000057,5006016244,202604,125402079,125402080,125402079,118447567,-6954512,TRUE_AMOUNT_MISMATCH
FY2027,1412000057,5006016244,202605,125402079,125402080,125402079,116211978,-9190101,TRUE_AMOUNT_MISMATCH
FY2027,1412000057,5006016244,202606,117954472,117954473,117954472,116138093,-1816379,TRUE_AMOUNT_MISMATCH
FY2027,1412000057,5006016244,202607,115832665,115832665,115832665,116138093,305428,TRUE_AMOUNT_MISMATCH
FY2027,1412000057,5006016244,202608,115832665,115832665,115832665,116138093,305428,TRUE_AMOUNT_MISMATCH
FY2027,1412000057,5006016244,202609,115832665,115832665,115832665,116138093,305428,TRUE_AMOUNT_MISMATCH
FY2027,1412000057,5006016244,202610,115832665,115832665,115832665,116138093,305428,TRUE_AMOUNT_MISMATCH
FY2027,1412000057,5006016244,202611,115832665,115832665,115832665,116138093,305428,TRUE_AMOUNT_MISMATCH
FY2027,1412000057,5006016244,202612,115833191,115833191,115833191,116138601,305410,TRUE_AMOUNT_MISMATCH
FY2027,1412000057,5006016244,202701,74767441,74767441,74767441,76453016,1685575,TRUE_AMOUNT_MISMATCH
FY2027,1412000057,5006016244,202702,74767704,74767703,74767704,76453016,1685312,TRUE_AMOUNT_MISMATCH
FY2027,1412000057,5006016244,202703,73548637,73548636,73548637,76453016,2904379,TRUE_AMOUNT_MISMATCH
FY2027,1412000057,9114120007,202604,12210377,12210377,12210377,8579281,-3631096,TRUE_AMOUNT_MISMATCH
FY2027,1412000057,9114120007,202605,8235010,8235009,8235010,8297960,62950,TRUE_AMOUNT_MISMATCH
FY2027,1412000057,9114120007,202606,8211890,8211889,8211890,8297960,86070,TRUE_AMOUNT_MISMATCH
FY2027,1412000057,9114120007,202607,8199016,8199015,8199016,8297960,98944,TRUE_AMOUNT_MISMATCH
FY2027,1412000057,9114120007,202608,8199016,8199015,8199016,8297960,98944,TRUE_AMOUNT_MISMATCH
FY2027,1412000057,9114120007,202609,8199016,8199015,8199016,8297960,98944,TRUE_AMOUNT_MISMATCH
FY2027,1412000057,9114120007,202610,8199016,8199015,8199016,8297960,98944,TRUE_AMOUNT_MISMATCH
FY2027,1412000057,9114120007,202611,8199016,8199015,8199016,8297960,98944,TRUE_AMOUNT_MISMATCH
FY2027,1412000057,9114120007,202612,8199016,8199015,8199016,8297960,98944,TRUE_AMOUNT_MISMATCH
FY2027,1412000057,9114120007,202701,7090295,7090295,7090295,7412865,322570,TRUE_AMOUNT_MISMATCH
FY2027,1412000057,9114120007,202702,7090295,7090295,7090295,7412865,322570,TRUE_AMOUNT_MISMATCH
FY2027,1412000057,9114120007,202703,7053513,7053512,7053513,7412865,359352,TRUE_AMOUNT_MISMATCH
FY2027,1412000069,5006016244,202604,,,59640,,,EXACT_MATCH
FY2027,1412000069,5006016244,202605,,,59640,,,EXACT_MATCH
FY2027,1412000069,5006016244,202606,,,59640,,,EXACT_MATCH
FY2027,1412000069,5006016244,202607,,,59640,,,EXACT_MATCH
FY2027,1412000069,5006016244,202608,,,59640,,,EXACT_MATCH
FY2027,1412000069,5006016244,202609,,,59640,,,EXACT_MATCH
FY2027,1412000069,5006016244,202610,,,59640,,,EXACT_MATCH
FY2027,1412000069,5006016244,202611,,,59640,,,EXACT_MATCH
FY2027,1412000069,5006016244,202612,,,59640,,,EXACT_MATCH
FY2027,1412000069,5006016244,202701,,,59640,,,EXACT_MATCH
FY2027,1412000069,5006016244,202702,,,59640,,,EXACT_MATCH
FY2027,1412000069,5006016244,202703,,,59640,,,EXACT_MATCH
FY2027,1412000069,9114120007,202604,,,0,,,EXACT_MATCH
FY2027,1412000069,9114120007,202605,,,0,,,EXACT_MATCH
FY2027,1412000069,9114120007,202606,,,0,,,EXACT_MATCH
FY2027,1412000069,9114120007,202607,,,0,,,EXACT_MATCH
FY2027,1412000069,9114120007,202608,,,0,,,EXACT_MATCH
FY2027,1412000069,9114120007,202609,,,0,,,EXACT_MATCH
FY2027,1412000069,9114120007,202610,,,0,,,EXACT_MATCH
FY2027,1412000069,9114120007,202611,,,0,,,EXACT_MATCH
FY2027,1412000069,9114120007,202612,,,0,,,EXACT_MATCH
FY2027,1412000069,9114120007,202701,,,0,,,EXACT_MATCH
FY2027,1412000069,9114120007,202702,,,0,,,EXACT_MATCH
FY2027,1412000069,9114120007,202703,,,0,,,EXACT_MATCH
FY2027,1412000078,5006016244,202604,2620994,2620994,2620994,2760333,139339,TRUE_AMOUNT_MISMATCH
FY2027,1412000078,5006016244,202605,2620994,2620994,2620994,2760333,139339,TRUE_AMOUNT_MISMATCH
FY2027,1412000078,5006016244,202606,2620994,2620994,2620994,2760333,139339,TRUE_AMOUNT_MISMATCH
FY2027,1412000078,5006016244,202607,2620994,2620994,2620994,2760333,139339,TRUE_AMOUNT_MISMATCH
FY2027,1412000078,5006016244,202608,2620994,2620994,2620994,2760333,139339,TRUE_AMOUNT_MISMATCH
FY2027,1412000078,5006016244,202609,2620994,2620994,2620994,2760333,139339,TRUE_AMOUNT_MISMATCH
FY2027,1412000078,5006016244,202610,2620994,2620994,2620994,2760333,139339,TRUE_AMOUNT_MISMATCH
FY2027,1412000078,5006016244,202611,2620994,2620994,2620994,2760333,139339,TRUE_AMOUNT_MISMATCH
FY2027,1412000078,5006016244,202612,2620994,2620994,2620994,2760333,139339,TRUE_AMOUNT_MISMATCH
FY2027,1412000078,5006016244,202701,2620994,2620994,2620994,2760333,139339,TRUE_AMOUNT_MISMATCH
FY2027,1412000078,5006016244,202702,2620994,2620994,2620994,2760333,139339,TRUE_AMOUNT_MISMATCH
FY2027,1412000078,5006016244,202703,2620994,2620994,2620994,2760333,139339,TRUE_AMOUNT_MISMATCH
FY2027,1412000078,9114120007,202604,283486,283486,283486,298116,14630,TRUE_AMOUNT_MISMATCH
FY2027,1412000078,9114120007,202605,236194,236194,236194,298116,61922,TRUE_AMOUNT_MISMATCH
FY2027,1412000078,9114120007,202606,236194,236194,236194,298116,61922,TRUE_AMOUNT_MISMATCH
FY2027,1412000078,9114120007,202607,236194,236194,236194,298116,61922,TRUE_AMOUNT_MISMATCH
FY2027,1412000078,9114120007,202608,236194,236194,236194,298116,61922,TRUE_AMOUNT_MISMATCH
FY2027,1412000078,9114120007,202609,236194,236194,236194,298116,61922,TRUE_AMOUNT_MISMATCH
FY2027,1412000078,9114120007,202610,236194,236194,236194,298116,61922,TRUE_AMOUNT_MISMATCH
FY2027,1412000078,9114120007,202611,236194,236194,236194,298116,61922,TRUE_AMOUNT_MISMATCH
FY2027,1412000078,9114120007,202612,236194,236194,236194,298116,61922,TRUE_AMOUNT_MISMATCH
FY2027,1412000078,9114120007,202701,236194,236194,236194,298116,61922,TRUE_AMOUNT_MISMATCH
FY2027,1412000078,9114120007,202702,236194,236194,236194,298116,61922,TRUE_AMOUNT_MISMATCH
FY2027,1412000078,9114120007,202703,236194,236194,236194,298116,61922,TRUE_AMOUNT_MISMATCH
FY2027,1412000081,5005036246,202604,833256869,833256865,1789649771,833256602,-267,TRUE_AMOUNT_MISMATCH
FY2027,1412000081,5005036246,202605,584386927,584386924,1540779829,584386661,-266,TRUE_AMOUNT_MISMATCH
FY2027,1412000081,5005036246,202606,553735270,553735265,1510128172,553735265,-5,ROUNDING_ORDER
FY2027,1412000081,5005036246,202607,449979251,449979247,1406372153,449979247,-4,ROUNDING_ORDER
FY2027,1412000081,5005036246,202608,366902183,366902182,1323295085,366901657,-526,TRUE_AMOUNT_MISMATCH
FY2027,1412000081,5005036246,202609,274728616,274728616,1231121518,274728616,0,EXACT_MATCH
FY2027,1412000081,5005036246,202610,153467687,153467687,1109860589,153467687,0,EXACT_MATCH
FY2027,1412000081,5005036246,202611,126099891,126099891,1082492793,126099891,0,EXACT_MATCH
FY2027,1412000081,5005036246,202612,126099891,126099891,1082492793,126099891,0,EXACT_MATCH
FY2027,1412000081,5005036246,202701,126099891,126099891,1082492793,126099628,-263,TRUE_AMOUNT_MISMATCH
FY2027,1412000081,5005036246,202702,120688704,120688704,1077081606,120688704,0,EXACT_MATCH
FY2027,1412000081,5005036246,202703,109686885,109686885,1066079787,109686885,0,EXACT_MATCH
FY2027,1412000081,5006016242,202604,284084957,284084957,355261142,284084957,0,EXACT_MATCH
FY2027,1412000081,5006016242,202605,284084957,284084957,355261142,284084957,0,EXACT_MATCH
FY2027,1412000081,5006016242,202606,284084957,284084957,355261142,284084957,0,EXACT_MATCH
FY2027,1412000081,5006016242,202607,284084957,284084957,355261142,284084957,0,EXACT_MATCH
FY2027,1412000081,5006016242,202608,284084957,284084957,355261142,284084957,0,EXACT_MATCH
FY2027,1412000081,5006016242,202609,284084957,284084957,355261142,284084957,0,EXACT_MATCH
FY2027,1412000081,5006016242,202610,284084957,284084957,355261142,284084957,0,EXACT_MATCH
FY2027,1412000081,5006016242,202611,284084957,284084957,355261142,284084957,0,EXACT_MATCH
FY2027,1412000081,5006016242,202612,284084957,284084957,355261142,284084957,0,EXACT_MATCH
FY2027,1412000081,5006016242,202701,284084957,284084957,355261142,284084957,0,EXACT_MATCH
FY2027,1412000081,5006016242,202702,284084957,284084957,355261142,284084957,0,EXACT_MATCH
FY2027,1412000081,5006016242,202703,284084957,284084957,355261142,284084957,0,EXACT_MATCH
FY2027,1412000081,5006016243,202604,658401,658401,658401,658401,0,EXACT_MATCH
FY2027,1412000081,5006016243,202605,658401,658401,658401,658401,0,EXACT_MATCH
FY2027,1412000081,5006016243,202606,658401,658401,658401,658401,0,EXACT_MATCH
FY2027,1412000081,5006016243,202607,658401,658401,658401,658401,0,EXACT_MATCH
FY2027,1412000081,5006016243,202608,658401,658401,658401,658401,0,EXACT_MATCH
FY2027,1412000081,5006016243,202609,658401,658401,658401,658401,0,EXACT_MATCH
FY2027,1412000081,5006016243,202610,658401,658401,658401,658401,0,EXACT_MATCH
FY2027,1412000081,5006016243,202611,658401,658401,658401,658401,0,EXACT_MATCH
FY2027,1412000081,5006016243,202612,658401,658401,658401,658401,0,EXACT_MATCH
FY2027,1412000081,5006016243,202701,658401,658401,658401,658401,0,EXACT_MATCH
FY2027,1412000081,5006016243,202702,658401,658401,658401,658401,0,EXACT_MATCH
FY2027,1412000081,5006016243,202703,658401,658401,658401,658401,0,EXACT_MATCH
FY2027,1412000081,5006016244,202604,539021336,539021334,762046002,517040554,-21980782,TRUE_AMOUNT_MISMATCH
FY2027,1412000081,5006016244,202605,504456577,504456576,727481243,487453741,-17002836,TRUE_AMOUNT_MISMATCH
FY2027,1412000081,5006016244,202606,487453217,487453215,710477883,487453215,-2,ROUNDING_ORDER
FY2027,1412000081,5006016244,202607,487453217,487453215,710477883,487453215,-2,ROUNDING_ORDER
FY2027,1412000081,5006016244,202608,487453217,487453215,710477883,487452690,-527,TRUE_AMOUNT_MISMATCH
FY2027,1412000081,5006016244,202609,473107897,473107895,696132563,456084567,-17023330,TRUE_AMOUNT_MISMATCH
FY2027,1412000081,5006016244,202610,442437059,442437057,665461725,364659256,-77777803,TRUE_AMOUNT_MISMATCH
FY2027,1412000081,5006016244,202611,361751360,361751361,584776026,350988626,-10762734,TRUE_AMOUNT_MISMATCH
FY2027,1412000081,5006016244,202612,350586387,350586387,573611053,343221276,-7365111,TRUE_AMOUNT_MISMATCH
FY2027,1412000081,5006016244,202701,342945410,342945410,565970076,331571828,-11373582,TRUE_AMOUNT_MISMATCH
FY2027,1412000081,5006016244,202702,331146469,331146468,554171135,331146468,-1,ROUNDING_ORDER
FY2027,1412000081,5006016244,202703,331146206,331146206,554170872,320677203,-10469003,TRUE_AMOUNT_MISMATCH
FY2027,1412000081,5006016247,202604,,,13633585,,,EXACT_MATCH
FY2027,1412000081,5006016247,202605,,,13633585,,,EXACT_MATCH
FY2027,1412000081,5006016247,202606,,,13633585,,,EXACT_MATCH
FY2027,1412000081,5006016247,202607,,,13633585,,,EXACT_MATCH
FY2027,1412000081,5006016247,202608,,,13633585,,,EXACT_MATCH
FY2027,1412000081,5006016247,202609,,,13633585,,,EXACT_MATCH
FY2027,1412000081,5006016247,202610,,,13633585,,,EXACT_MATCH
FY2027,1412000081,5006016247,202611,,,13633585,,,EXACT_MATCH
FY2027,1412000081,5006016247,202612,,,13633585,,,EXACT_MATCH
FY2027,1412000081,5006016247,202701,,,13633585,,,EXACT_MATCH
FY2027,1412000081,5006016247,202702,,,13633585,,,EXACT_MATCH
FY2027,1412000081,5006016247,202703,,,13633585,,,EXACT_MATCH
FY2027,1412000081,9114120007,202604,142997110,142997108,142997110,142997108,-2,ROUNDING_ORDER
FY2027,1412000081,9114120007,202605,84373902,84373900,84373902,84373900,-2,ROUNDING_ORDER
FY2027,1412000081,9114120007,202606,84139021,84139019,84139021,84139019,-2,ROUNDING_ORDER
FY2027,1412000081,9114120007,202607,83205015,83205014,83205015,83205014,-1,ROUNDING_ORDER
FY2027,1412000081,9114120007,202608,82207955,82207954,82207955,82207954,-1,ROUNDING_ORDER
FY2027,1412000081,9114120007,202609,80610032,80610030,80610032,80610030,-2,ROUNDING_ORDER
FY2027,1412000081,9114120007,202610,77925720,77925717,77925720,77925717,-3,ROUNDING_ORDER
FY2027,1412000081,9114120007,202611,75889563,75889560,75889563,75889560,-3,ROUNDING_ORDER
FY2027,1412000081,9114120007,202612,75653632,75653629,75653632,75653629,-3,ROUNDING_ORDER
FY2027,1412000081,9114120007,202701,75469457,75469455,75469457,75469455,-2,ROUNDING_ORDER
FY2027,1412000081,9114120007,202702,74987348,74987345,74987348,74987345,-3,ROUNDING_ORDER
FY2027,1412000081,9114120007,202703,74624255,74624252,74624255,74624252,-3,ROUNDING_ORDER
FY2027,1412000083,5006016242,202604,10544143,10544143,10544143,,,MISSING_REFERENCE_OUTPUT
FY2027,1412000083,5006016242,202605,10544143,10544143,10544143,,,MISSING_REFERENCE_OUTPUT
FY2027,1412000083,5006016242,202606,10544143,10544143,10544143,,,MISSING_REFERENCE_OUTPUT
FY2027,1412000083,5006016242,202607,10544143,10544143,10544143,,,MISSING_REFERENCE_OUTPUT
FY2027,1412000083,5006016242,202608,10544143,10544143,10544143,,,MISSING_REFERENCE_OUTPUT
FY2027,1412000083,5006016242,202609,10544143,10544143,10544143,,,MISSING_REFERENCE_OUTPUT
FY2027,1412000083,5006016242,202610,10544143,10544143,10544143,,,MISSING_REFERENCE_OUTPUT
FY2027,1412000083,5006016242,202611,10544143,10544143,10544143,,,MISSING_REFERENCE_OUTPUT
FY2027,1412000083,5006016242,202612,10544143,10544143,10544143,,,MISSING_REFERENCE_OUTPUT
FY2027,1412000083,5006016242,202701,10544143,10544143,10544143,,,MISSING_REFERENCE_OUTPUT
FY2027,1412000083,5006016242,202702,10544143,10544143,10544143,,,MISSING_REFERENCE_OUTPUT
FY2027,1412000083,5006016242,202703,10544143,10544143,10544143,,,MISSING_REFERENCE_OUTPUT
FY2027,1412000083,5006016244,202604,130760197,130760196,130760197,130842167,81970,TRUE_AMOUNT_MISMATCH
FY2027,1412000083,5006016244,202605,130760197,130760196,130760197,130842167,81970,TRUE_AMOUNT_MISMATCH
FY2027,1412000083,5006016244,202606,130760197,130760196,130760197,121408766,-9351431,TRUE_AMOUNT_MISMATCH
FY2027,1412000083,5006016244,202607,120633532,120633530,120633532,119719823,-913709,TRUE_AMOUNT_MISMATCH
FY2027,1412000083,5006016244,202608,116050732,116050731,116050732,119669805,3619073,TRUE_AMOUNT_MISMATCH
FY2027,1412000083,5006016244,202609,116050469,116050468,116050469,113171742,-2878727,TRUE_AMOUNT_MISMATCH
FY2027,1412000083,5006016244,202610,109074725,109074724,109074725,112928506,3853781,TRUE_AMOUNT_MISMATCH
FY2027,1412000083,5006016244,202611,109074725,109074724,109074725,101919148,-7155577,TRUE_AMOUNT_MISMATCH
FY2027,1412000083,5006016244,202612,97256341,97256340,97256341,101507576,4251235,TRUE_AMOUNT_MISMATCH
FY2027,1412000083,5006016244,202701,97256341,97256340,97256341,101507576,4251235,TRUE_AMOUNT_MISMATCH
FY2027,1412000083,5006016244,202702,97256341,97256340,97256341,101507576,4251235,TRUE_AMOUNT_MISMATCH
FY2027,1412000083,5006016244,202703,97256341,97256340,97256341,101507576,4251235,TRUE_AMOUNT_MISMATCH
FY2027,1412000083,5006016247,202604,93237885,93237885,93237885,90104540,-3133345,TRUE_AMOUNT_MISMATCH
FY2027,1412000083,5006016247,202605,93237885,93237885,93237885,90104540,-3133345,TRUE_AMOUNT_MISMATCH
FY2027,1412000083,5006016247,202606,93237885,93237885,93237885,90104540,-3133345,TRUE_AMOUNT_MISMATCH
FY2027,1412000083,5006016247,202607,93237885,93237885,93237885,90104540,-3133345,TRUE_AMOUNT_MISMATCH
FY2027,1412000083,5006016247,202608,93237885,93237885,93237885,90104540,-3133345,TRUE_AMOUNT_MISMATCH
FY2027,1412000083,5006016247,202609,93237885,93237885,93237885,90104540,-3133345,TRUE_AMOUNT_MISMATCH
FY2027,1412000083,5006016247,202610,93237885,93237885,93237885,90104540,-3133345,TRUE_AMOUNT_MISMATCH
FY2027,1412000083,5006016247,202611,93237885,93237885,93237885,90104540,-3133345,TRUE_AMOUNT_MISMATCH
FY2027,1412000083,5006016247,202612,93237885,93237885,93237885,90104540,-3133345,TRUE_AMOUNT_MISMATCH
FY2027,1412000083,5006016247,202701,93237885,93237885,93237885,90104540,-3133345,TRUE_AMOUNT_MISMATCH
FY2027,1412000083,5006016247,202702,93237885,93237885,93237885,90104540,-3133345,TRUE_AMOUNT_MISMATCH
FY2027,1412000083,5006016247,202703,93237885,93237885,93237885,90104540,-3133345,TRUE_AMOUNT_MISMATCH
FY2027,1412000083,9114120007,202604,43342306,43342306,43342306,26401980,-16940326,TRUE_AMOUNT_MISMATCH
FY2027,1412000083,9114120007,202605,35031368,35031367,35031368,26401980,-8629388,TRUE_AMOUNT_MISMATCH
FY2027,1412000083,9114120007,202606,35031368,35031367,35031368,26401980,-8629388,TRUE_AMOUNT_MISMATCH
FY2027,1412000083,9114120007,202607,34969626,34969626,34969626,25345112,-9624514,TRUE_AMOUNT_MISMATCH
FY2027,1412000083,9114120007,202608,34927851,34927852,34927851,24866804,-10061047,TRUE_AMOUNT_MISMATCH
FY2027,1412000083,9114120007,202609,34927851,34927852,34927851,24165013,-10762838,TRUE_AMOUNT_MISMATCH
FY2027,1412000083,9114120007,202610,34822496,34822497,34822496,24138744,-10683752,TRUE_AMOUNT_MISMATCH
FY2027,1412000083,9114120007,202611,34822496,34822497,34822496,22949734,-11872762,TRUE_AMOUNT_MISMATCH
FY2027,1412000083,9114120007,202612,34572902,34572903,34572902,22905284,-11667618,TRUE_AMOUNT_MISMATCH
FY2027,1412000083,9114120007,202701,34572902,34572903,34572902,22905284,-11667618,TRUE_AMOUNT_MISMATCH
FY2027,1412000083,9114120007,202702,34572902,34572903,34572902,22905284,-11667618,TRUE_AMOUNT_MISMATCH
FY2027,1412000083,9114120007,202703,34572902,34572903,34572902,22905284,-11667618,TRUE_AMOUNT_MISMATCH
FY2027,1412000094,5006016244,202604,930064,930064,930064,930064,0,EXACT_MATCH
FY2027,1412000094,5006016244,202605,930064,930064,930064,930064,0,EXACT_MATCH
FY2027,1412000094,5006016244,202606,930064,930064,930064,930064,0,EXACT_MATCH
FY2027,1412000094,5006016244,202607,930064,930064,930064,930064,0,EXACT_MATCH
FY2027,1412000094,5006016244,202608,930064,930064,930064,930064,0,EXACT_MATCH
FY2027,1412000094,5006016244,202609,930064,930064,930064,930064,0,EXACT_MATCH
FY2027,1412000094,5006016244,202610,930064,930064,930064,930064,0,EXACT_MATCH
FY2027,1412000094,5006016244,202611,930064,930064,930064,930064,0,EXACT_MATCH
FY2027,1412000094,5006016244,202612,930064,930064,930064,930064,0,EXACT_MATCH
FY2027,1412000094,5006016244,202701,930064,930064,930064,930064,0,EXACT_MATCH
FY2027,1412000094,5006016244,202702,930064,930064,930064,930064,0,EXACT_MATCH
FY2027,1412000094,5006016244,202703,930064,930064,930064,930064,0,EXACT_MATCH
FY2027,1412000094,9114120007,202604,100626,100626,100626,100626,0,EXACT_MATCH
FY2027,1412000094,9114120007,202605,69886,69886,69886,69886,0,EXACT_MATCH
FY2027,1412000094,9114120007,202606,69886,69886,69886,69886,0,EXACT_MATCH
FY2027,1412000094,9114120007,202607,69886,69886,69886,69886,0,EXACT_MATCH
FY2027,1412000094,9114120007,202608,69886,69886,69886,69886,0,EXACT_MATCH
FY2027,1412000094,9114120007,202609,69886,69886,69886,69886,0,EXACT_MATCH
FY2027,1412000094,9114120007,202610,69886,69886,69886,69886,0,EXACT_MATCH
FY2027,1412000094,9114120007,202611,69886,69886,69886,69886,0,EXACT_MATCH
FY2027,1412000094,9114120007,202612,69886,69886,69886,69886,0,EXACT_MATCH
FY2027,1412000094,9114120007,202701,69886,69886,69886,69886,0,EXACT_MATCH
FY2027,1412000094,9114120007,202702,69886,69886,69886,69886,0,EXACT_MATCH
FY2027,1412000094,9114120007,202703,69886,69886,69886,69886,0,EXACT_MATCH
FY2027,1412000096,5006016244,202604,1019392,1019392,1019392,1008333,-11059,TRUE_AMOUNT_MISMATCH
FY2027,1412000096,5006016244,202605,1019392,1019392,1019392,1008333,-11059,TRUE_AMOUNT_MISMATCH
FY2027,1412000096,5006016244,202606,1019392,1019392,1019392,1008333,-11059,TRUE_AMOUNT_MISMATCH
FY2027,1412000096,5006016244,202607,1019392,1019392,1019392,1008333,-11059,TRUE_AMOUNT_MISMATCH
FY2027,1412000096,5006016244,202608,1019392,1019392,1019392,1008333,-11059,TRUE_AMOUNT_MISMATCH
FY2027,1412000096,5006016244,202609,1019392,1019392,1019392,1008333,-11059,TRUE_AMOUNT_MISMATCH
FY2027,1412000096,5006016244,202610,1019392,1019392,1019392,1008333,-11059,TRUE_AMOUNT_MISMATCH
FY2027,1412000096,5006016244,202611,1019392,1019392,1019392,1008333,-11059,TRUE_AMOUNT_MISMATCH
FY2027,1412000096,5006016244,202612,1019392,1019392,1019392,1008333,-11059,TRUE_AMOUNT_MISMATCH
FY2027,1412000096,5006016244,202701,1019392,1019392,1019392,1008333,-11059,TRUE_AMOUNT_MISMATCH
FY2027,1412000096,5006016244,202702,1019392,1019392,1019392,1008333,-11059,TRUE_AMOUNT_MISMATCH
FY2027,1412000096,5006016244,202703,1019392,1019392,1019392,1008333,-11059,TRUE_AMOUNT_MISMATCH
FY2027,1412000096,9114120007,202604,110084,110084,110084,108900,-1184,TRUE_AMOUNT_MISMATCH
FY2027,1412000096,9114120007,202605,79607,79607,79607,108900,29293,TRUE_AMOUNT_MISMATCH
FY2027,1412000096,9114120007,202606,79607,79607,79607,108900,29293,TRUE_AMOUNT_MISMATCH
FY2027,1412000096,9114120007,202607,79607,79607,79607,108900,29293,TRUE_AMOUNT_MISMATCH
FY2027,1412000096,9114120007,202608,79607,79607,79607,108900,29293,TRUE_AMOUNT_MISMATCH
FY2027,1412000096,9114120007,202609,79607,79607,79607,108900,29293,TRUE_AMOUNT_MISMATCH
FY2027,1412000096,9114120007,202610,79607,79607,79607,108900,29293,TRUE_AMOUNT_MISMATCH
FY2027,1412000096,9114120007,202611,79607,79607,79607,108900,29293,TRUE_AMOUNT_MISMATCH
FY2027,1412000096,9114120007,202612,79607,79607,79607,108900,29293,TRUE_AMOUNT_MISMATCH
FY2027,1412000096,9114120007,202701,79607,79607,79607,108900,29293,TRUE_AMOUNT_MISMATCH
FY2027,1412000096,9114120007,202702,79607,79607,79607,108900,29293,TRUE_AMOUNT_MISMATCH
FY2027,1412000096,9114120007,202703,79607,79607,79607,108900,29293,TRUE_AMOUNT_MISMATCH
FY2027,1412000098,5006016242,202604,45891312,45891312,45891312,29396334,-16494978,TRUE_AMOUNT_MISMATCH
FY2027,1412000098,5006016242,202605,45891312,45891312,45891312,29396334,-16494978,TRUE_AMOUNT_MISMATCH
FY2027,1412000098,5006016242,202606,45891312,45891312,45891312,29396334,-16494978,TRUE_AMOUNT_MISMATCH
FY2027,1412000098,5006016242,202607,45891312,45891312,45891312,29396334,-16494978,TRUE_AMOUNT_MISMATCH
FY2027,1412000098,5006016242,202608,45891312,45891312,45891312,29396334,-16494978,TRUE_AMOUNT_MISMATCH
FY2027,1412000098,5006016242,202609,45891312,45891312,45891312,29396334,-16494978,TRUE_AMOUNT_MISMATCH
FY2027,1412000098,5006016242,202610,45891312,45891312,45891312,29396334,-16494978,TRUE_AMOUNT_MISMATCH
FY2027,1412000098,5006016242,202611,45891312,45891312,45891312,29396334,-16494978,TRUE_AMOUNT_MISMATCH
FY2027,1412000098,5006016242,202612,45891312,45891312,45891312,29396334,-16494978,TRUE_AMOUNT_MISMATCH
FY2027,1412000098,5006016242,202701,45891312,45891312,45891312,29396334,-16494978,TRUE_AMOUNT_MISMATCH
FY2027,1412000098,5006016242,202702,45891312,45891312,45891312,29396334,-16494978,TRUE_AMOUNT_MISMATCH
FY2027,1412000098,5006016242,202703,45891312,45891312,45891312,29396334,-16494978,TRUE_AMOUNT_MISMATCH
FY2027,1412000098,5006016244,202604,19917036,19917036,19917036,36412013,16494977,TRUE_AMOUNT_MISMATCH
FY2027,1412000098,5006016244,202605,19917036,19917036,19917036,36412013,16494977,TRUE_AMOUNT_MISMATCH
FY2027,1412000098,5006016244,202606,19917036,19917036,19917036,36412013,16494977,TRUE_AMOUNT_MISMATCH
FY2027,1412000098,5006016244,202607,19917036,19917036,19917036,36412013,16494977,TRUE_AMOUNT_MISMATCH
FY2027,1412000098,5006016244,202608,19917036,19917036,19917036,36412013,16494977,TRUE_AMOUNT_MISMATCH
FY2027,1412000098,5006016244,202609,19917036,19917036,19917036,36412013,16494977,TRUE_AMOUNT_MISMATCH
FY2027,1412000098,5006016244,202610,19917036,19917036,19917036,36412013,16494977,TRUE_AMOUNT_MISMATCH
FY2027,1412000098,5006016244,202611,19917036,19917036,19917036,36412013,16494977,TRUE_AMOUNT_MISMATCH
FY2027,1412000098,5006016244,202612,19917036,19917036,19917036,36412013,16494977,TRUE_AMOUNT_MISMATCH
FY2027,1412000098,5006016244,202701,19917036,19917036,19917036,36412013,16494977,TRUE_AMOUNT_MISMATCH
FY2027,1412000098,5006016244,202702,19917036,19917036,19917036,36412013,16494977,TRUE_AMOUNT_MISMATCH
FY2027,1412000098,5006016244,202703,19917036,19917036,19917036,36412013,16494977,TRUE_AMOUNT_MISMATCH
FY2027,1412000098,9114120007,202604,9850537,9850536,9850537,9850536,-1,ROUNDING_ORDER
FY2027,1412000098,9114120007,202605,7499891,7499890,7499891,9850536,2350645,TRUE_AMOUNT_MISMATCH
FY2027,1412000098,9114120007,202606,7499891,7499890,7499891,9850536,2350645,TRUE_AMOUNT_MISMATCH
FY2027,1412000098,9114120007,202607,7499891,7499890,7499891,9850536,2350645,TRUE_AMOUNT_MISMATCH
FY2027,1412000098,9114120007,202608,7499891,7499890,7499891,9850536,2350645,TRUE_AMOUNT_MISMATCH
FY2027,1412000098,9114120007,202609,7499891,7499890,7499891,9850536,2350645,TRUE_AMOUNT_MISMATCH
FY2027,1412000098,9114120007,202610,7499891,7499890,7499891,9850536,2350645,TRUE_AMOUNT_MISMATCH
FY2027,1412000098,9114120007,202611,7499891,7499890,7499891,9850536,2350645,TRUE_AMOUNT_MISMATCH
FY2027,1412000098,9114120007,202612,7499891,7499890,7499891,9850536,2350645,TRUE_AMOUNT_MISMATCH
FY2027,1412000098,9114120007,202701,7499891,7499890,7499891,9850536,2350645,TRUE_AMOUNT_MISMATCH
FY2027,1412000098,9114120007,202702,7499891,7499890,7499891,9850536,2350645,TRUE_AMOUNT_MISMATCH
FY2027,1412000098,9114120007,202703,7499891,7499890,7499891,9850536,2350645,TRUE_AMOUNT_MISMATCH
FY2027,1412000099,5006016244,202604,930852,930852,930852,935120,4268,TRUE_AMOUNT_MISMATCH
FY2027,1412000099,5006016244,202605,930852,930852,930852,935120,4268,TRUE_AMOUNT_MISMATCH
FY2027,1412000099,5006016244,202606,930852,930852,930852,935120,4268,TRUE_AMOUNT_MISMATCH
FY2027,1412000099,5006016244,202607,930852,930852,930852,935120,4268,TRUE_AMOUNT_MISMATCH
FY2027,1412000099,5006016244,202608,930852,930852,930852,935120,4268,TRUE_AMOUNT_MISMATCH
FY2027,1412000099,5006016244,202609,930852,930852,930852,935120,4268,TRUE_AMOUNT_MISMATCH
FY2027,1412000099,5006016244,202610,930852,930852,930852,935120,4268,TRUE_AMOUNT_MISMATCH
FY2027,1412000099,5006016244,202611,930852,930852,930852,935120,4268,TRUE_AMOUNT_MISMATCH
FY2027,1412000099,5006016244,202612,930852,930852,930852,935120,4268,TRUE_AMOUNT_MISMATCH
FY2027,1412000099,5006016244,202701,930852,930852,930852,935120,4268,TRUE_AMOUNT_MISMATCH
FY2027,1412000099,5006016244,202702,930852,930852,930852,935120,4268,TRUE_AMOUNT_MISMATCH
FY2027,1412000099,5006016244,202703,930852,930852,930852,935120,4268,TRUE_AMOUNT_MISMATCH
FY2027,1412000099,9114120007,202604,100626,100626,100626,0,-100626,TRUE_AMOUNT_MISMATCH
FY2027,1412000099,9114120007,202605,72776,72776,72776,101058,28282,TRUE_AMOUNT_MISMATCH
FY2027,1412000099,9114120007,202606,72776,72776,72776,101058,28282,TRUE_AMOUNT_MISMATCH
FY2027,1412000099,9114120007,202607,72776,72776,72776,101058,28282,TRUE_AMOUNT_MISMATCH
FY2027,1412000099,9114120007,202608,72776,72776,72776,101058,28282,TRUE_AMOUNT_MISMATCH
FY2027,1412000099,9114120007,202609,72776,72776,72776,101058,28282,TRUE_AMOUNT_MISMATCH
FY2027,1412000099,9114120007,202610,72776,72776,72776,101058,28282,TRUE_AMOUNT_MISMATCH
FY2027,1412000099,9114120007,202611,72776,72776,72776,101058,28282,TRUE_AMOUNT_MISMATCH
FY2027,1412000099,9114120007,202612,72776,72776,72776,101058,28282,TRUE_AMOUNT_MISMATCH
FY2027,1412000099,9114120007,202701,72776,72776,72776,101058,28282,TRUE_AMOUNT_MISMATCH
FY2027,1412000099,9114120007,202702,72776,72776,72776,101058,28282,TRUE_AMOUNT_MISMATCH
FY2027,1412000099,9114120007,202703,72776,72776,72776,101058,28282,TRUE_AMOUNT_MISMATCH
FY2027,1412000103,5006016242,202604,806837787,806837787,806837787,806837784,-3,TRUE_AMOUNT_MISMATCH
FY2027,1412000103,5006016242,202605,806837787,806837787,806837787,806837784,-3,TRUE_AMOUNT_MISMATCH
FY2027,1412000103,5006016242,202606,806837787,806837787,806837787,806837784,-3,TRUE_AMOUNT_MISMATCH
FY2027,1412000103,5006016242,202607,806837787,806837787,806837787,806837784,-3,TRUE_AMOUNT_MISMATCH
FY2027,1412000103,5006016242,202608,806837787,806837787,806837787,806837784,-3,TRUE_AMOUNT_MISMATCH
FY2027,1412000103,5006016242,202609,806837787,806837787,806837787,806837784,-3,TRUE_AMOUNT_MISMATCH
FY2027,1412000103,5006016242,202610,806837787,806837787,806837787,806837784,-3,TRUE_AMOUNT_MISMATCH
FY2027,1412000103,5006016242,202611,806837787,806837787,806837787,806837784,-3,TRUE_AMOUNT_MISMATCH
FY2027,1412000103,5006016242,202612,806837787,806837787,806837787,806837784,-3,TRUE_AMOUNT_MISMATCH
FY2027,1412000103,5006016242,202701,806837787,806837787,806837787,806837784,-3,TRUE_AMOUNT_MISMATCH
FY2027,1412000103,5006016242,202702,806837787,806837787,806837787,806837784,-3,TRUE_AMOUNT_MISMATCH
FY2027,1412000103,5006016242,202703,806837787,806837787,806837787,806837784,-3,TRUE_AMOUNT_MISMATCH
FY2027,1412000103,5006016243,202604,17816771,17816772,17816771,17816769,-2,TRUE_AMOUNT_MISMATCH
FY2027,1412000103,5006016243,202605,17816771,17816772,17816771,17816769,-2,TRUE_AMOUNT_MISMATCH
FY2027,1412000103,5006016243,202606,17816771,17816772,17816771,17816769,-2,TRUE_AMOUNT_MISMATCH
FY2027,1412000103,5006016243,202607,17816771,17816772,17816771,17816769,-2,TRUE_AMOUNT_MISMATCH
FY2027,1412000103,5006016243,202608,17816771,17816772,17816771,17816769,-2,TRUE_AMOUNT_MISMATCH
FY2027,1412000103,5006016243,202609,17816771,17816772,17816771,17816769,-2,TRUE_AMOUNT_MISMATCH
FY2027,1412000103,5006016243,202610,17816771,17816772,17816771,17816769,-2,TRUE_AMOUNT_MISMATCH
FY2027,1412000103,5006016243,202611,17816771,17816772,17816771,17816769,-2,TRUE_AMOUNT_MISMATCH
FY2027,1412000103,5006016243,202612,17816771,17816772,17816771,17816769,-2,TRUE_AMOUNT_MISMATCH
FY2027,1412000103,5006016243,202701,17816771,17816772,17816771,17816769,-2,TRUE_AMOUNT_MISMATCH
FY2027,1412000103,5006016243,202702,17816771,17816772,17816771,11883012,-5933759,TRUE_AMOUNT_MISMATCH
FY2027,1412000103,5006016243,202703,9469051,9469052,9469051,9469049,-2,TRUE_AMOUNT_MISMATCH
FY2027,1412000103,5006016244,202604,221854983,221854992,232830531,149889303,-71965680,TRUE_AMOUNT_MISMATCH
FY2027,1412000103,5006016244,202605,221854983,221854992,232830531,118043274,-103811709,TRUE_AMOUNT_MISMATCH
FY2027,1412000103,5006016244,202606,188817209,188817220,199792757,116851531,-71965678,TRUE_AMOUNT_MISMATCH
FY2027,1412000103,5006016244,202607,188817209,188817220,199792757,116851531,-71965678,TRUE_AMOUNT_MISMATCH
FY2027,1412000103,5006016244,202608,188817209,188817220,199792757,116851531,-71965678,TRUE_AMOUNT_MISMATCH
FY2027,1412000103,5006016244,202609,188817209,188817220,199792757,188664397,-152812,TRUE_AMOUNT_MISMATCH
FY2027,1412000103,5006016244,202610,188817209,188817220,199792757,188664397,-152812,TRUE_AMOUNT_MISMATCH
FY2027,1412000103,5006016244,202611,188817209,188817220,199792757,188664397,-152812,TRUE_AMOUNT_MISMATCH
FY2027,1412000103,5006016244,202612,188817209,188817220,199792757,188664397,-152812,TRUE_AMOUNT_MISMATCH
FY2027,1412000103,5006016244,202701,188817209,188817220,199792757,188664397,-152812,TRUE_AMOUNT_MISMATCH
FY2027,1412000103,5006016244,202702,188817209,188817220,199792757,188664397,-152812,TRUE_AMOUNT_MISMATCH
FY2027,1412000103,5006016244,202703,188817209,188817220,199792757,188664397,-152812,TRUE_AMOUNT_MISMATCH
FY2027,1412000103,9114120007,202604,240241086,240241101,240241086,218848834,-21392252,TRUE_AMOUNT_MISMATCH
FY2027,1412000103,9114120007,202605,202605021,202605027,202605021,202744274,139253,TRUE_AMOUNT_MISMATCH
FY2027,1412000103,9114120007,202606,202502037,202502037,202502037,202769496,267459,TRUE_AMOUNT_MISMATCH
FY2027,1412000103,9114120007,202607,202502037,202502037,202502037,202625783,123746,TRUE_AMOUNT_MISMATCH
FY2027,1412000103,9114120007,202608,202502037,202502037,202502037,202492316,-9721,TRUE_AMOUNT_MISMATCH
FY2027,1412000103,9114120007,202609,202502037,202502037,202502037,202475239,-26798,TRUE_AMOUNT_MISMATCH
FY2027,1412000103,9114120007,202610,202502037,202502037,202502037,202601086,99049,TRUE_AMOUNT_MISMATCH
FY2027,1412000103,9114120007,202611,202502037,202502037,202502037,202512284,10247,TRUE_AMOUNT_MISMATCH
FY2027,1412000103,9114120007,202612,202502037,202502037,202502037,202490214,-11823,TRUE_AMOUNT_MISMATCH
FY2027,1412000103,9114120007,202701,202502037,202502037,202502037,202409294,-92743,TRUE_AMOUNT_MISMATCH
FY2027,1412000103,9114120007,202702,202502037,202502037,202502037,202076152,-425885,TRUE_AMOUNT_MISMATCH
FY2027,1412000103,9114120007,202703,202244299,202244299,202244299,202243248,-1051,TRUE_AMOUNT_MISMATCH
