severity,cc_code,period,area,message,action
action,1412000006,"202604,202605,202606,202607,202608,202609,202610,202611,202612,202701,202702,202703",manual_event_driver,Chưa có dòng sự kiện thủ công nào cho các số liệu không thể suy luận.,"Nếu có JP/VN bus, quà không đi du lịch, kỷ niệm 10 năm, company anniversary, VISA/Passport row khác 137..., hãy nhập vào event_drivers_manual.csv."
action,1412000005,202604,headcount_event_delta,"Missing complete monthly headcount driver for event-delta allocation: cc=1412000005, month=202604, previous_month=202603, category=headcount_all, missing=current,previous",Provide monthly headcount for both the event month and previous month before using event-delta allocation.
action,1412000062,202604,headcount_event_delta,"Missing complete monthly headcount driver for event-delta allocation: cc=1412000062, month=202604, previous_month=202603, category=headcount_all, missing=current,previous",Provide monthly headcount for both the event month and previous month before using event-delta allocation.
action,1412000034,202604,headcount_event_delta,"Missing complete monthly headcount driver for event-delta allocation: cc=1412000034, month=202604, previous_month=202603, category=headcount_all, missing=current,previous",Provide monthly headcount for both the event month and previous month before using event-delta allocation.
action,1412000048,202604,headcount_event_delta,"Missing complete monthly headcount driver for event-delta allocation: cc=1412000048, month=202604, previous_month=202603, category=headcount_all, missing=current,previous",Provide monthly headcount for both the event month and previous month before using event-delta allocation.
action,1412000055,202604,headcount_event_delta,"Missing complete monthly headcount driver for event-delta allocation: cc=1412000055, month=202604, previous_month=202603, category=headcount_all, missing=current,previous",Provide monthly headcount for both the event month and previous month before using event-delta allocation.
action,1412000050,202604,headcount_event_delta,"Missing complete monthly headcount driver for event-delta allocation: cc=1412000050, month=202604, previous_month=202603, category=headcount_all, missing=current,previous",Provide monthly headcount for both the event month and previous month before using event-delta allocation.
action,1412000077,202604,headcount_event_delta,"Missing complete monthly headcount driver for event-delta allocation: cc=1412000077, month=202604, previous_month=202603, category=headcount_all, missing=current,previous",Provide monthly headcount for both the event month and previous month before using event-delta allocation.
action,1412000053,202604,headcount_event_delta,"Missing complete monthly headcount driver for event-delta allocation: cc=1412000053, month=202604, previous_month=202603, category=headcount_all, missing=current,previous",Provide monthly headcount for both the event month and previous month before using event-delta allocation.
action,1412000008,202604,headcount_event_delta,"Missing complete monthly headcount driver for event-delta allocation: cc=1412000008, month=202604, previous_month=202603, category=headcount_all, missing=current,previous",Provide monthly headcount for both the event month and previous month before using event-delta allocation.
action,1412000010,202604,headcount_event_delta,"Missing complete monthly headcount driver for event-delta allocation: cc=1412000010, month=202604, previous_month=202603, category=headcount_all, missing=current,previous",Provide monthly headcount for both the event month and previous month before using event-delta allocation.
action,1412000054,202604,headcount_event_delta,"Missing complete monthly headcount driver for event-delta allocation: cc=1412000054, month=202604, previous_month=202603, category=headcount_all, missing=current,previous",Provide monthly headcount for both the event month and previous month before using event-delta allocation.
action,1412000036,202604,headcount_event_delta,"Missing complete monthly headcount driver for event-delta allocation: cc=1412000036, month=202604, previous_month=202603, category=headcount_all, missing=current,previous",Provide monthly headcount for both the event month and previous month before using event-delta allocation.
action,1412000089,202604,headcount_event_delta,"Missing complete monthly headcount driver for event-delta allocation: cc=1412000089, month=202604, previous_month=202603, category=headcount_all, missing=current,previous",Provide monthly headcount for both the event month and previous month before using event-delta allocation.
action,1412000013,202604,headcount_event_delta,"Missing complete monthly headcount driver for event-delta allocation: cc=1412000013, month=202604, previous_month=202603, category=headcount_all, missing=current,previous",Provide monthly headcount for both the event month and previous month before using event-delta allocation.
action,1412000080,202604,headcount_event_delta,"Missing complete monthly headcount driver for event-delta allocation: cc=1412000080, month=202604, previous_month=202603, category=headcount_all, missing=current,previous",Provide monthly headcount for both the event month and previous month before using event-delta allocation.
action,1412000044,202604,headcount_event_delta,"Missing complete monthly headcount driver for event-delta allocation: cc=1412000044, month=202604, previous_month=202603, category=headcount_all, missing=current,previous",Provide monthly headcount for both the event month and previous month before using event-delta allocation.
action,1412000056,202604,headcount_event_delta,"Missing complete monthly headcount driver for event-delta allocation: cc=1412000056, month=202604, previous_month=202603, category=headcount_all, missing=current,previous",Provide monthly headcount for both the event month and previous month before using event-delta allocation.
action,1412000018,202604,headcount_event_delta,"Missing complete monthly headcount driver for event-delta allocation: cc=1412000018, month=202604, previous_month=202603, category=headcount_all, missing=current,previous",Provide monthly headcount for both the event month and previous month before using event-delta allocation.
action,1412000019,202604,headcount_event_delta,"Missing complete monthly headcount driver for event-delta allocation: cc=1412000019, month=202604, previous_month=202603, category=headcount_all, missing=current,previous",Provide monthly headcount for both the event month and previous month before using event-delta allocation.
action,1412000058,202604,headcount_event_delta,"Missing complete monthly headcount driver for event-delta allocation: cc=1412000058, month=202604, previous_month=202603, category=headcount_all, missing=current,previous",Provide monthly headcount for both the event month and previous month before using event-delta allocation.
action,1412000042,202604,headcount_event_delta,"Missing complete monthly headcount driver for event-delta allocation: cc=1412000042, month=202604, previous_month=202603, category=headcount_all, missing=current,previous",Provide monthly headcount for both the event month and previous month before using event-delta allocation.
action,1412000021,202604,headcount_event_delta,"Missing complete monthly headcount driver for event-delta allocation: cc=1412000021, month=202604, previous_month=202603, category=headcount_all, missing=current,previous",Provide monthly headcount for both the event month and previous month before using event-delta allocation.
action,1412000022,202604,headcount_event_delta,"Missing complete monthly headcount driver for event-delta allocation: cc=1412000022, month=202604, previous_month=202603, category=headcount_all, missing=current,previous",Provide monthly headcount for both the event month and previous month before using event-delta allocation.
action,1412000024,202604,headcount_event_delta,"Missing complete monthly headcount driver for event-delta allocation: cc=1412000024, month=202604, previous_month=202603, category=headcount_all, missing=current,previous",Provide monthly headcount for both the event month and previous month before using event-delta allocation.
action,1412000025,202604,headcount_event_delta,"Missing complete monthly headcount driver for event-delta allocation: cc=1412000025, month=202604, previous_month=202603, category=headcount_all, missing=current,previous",Provide monthly headcount for both the event month and previous month before using event-delta allocation.
action,1412000026,202604,headcount_event_delta,"Missing complete monthly headcount driver for event-delta allocation: cc=1412000026, month=202604, previous_month=202603, category=headcount_all, missing=current,previous",Provide monthly headcount for both the event month and previous month before using event-delta allocation.
action,1412000028,202604,headcount_event_delta,"Missing complete monthly headcount driver for event-delta allocation: cc=1412000028, month=202604, previous_month=202603, category=headcount_all, missing=current,previous",Provide monthly headcount for both the event month and previous month before using event-delta allocation.
action,1412000029,202604,headcount_event_delta,"Missing complete monthly headcount driver for event-delta allocation: cc=1412000029, month=202604, previous_month=202603, category=headcount_all, missing=current,previous",Provide monthly headcount for both the event month and previous month before using event-delta allocation.
action,1412000030,202604,headcount_event_delta,"Missing complete monthly headcount driver for event-delta allocation: cc=1412000030, month=202604, previous_month=202603, category=headcount_all, missing=current,previous",Provide monthly headcount for both the event month and previous month before using event-delta allocation.
action,1412000086,202604,headcount_event_delta,"Missing complete monthly headcount driver for event-delta allocation: cc=1412000086, month=202604, previous_month=202603, category=headcount_all, missing=current,previous",Provide monthly headcount for both the event month and previous month before using event-delta allocation.
action,1412000063,202604,headcount_event_delta,"Missing complete monthly headcount driver for event-delta allocation: cc=1412000063, month=202604, previous_month=202603, category=headcount_all, missing=current,previous",Provide monthly headcount for both the event month and previous month before using event-delta allocation.
action,1412000066,202604,headcount_event_delta,"Missing complete monthly headcount driver for event-delta allocation: cc=1412000066, month=202604, previous_month=202603, category=headcount_all, missing=current,previous",Provide monthly headcount for both the event month and previous month before using event-delta allocation.
action,1412000035,202604,headcount_event_delta,"Missing complete monthly headcount driver for event-delta allocation: cc=1412000035, month=202604, previous_month=202603, category=headcount_all, missing=current,previous",Provide monthly headcount for both the event month and previous month before using event-delta allocation.
action,1412000016,202604,headcount_event_delta,"Missing complete monthly headcount driver for event-delta allocation: cc=1412000016, month=202604, previous_month=202603, category=headcount_all, missing=current,previous",Provide monthly headcount for both the event month and previous month before using event-delta allocation.
action,1412000069,202604,headcount_event_delta,"Missing complete monthly headcount driver for event-delta allocation: cc=1412000069, month=202604, previous_month=202603, category=headcount_all, missing=current,previous",Provide monthly headcount for both the event month and previous month before using event-delta allocation.
action,1412000070,202604,headcount_event_delta,"Missing complete monthly headcount driver for event-delta allocation: cc=1412000070, month=202604, previous_month=202603, category=headcount_all, missing=current,previous",Provide monthly headcount for both the event month and previous month before using event-delta allocation.
action,1412000072,202604,headcount_event_delta,"Missing complete monthly headcount driver for event-delta allocation: cc=1412000072, month=202604, previous_month=202603, category=headcount_all, missing=current,previous",Provide monthly headcount for both the event month and previous month before using event-delta allocation.
action,1412000073,202604,headcount_event_delta,"Missing complete monthly headcount driver for event-delta allocation: cc=1412000073, month=202604, previous_month=202603, category=headcount_all, missing=current,previous",Provide monthly headcount for both the event month and previous month before using event-delta allocation.
action,1412000104,202604,headcount_event_delta,"Missing complete monthly headcount driver for event-delta allocation: cc=1412000104, month=202604, previous_month=202603, category=headcount_all, missing=current,previous",Provide monthly headcount for both the event month and previous month before using event-delta allocation.
action,1412000057,202604,headcount_event_delta,"Missing complete monthly headcount driver for event-delta allocation: cc=1412000057, month=202604, previous_month=202603, category=headcount_all, missing=current,previous",Provide monthly headcount for both the event month and previous month before using event-delta allocation.
action,1412000078,202604,headcount_event_delta,"Missing complete monthly headcount driver for event-delta allocation: cc=1412000078, month=202604, previous_month=202603, category=headcount_all, missing=current,previous",Provide monthly headcount for both the event month and previous month before using event-delta allocation.
action,1412C00001,202604,headcount_event_delta,"Missing complete monthly headcount driver for event-delta allocation: cc=1412C00001, month=202604, previous_month=202603, category=headcount_all, missing=current,previous",Provide monthly headcount for both the event month and previous month before using event-delta allocation.
action,1412000081,202604,headcount_event_delta,"Missing complete monthly headcount driver for event-delta allocation: cc=1412000081, month=202604, previous_month=202603, category=headcount_all, missing=current,previous",Provide monthly headcount for both the event month and previous month before using event-delta allocation.
action,1412000083,202604,headcount_event_delta,"Missing complete monthly headcount driver for event-delta allocation: cc=1412000083, month=202604, previous_month=202603, category=headcount_all, missing=current,previous",Provide monthly headcount for both the event month and previous month before using event-delta allocation.
action,1412000084,202604,headcount_event_delta,"Missing complete monthly headcount driver for event-delta allocation: cc=1412000084, month=202604, previous_month=202603, category=headcount_all, missing=current,previous",Provide monthly headcount for both the event month and previous month before using event-delta allocation.
action,1412000087,202604,headcount_event_delta,"Missing complete monthly headcount driver for event-delta allocation: cc=1412000087, month=202604, previous_month=202603, category=headcount_all, missing=current,previous",Provide monthly headcount for both the event month and previous month before using event-delta allocation.
action,1412000088,202604,headcount_event_delta,"Missing complete monthly headcount driver for event-delta allocation: cc=1412000088, month=202604, previous_month=202603, category=headcount_all, missing=current,previous",Provide monthly headcount for both the event month and previous month before using event-delta allocation.
action,1412000091,202604,headcount_event_delta,"Missing complete monthly headcount driver for event-delta allocation: cc=1412000091, month=202604, previous_month=202603, category=headcount_all, missing=current,previous",Provide monthly headcount for both the event month and previous month before using event-delta allocation.
action,1412000092,202604,headcount_event_delta,"Missing complete monthly headcount driver for event-delta allocation: cc=1412000092, month=202604, previous_month=202603, category=headcount_all, missing=current,previous",Provide monthly headcount for both the event month and previous month before using event-delta allocation.
action,1412000093,202604,headcount_event_delta,"Missing complete monthly headcount driver for event-delta allocation: cc=1412000093, month=202604, previous_month=202603, category=headcount_all, missing=current,previous",Provide monthly headcount for both the event month and previous month before using event-delta allocation.
action,1412000094,202604,headcount_event_delta,"Missing complete monthly headcount driver for event-delta allocation: cc=1412000094, month=202604, previous_month=202603, category=headcount_all, missing=current,previous",Provide monthly headcount for both the event month and previous month before using event-delta allocation.
action,1412000096,202604,headcount_event_delta,"Missing complete monthly headcount driver for event-delta allocation: cc=1412000096, month=202604, previous_month=202603, category=headcount_all, missing=current,previous",Provide monthly headcount for both the event month and previous month before using event-delta allocation.
action,1412000098,202604,headcount_event_delta,"Missing complete monthly headcount driver for event-delta allocation: cc=1412000098, month=202604, previous_month=202603, category=headcount_all, missing=current,previous",Provide monthly headcount for both the event month and previous month before using event-delta allocation.
action,1412000099,202604,headcount_event_delta,"Missing complete monthly headcount driver for event-delta allocation: cc=1412000099, month=202604, previous_month=202603, category=headcount_all, missing=current,previous",Provide monthly headcount for both the event month and previous month before using event-delta allocation.
action,1412000101,202604,headcount_event_delta,"Missing complete monthly headcount driver for event-delta allocation: cc=1412000101, month=202604, previous_month=202603, category=headcount_all, missing=current,previous",Provide monthly headcount for both the event month and previous month before using event-delta allocation.
action,1412000100,202604,headcount_event_delta,"Missing complete monthly headcount driver for event-delta allocation: cc=1412000100, month=202604, previous_month=202603, category=headcount_all, missing=current,previous",Provide monthly headcount for both the event month and previous month before using event-delta allocation.
action,1412000103,202604,headcount_event_delta,"Missing complete monthly headcount driver for event-delta allocation: cc=1412000103, month=202604, previous_month=202603, category=headcount_all, missing=current,previous",Provide monthly headcount for both the event month and previous month before using event-delta allocation.
action,1412000105,202604,headcount_event_delta,"Missing complete monthly headcount driver for event-delta allocation: cc=1412000105, month=202604, previous_month=202603, category=headcount_all, missing=current,previous",Provide monthly headcount for both the event month and previous month before using event-delta allocation.
action,1412000075,202604,headcount_event_delta,"Missing complete monthly headcount driver for event-delta allocation: cc=1412000075, month=202604, previous_month=202603, category=headcount_all, missing=current,previous",Provide monthly headcount for both the event month and previous month before using event-delta allocation.
action,1412000106,202604,headcount_event_delta,"Missing complete monthly headcount driver for event-delta allocation: cc=1412000106, month=202604, previous_month=202603, category=headcount_all, missing=current,previous",Provide monthly headcount for both the event month and previous month before using event-delta allocation.
action,1412000039,202604,headcount_event_delta,"Missing complete monthly headcount driver for event-delta allocation: cc=1412000039, month=202604, previous_month=202603, category=headcount_all, missing=current,previous",Provide monthly headcount for both the event month and previous month before using event-delta allocation.
action,1412000108,202604,headcount_event_delta,"Missing complete monthly headcount driver for event-delta allocation: cc=1412000108, month=202604, previous_month=202603, category=headcount_all, missing=current,previous",Provide monthly headcount for both the event month and previous month before using event-delta allocation.
action,1412000005,202605,headcount_event_delta,"Missing complete monthly headcount driver for event-delta allocation: cc=1412000005, month=202605, previous_month=202604, category=headcount_all, missing=current,previous",Provide monthly headcount for both the event month and previous month before using event-delta allocation.
action,1412000062,202605,headcount_event_delta,"Missing complete monthly headcount driver for event-delta allocation: cc=1412000062, month=202605, previous_month=202604, category=headcount_all, missing=current,previous",Provide monthly headcount for both the event month and previous month before using event-delta allocation.
action,1412000034,202605,headcount_event_delta,"Missing complete monthly headcount driver for event-delta allocation: cc=1412000034, month=202605, previous_month=202604, category=headcount_all, missing=current,previous",Provide monthly headcount for both the event month and previous month before using event-delta allocation.
action,1412000048,202605,headcount_event_delta,"Missing complete monthly headcount driver for event-delta allocation: cc=1412000048, month=202605, previous_month=202604, category=headcount_all, missing=current,previous",Provide monthly headcount for both the event month and previous month before using event-delta allocation.
action,1412000055,202605,headcount_event_delta,"Missing complete monthly headcount driver for event-delta allocation: cc=1412000055, month=202605, previous_month=202604, category=headcount_all, missing=current,previous",Provide monthly headcount for both the event month and previous month before using event-delta allocation.
action,1412000050,202605,headcount_event_delta,"Missing complete monthly headcount driver for event-delta allocation: cc=1412000050, month=202605, previous_month=202604, category=headcount_all, missing=current,previous",Provide monthly headcount for both the event month and previous month before using event-delta allocation.
action,1412000077,202605,headcount_event_delta,"Missing complete monthly headcount driver for event-delta allocation: cc=1412000077, month=202605, previous_month=202604, category=headcount_all, missing=current,previous",Provide monthly headcount for both the event month and previous month before using event-delta allocation.
action,1412000053,202605,headcount_event_delta,"Missing complete monthly headcount driver for event-delta allocation: cc=1412000053, month=202605, previous_month=202604, category=headcount_all, missing=current,previous",Provide monthly headcount for both the event month and previous month before using event-delta allocation.
action,1412000008,202605,headcount_event_delta,"Missing complete monthly headcount driver for event-delta allocation: cc=1412000008, month=202605, previous_month=202604, category=headcount_all, missing=current,previous",Provide monthly headcount for both the event month and previous month before using event-delta allocation.
action,1412000010,202605,headcount_event_delta,"Missing complete monthly headcount driver for event-delta allocation: cc=1412000010, month=202605, previous_month=202604, category=headcount_all, missing=current,previous",Provide monthly headcount for both the event month and previous month before using event-delta allocation.
action,1412000054,202605,headcount_event_delta,"Missing complete monthly headcount driver for event-delta allocation: cc=1412000054, month=202605, previous_month=202604, category=headcount_all, missing=current,previous",Provide monthly headcount for both the event month and previous month before using event-delta allocation.
action,1412000036,202605,headcount_event_delta,"Missing complete monthly headcount driver for event-delta allocation: cc=1412000036, month=202605, previous_month=202604, category=headcount_all, missing=current,previous",Provide monthly headcount for both the event month and previous month before using event-delta allocation.
action,1412000089,202605,headcount_event_delta,"Missing complete monthly headcount driver for event-delta allocation: cc=1412000089, month=202605, previous_month=202604, category=headcount_all, missing=current,previous",Provide monthly headcount for both the event month and previous month before using event-delta allocation.
action,1412000013,202605,headcount_event_delta,"Missing complete monthly headcount driver for event-delta allocation: cc=1412000013, month=202605, previous_month=202604, category=headcount_all, missing=current,previous",Provide monthly headcount for both the event month and previous month before using event-delta allocation.
action,1412000080,202605,headcount_event_delta,"Missing complete monthly headcount driver for event-delta allocation: cc=1412000080, month=202605, previous_month=202604, category=headcount_all, missing=current,previous",Provide monthly headcount for both the event month and previous month before using event-delta allocation.
action,1412000044,202605,headcount_event_delta,"Missing complete monthly headcount driver for event-delta allocation: cc=1412000044, month=202605, previous_month=202604, category=headcount_all, missing=current,previous",Provide monthly headcount for both the event month and previous month before using event-delta allocation.
action,1412000056,202605,headcount_event_delta,"Missing complete monthly headcount driver for event-delta allocation: cc=1412000056, month=202605, previous_month=202604, category=headcount_all, missing=current,previous",Provide monthly headcount for both the event month and previous month before using event-delta allocation.
action,1412000018,202605,headcount_event_delta,"Missing complete monthly headcount driver for event-delta allocation: cc=1412000018, month=202605, previous_month=202604, category=headcount_all, missing=current,previous",Provide monthly headcount for both the event month and previous month before using event-delta allocation.
action,1412000019,202605,headcount_event_delta,"Missing complete monthly headcount driver for event-delta allocation: cc=1412000019, month=202605, previous_month=202604, category=headcount_all, missing=current,previous",Provide monthly headcount for both the event month and previous month before using event-delta allocation.
action,1412000058,202605,headcount_event_delta,"Missing complete monthly headcount driver for event-delta allocation: cc=1412000058, month=202605, previous_month=202604, category=headcount_all, missing=current,previous",Provide monthly headcount for both the event month and previous month before using event-delta allocation.
action,1412000042,202605,headcount_event_delta,"Missing complete monthly headcount driver for event-delta allocation: cc=1412000042, month=202605, previous_month=202604, category=headcount_all, missing=current,previous",Provide monthly headcount for both the event month and previous month before using event-delta allocation.
action,1412000021,202605,headcount_event_delta,"Missing complete monthly headcount driver for event-delta allocation: cc=1412000021, month=202605, previous_month=202604, category=headcount_all, missing=current,previous",Provide monthly headcount for both the event month and previous month before using event-delta allocation.
action,1412000022,202605,headcount_event_delta,"Missing complete monthly headcount driver for event-delta allocation: cc=1412000022, month=202605, previous_month=202604, category=headcount_all, missing=current,previous",Provide monthly headcount for both the event month and previous month before using event-delta allocation.
action,1412000024,202605,headcount_event_delta,"Missing complete monthly headcount driver for event-delta allocation: cc=1412000024, month=202605, previous_month=202604, category=headcount_all, missing=current,previous",Provide monthly headcount for both the event month and previous month before using event-delta allocation.
action,1412000025,202605,headcount_event_delta,"Missing complete monthly headcount driver for event-delta allocation: cc=1412000025, month=202605, previous_month=202604, category=headcount_all, missing=current,previous",Provide monthly headcount for both the event month and previous month before using event-delta allocation.
action,1412000026,202605,headcount_event_delta,"Missing complete monthly headcount driver for event-delta allocation: cc=1412000026, month=202605, previous_month=202604, category=headcount_all, missing=current,previous",Provide monthly headcount for both the event month and previous month before using event-delta allocation.
action,1412000028,202605,headcount_event_delta,"Missing complete monthly headcount driver for event-delta allocation: cc=1412000028, month=202605, previous_month=202604, category=headcount_all, missing=current,previous",Provide monthly headcount for both the event month and previous month before using event-delta allocation.
action,1412000029,202605,headcount_event_delta,"Missing complete monthly headcount driver for event-delta allocation: cc=1412000029, month=202605, previous_month=202604, category=headcount_all, missing=current,previous",Provide monthly headcount for both the event month and previous month before using event-delta allocation.
action,1412000030,202605,headcount_event_delta,"Missing complete monthly headcount driver for event-delta allocation: cc=1412000030, month=202605, previous_month=202604, category=headcount_all, missing=current,previous",Provide monthly headcount for both the event month and previous month before using event-delta allocation.
action,1412000086,202605,headcount_event_delta,"Missing complete monthly headcount driver for event-delta allocation: cc=1412000086, month=202605, previous_month=202604, category=headcount_all, missing=current,previous",Provide monthly headcount for both the event month and previous month before using event-delta allocation.
action,1412000063,202605,headcount_event_delta,"Missing complete monthly headcount driver for event-delta allocation: cc=1412000063, month=202605, previous_month=202604, category=headcount_all, missing=current,previous",Provide monthly headcount for both the event month and previous month before using event-delta allocation.
action,1412000066,202605,headcount_event_delta,"Missing complete monthly headcount driver for event-delta allocation: cc=1412000066, month=202605, previous_month=202604, category=headcount_all, missing=current,previous",Provide monthly headcount for both the event month and previous month before using event-delta allocation.
action,1412000035,202605,headcount_event_delta,"Missing complete monthly headcount driver for event-delta allocation: cc=1412000035, month=202605, previous_month=202604, category=headcount_all, missing=current,previous",Provide monthly headcount for both the event month and previous month before using event-delta allocation.
action,1412000016,202605,headcount_event_delta,"Missing complete monthly headcount driver for event-delta allocation: cc=1412000016, month=202605, previous_month=202604, category=headcount_all, missing=current,previous",Provide monthly headcount for both the event month and previous month before using event-delta allocation.
action,1412000069,202605,headcount_event_delta,"Missing complete monthly headcount driver for event-delta allocation: cc=1412000069, month=202605, previous_month=202604, category=headcount_all, missing=current,previous",Provide monthly headcount for both the event month and previous month before using event-delta allocation.
action,1412000070,202605,headcount_event_delta,"Missing complete monthly headcount driver for event-delta allocation: cc=1412000070, month=202605, previous_month=202604, category=headcount_all, missing=current,previous",Provide monthly headcount for both the event month and previous month before using event-delta allocation.
action,1412000072,202605,headcount_event_delta,"Missing complete monthly headcount driver for event-delta allocation: cc=1412000072, month=202605, previous_month=202604, category=headcount_all, missing=current,previous",Provide monthly headcount for both the event month and previous month before using event-delta allocation.
action,1412000073,202605,headcount_event_delta,"Missing complete monthly headcount driver for event-delta allocation: cc=1412000073, month=202605, previous_month=202604, category=headcount_all, missing=current,previous",Provide monthly headcount for both the event month and previous month before using event-delta allocation.
action,1412000104,202605,headcount_event_delta,"Missing complete monthly headcount driver for event-delta allocation: cc=1412000104, month=202605, previous_month=202604, category=headcount_all, missing=current,previous",Provide monthly headcount for both the event month and previous month before using event-delta allocation.
action,1412000057,202605,headcount_event_delta,"Missing complete monthly headcount driver for event-delta allocation: cc=1412000057, month=202605, previous_month=202604, category=headcount_all, missing=current,previous",Provide monthly headcount for both the event month and previous month before using event-delta allocation.
action,1412000078,202605,headcount_event_delta,"Missing complete monthly headcount driver for event-delta allocation: cc=1412000078, month=202605, previous_month=202604, category=headcount_all, missing=current,previous",Provide monthly headcount for both the event month and previous month before using event-delta allocation.
action,1412C00001,202605,headcount_event_delta,"Missing complete monthly headcount driver for event-delta allocation: cc=1412C00001, month=202605, previous_month=202604, category=headcount_all, missing=current,previous",Provide monthly headcount for both the event month and previous month before using event-delta allocation.
action,1412000081,202605,headcount_event_delta,"Missing complete monthly headcount driver for event-delta allocation: cc=1412000081, month=202605, previous_month=202604, category=headcount_all, missing=current,previous",Provide monthly headcount for both the event month and previous month before using event-delta allocation.
action,1412000083,202605,headcount_event_delta,"Missing complete monthly headcount driver for event-delta allocation: cc=1412000083, month=202605, previous_month=202604, category=headcount_all, missing=current,previous",Provide monthly headcount for both the event month and previous month before using event-delta allocation.
action,1412000084,202605,headcount_event_delta,"Missing complete monthly headcount driver for event-delta allocation: cc=1412000084, month=202605, previous_month=202604, category=headcount_all, missing=current,previous",Provide monthly headcount for both the event month and previous month before using event-delta allocation.
action,1412000087,202605,headcount_event_delta,"Missing complete monthly headcount driver for event-delta allocation: cc=1412000087, month=202605, previous_month=202604, category=headcount_all, missing=current,previous",Provide monthly headcount for both the event month and previous month before using event-delta allocation.
action,1412000088,202605,headcount_event_delta,"Missing complete monthly headcount driver for event-delta allocation: cc=1412000088, month=202605, previous_month=202604, category=headcount_all, missing=current,previous",Provide monthly headcount for both the event month and previous month before using event-delta allocation.
action,1412000091,202605,headcount_event_delta,"Missing complete monthly headcount driver for event-delta allocation: cc=1412000091, month=202605, previous_month=202604, category=headcount_all, missing=current,previous",Provide monthly headcount for both the event month and previous month before using event-delta allocation.
action,1412000092,202605,headcount_event_delta,"Missing complete monthly headcount driver for event-delta allocation: cc=1412000092, month=202605, previous_month=202604, category=headcount_all, missing=current,previous",Provide monthly headcount for both the event month and previous month before using event-delta allocation.
action,1412000093,202605,headcount_event_delta,"Missing complete monthly headcount driver for event-delta allocation: cc=1412000093, month=202605, previous_month=202604, category=headcount_all, missing=current,previous",Provide monthly headcount for both the event month and previous month before using event-delta allocation.
action,1412000094,202605,headcount_event_delta,"Missing complete monthly headcount driver for event-delta allocation: cc=1412000094, month=202605, previous_month=202604, category=headcount_all, missing=current,previous",Provide monthly headcount for both the event month and previous month before using event-delta allocation.
action,1412000096,202605,headcount_event_delta,"Missing complete monthly headcount driver for event-delta allocation: cc=1412000096, month=202605, previous_month=202604, category=headcount_all, missing=current,previous",Provide monthly headcount for both the event month and previous month before using event-delta allocation.
action,1412000098,202605,headcount_event_delta,"Missing complete monthly headcount driver for event-delta allocation: cc=1412000098, month=202605, previous_month=202604, category=headcount_all, missing=current,previous",Provide monthly headcount for both the event month and previous month before using event-delta allocation.
action,1412000099,202605,headcount_event_delta,"Missing complete monthly headcount driver for event-delta allocation: cc=1412000099, month=202605, previous_month=202604, category=headcount_all, missing=current,previous",Provide monthly headcount for both the event month and previous month before using event-delta allocation.
action,1412000101,202605,headcount_event_delta,"Missing complete monthly headcount driver for event-delta allocation: cc=1412000101, month=202605, previous_month=202604, category=headcount_all, missing=current,previous",Provide monthly headcount for both the event month and previous month before using event-delta allocation.
action,1412000100,202605,headcount_event_delta,"Missing complete monthly headcount driver for event-delta allocation: cc=1412000100, month=202605, previous_month=202604, category=headcount_all, missing=current,previous",Provide monthly headcount for both the event month and previous month before using event-delta allocation.
action,1412000103,202605,headcount_event_delta,"Missing complete monthly headcount driver for event-delta allocation: cc=1412000103, month=202605, previous_month=202604, category=headcount_all, missing=current,previous",Provide monthly headcount for both the event month and previous month before using event-delta allocation.
action,1412000105,202605,headcount_event_delta,"Missing complete monthly headcount driver for event-delta allocation: cc=1412000105, month=202605, previous_month=202604, category=headcount_all, missing=current,previous",Provide monthly headcount for both the event month and previous month before using event-delta allocation.
action,1412000075,202605,headcount_event_delta,"Missing complete monthly headcount driver for event-delta allocation: cc=1412000075, month=202605, previous_month=202604, category=headcount_all, missing=current,previous",Provide monthly headcount for both the event month and previous month before using event-delta allocation.
action,1412000106,202605,headcount_event_delta,"Missing complete monthly headcount driver for event-delta allocation: cc=1412000106, month=202605, previous_month=202604, category=headcount_all, missing=current,previous",Provide monthly headcount for both the event month and previous month before using event-delta allocation.
action,1412000039,202605,headcount_event_delta,"Missing complete monthly headcount driver for event-delta allocation: cc=1412000039, month=202605, previous_month=202604, category=headcount_all, missing=current,previous",Provide monthly headcount for both the event month and previous month before using event-delta allocation.
action,1412000108,202605,headcount_event_delta,"Missing complete monthly headcount driver for event-delta allocation: cc=1412000108, month=202605, previous_month=202604, category=headcount_all, missing=current,previous",Provide monthly headcount for both the event month and previous month before using event-delta allocation.
action,1412000005,202606,headcount_event_delta,"Missing complete monthly headcount driver for event-delta allocation: cc=1412000005, month=202606, previous_month=202605, category=headcount_all, missing=current,previous",Provide monthly headcount for both the event month and previous month before using event-delta allocation.
action,1412000062,202606,headcount_event_delta,"Missing complete monthly headcount driver for event-delta allocation: cc=1412000062, month=202606, previous_month=202605, category=headcount_all, missing=current,previous",Provide monthly headcount for both the event month and previous month before using event-delta allocation.
action,1412000034,202606,headcount_event_delta,"Missing complete monthly headcount driver for event-delta allocation: cc=1412000034, month=202606, previous_month=202605, category=headcount_all, missing=current,previous",Provide monthly headcount for both the event month and previous month before using event-delta allocation.
action,1412000048,202606,headcount_event_delta,"Missing complete monthly headcount driver for event-delta allocation: cc=1412000048, month=202606, previous_month=202605, category=headcount_all, missing=current,previous",Provide monthly headcount for both the event month and previous month before using event-delta allocation.
action,1412000055,202606,headcount_event_delta,"Missing complete monthly headcount driver for event-delta allocation: cc=1412000055, month=202606, previous_month=202605, category=headcount_all, missing=current,previous",Provide monthly headcount for both the event month and previous month before using event-delta allocation.
action,1412000050,202606,headcount_event_delta,"Missing complete monthly headcount driver for event-delta allocation: cc=1412000050, month=202606, previous_month=202605, category=headcount_all, missing=current,previous",Provide monthly headcount for both the event month and previous month before using event-delta allocation.
action,1412000077,202606,headcount_event_delta,"Missing complete monthly headcount driver for event-delta allocation: cc=1412000077, month=202606, previous_month=202605, category=headcount_all, missing=current,previous",Provide monthly headcount for both the event month and previous month before using event-delta allocation.
action,1412000053,202606,headcount_event_delta,"Missing complete monthly headcount driver for event-delta allocation: cc=1412000053, month=202606, previous_month=202605, category=headcount_all, missing=current,previous",Provide monthly headcount for both the event month and previous month before using event-delta allocation.
action,1412000008,202606,headcount_event_delta,"Missing complete monthly headcount driver for event-delta allocation: cc=1412000008, month=202606, previous_month=202605, category=headcount_all, missing=current,previous",Provide monthly headcount for both the event month and previous month before using event-delta allocation.
action,1412000010,202606,headcount_event_delta,"Missing complete monthly headcount driver for event-delta allocation: cc=1412000010, month=202606, previous_month=202605, category=headcount_all, missing=current,previous",Provide monthly headcount for both the event month and previous month before using event-delta allocation.
action,1412000054,202606,headcount_event_delta,"Missing complete monthly headcount driver for event-delta allocation: cc=1412000054, month=202606, previous_month=202605, category=headcount_all, missing=current,previous",Provide monthly headcount for both the event month and previous month before using event-delta allocation.
action,1412000036,202606,headcount_event_delta,"Missing complete monthly headcount driver for event-delta allocation: cc=1412000036, month=202606, previous_month=202605, category=headcount_all, missing=current,previous",Provide monthly headcount for both the event month and previous month before using event-delta allocation.
action,1412000089,202606,headcount_event_delta,"Missing complete monthly headcount driver for event-delta allocation: cc=1412000089, month=202606, previous_month=202605, category=headcount_all, missing=current,previous",Provide monthly headcount for both the event month and previous month before using event-delta allocation.
action,1412000013,202606,headcount_event_delta,"Missing complete monthly headcount driver for event-delta allocation: cc=1412000013, month=202606, previous_month=202605, category=headcount_all, missing=current,previous",Provide monthly headcount for both the event month and previous month before using event-delta allocation.
action,1412000080,202606,headcount_event_delta,"Missing complete monthly headcount driver for event-delta allocation: cc=1412000080, month=202606, previous_month=202605, category=headcount_all, missing=current,previous",Provide monthly headcount for both the event month and previous month before using event-delta allocation.
action,1412000044,202606,headcount_event_delta,"Missing complete monthly headcount driver for event-delta allocation: cc=1412000044, month=202606, previous_month=202605, category=headcount_all, missing=current,previous",Provide monthly headcount for both the event month and previous month before using event-delta allocation.
action,1412000056,202606,headcount_event_delta,"Missing complete monthly headcount driver for event-delta allocation: cc=1412000056, month=202606, previous_month=202605, category=headcount_all, missing=current,previous",Provide monthly headcount for both the event month and previous month before using event-delta allocation.
action,1412000018,202606,headcount_event_delta,"Missing complete monthly headcount driver for event-delta allocation: cc=1412000018, month=202606, previous_month=202605, category=headcount_all, missing=current,previous",Provide monthly headcount for both the event month and previous month before using event-delta allocation.
action,1412000019,202606,headcount_event_delta,"Missing complete monthly headcount driver for event-delta allocation: cc=1412000019, month=202606, previous_month=202605, category=headcount_all, missing=current,previous",Provide monthly headcount for both the event month and previous month before using event-delta allocation.
action,1412000058,202606,headcount_event_delta,"Missing complete monthly headcount driver for event-delta allocation: cc=1412000058, month=202606, previous_month=202605, category=headcount_all, missing=current,previous",Provide monthly headcount for both the event month and previous month before using event-delta allocation.
action,1412000042,202606,headcount_event_delta,"Missing complete monthly headcount driver for event-delta allocation: cc=1412000042, month=202606, previous_month=202605, category=headcount_all, missing=current,previous",Provide monthly headcount for both the event month and previous month before using event-delta allocation.
action,1412000021,202606,headcount_event_delta,"Missing complete monthly headcount driver for event-delta allocation: cc=1412000021, month=202606, previous_month=202605, category=headcount_all, missing=current,previous",Provide monthly headcount for both the event month and previous month before using event-delta allocation.
action,1412000022,202606,headcount_event_delta,"Missing complete monthly headcount driver for event-delta allocation: cc=1412000022, month=202606, previous_month=202605, category=headcount_all, missing=current,previous",Provide monthly headcount for both the event month and previous month before using event-delta allocation.
action,1412000024,202606,headcount_event_delta,"Missing complete monthly headcount driver for event-delta allocation: cc=1412000024, month=202606, previous_month=202605, category=headcount_all, missing=current,previous",Provide monthly headcount for both the event month and previous month before using event-delta allocation.
action,1412000025,202606,headcount_event_delta,"Missing complete monthly headcount driver for event-delta allocation: cc=1412000025, month=202606, previous_month=202605, category=headcount_all, missing=current,previous",Provide monthly headcount for both the event month and previous month before using event-delta allocation.
action,1412000026,202606,headcount_event_delta,"Missing complete monthly headcount driver for event-delta allocation: cc=1412000026, month=202606, previous_month=202605, category=headcount_all, missing=current,previous",Provide monthly headcount for both the event month and previous month before using event-delta allocation.
action,1412000028,202606,headcount_event_delta,"Missing complete monthly headcount driver for event-delta allocation: cc=1412000028, month=202606, previous_month=202605, category=headcount_all, missing=current,previous",Provide monthly headcount for both the event month and previous month before using event-delta allocation.
action,1412000029,202606,headcount_event_delta,"Missing complete monthly headcount driver for event-delta allocation: cc=1412000029, month=202606, previous_month=202605, category=headcount_all, missing=current,previous",Provide monthly headcount for both the event month and previous month before using event-delta allocation.
action,1412000030,202606,headcount_event_delta,"Missing complete monthly headcount driver for event-delta allocation: cc=1412000030, month=202606, previous_month=202605, category=headcount_all, missing=current,previous",Provide monthly headcount for both the event month and previous month before using event-delta allocation.
action,1412000086,202606,headcount_event_delta,"Missing complete monthly headcount driver for event-delta allocation: cc=1412000086, month=202606, previous_month=202605, category=headcount_all, missing=current,previous",Provide monthly headcount for both the event month and previous month before using event-delta allocation.
action,1412000063,202606,headcount_event_delta,"Missing complete monthly headcount driver for event-delta allocation: cc=1412000063, month=202606, previous_month=202605, category=headcount_all, missing=current,previous",Provide monthly headcount for both the event month and previous month before using event-delta allocation.
action,1412000066,202606,headcount_event_delta,"Missing complete monthly headcount driver for event-delta allocation: cc=1412000066, month=202606, previous_month=202605, category=headcount_all, missing=current,previous",Provide monthly headcount for both the event month and previous month before using event-delta allocation.
action,1412000035,202606,headcount_event_delta,"Missing complete monthly headcount driver for event-delta allocation: cc=1412000035, month=202606, previous_month=202605, category=headcount_all, missing=current,previous",Provide monthly headcount for both the event month and previous month before using event-delta allocation.
action,1412000016,202606,headcount_event_delta,"Missing complete monthly headcount driver for event-delta allocation: cc=1412000016, month=202606, previous_month=202605, category=headcount_all, missing=current,previous",Provide monthly headcount for both the event month and previous month before using event-delta allocation.
action,1412000069,202606,headcount_event_delta,"Missing complete monthly headcount driver for event-delta allocation: cc=1412000069, month=202606, previous_month=202605, category=headcount_all, missing=current,previous",Provide monthly headcount for both the event month and previous month before using event-delta allocation.
action,1412000070,202606,headcount_event_delta,"Missing complete monthly headcount driver for event-delta allocation: cc=1412000070, month=202606, previous_month=202605, category=headcount_all, missing=current,previous",Provide monthly headcount for both the event month and previous month before using event-delta allocation.
action,1412000072,202606,headcount_event_delta,"Missing complete monthly headcount driver for event-delta allocation: cc=1412000072, month=202606, previous_month=202605, category=headcount_all, missing=current,previous",Provide monthly headcount for both the event month and previous month before using event-delta allocation.
action,1412000073,202606,headcount_event_delta,"Missing complete monthly headcount driver for event-delta allocation: cc=1412000073, month=202606, previous_month=202605, category=headcount_all, missing=current,previous",Provide monthly headcount for both the event month and previous month before using event-delta allocation.
action,1412000104,202606,headcount_event_delta,"Missing complete monthly headcount driver for event-delta allocation: cc=1412000104, month=202606, previous_month=202605, category=headcount_all, missing=current,previous",Provide monthly headcount for both the event month and previous month before using event-delta allocation.
action,1412000057,202606,headcount_event_delta,"Missing complete monthly headcount driver for event-delta allocation: cc=1412000057, month=202606, previous_month=202605, category=headcount_all, missing=current,previous",Provide monthly headcount for both the event month and previous month before using event-delta allocation.
action,1412000078,202606,headcount_event_delta,"Missing complete monthly headcount driver for event-delta allocation: cc=1412000078, month=202606, previous_month=202605, category=headcount_all, missing=current,previous",Provide monthly headcount for both the event month and previous month before using event-delta allocation.
action,1412C00001,202606,headcount_event_delta,"Missing complete monthly headcount driver for event-delta allocation: cc=1412C00001, month=202606, previous_month=202605, category=headcount_all, missing=current,previous",Provide monthly headcount for both the event month and previous month before using event-delta allocation.
action,1412000081,202606,headcount_event_delta,"Missing complete monthly headcount driver for event-delta allocation: cc=1412000081, month=202606, previous_month=202605, category=headcount_all, missing=current,previous",Provide monthly headcount for both the event month and previous month before using event-delta allocation.
action,1412000083,202606,headcount_event_delta,"Missing complete monthly headcount driver for event-delta allocation: cc=1412000083, month=202606, previous_month=202605, category=headcount_all, missing=current,previous",Provide monthly headcount for both the event month and previous month before using event-delta allocation.
action,1412000084,202606,headcount_event_delta,"Missing complete monthly headcount driver for event-delta allocation: cc=1412000084, month=202606, previous_month=202605, category=headcount_all, missing=current,previous",Provide monthly headcount for both the event month and previous month before using event-delta allocation.
action,1412000087,202606,headcount_event_delta,"Missing complete monthly headcount driver for event-delta allocation: cc=1412000087, month=202606, previous_month=202605, category=headcount_all, missing=current,previous",Provide monthly headcount for both the event month and previous month before using event-delta allocation.
action,1412000088,202606,headcount_event_delta,"Missing complete monthly headcount driver for event-delta allocation: cc=1412000088, month=202606, previous_month=202605, category=headcount_all, missing=current,previous",Provide monthly headcount for both the event month and previous month before using event-delta allocation.
action,1412000091,202606,headcount_event_delta,"Missing complete monthly headcount driver for event-delta allocation: cc=1412000091, month=202606, previous_month=202605, category=headcount_all, missing=current,previous",Provide monthly headcount for both the event month and previous month before using event-delta allocation.
action,1412000092,202606,headcount_event_delta,"Missing complete monthly headcount driver for event-delta allocation: cc=1412000092, month=202606, previous_month=202605, category=headcount_all, missing=current,previous",Provide monthly headcount for both the event month and previous month before using event-delta allocation.
action,1412000093,202606,headcount_event_delta,"Missing complete monthly headcount driver for event-delta allocation: cc=1412000093, month=202606, previous_month=202605, category=headcount_all, missing=current,previous",Provide monthly headcount for both the event month and previous month before using event-delta allocation.
action,1412000094,202606,headcount_event_delta,"Missing complete monthly headcount driver for event-delta allocation: cc=1412000094, month=202606, previous_month=202605, category=headcount_all, missing=current,previous",Provide monthly headcount for both the event month and previous month before using event-delta allocation.
action,1412000096,202606,headcount_event_delta,"Missing complete monthly headcount driver for event-delta allocation: cc=1412000096, month=202606, previous_month=202605, category=headcount_all, missing=current,previous",Provide monthly headcount for both the event month and previous month before using event-delta allocation.
action,1412000098,202606,headcount_event_delta,"Missing complete monthly headcount driver for event-delta allocation: cc=1412000098, month=202606, previous_month=202605, category=headcount_all, missing=current,previous",Provide monthly headcount for both the event month and previous month before using event-delta allocation.
action,1412000099,202606,headcount_event_delta,"Missing complete monthly headcount driver for event-delta allocation: cc=1412000099, month=202606, previous_month=202605, category=headcount_all, missing=current,previous",Provide monthly headcount for both the event month and previous month before using event-delta allocation.
action,1412000101,202606,headcount_event_delta,"Missing complete monthly headcount driver for event-delta allocation: cc=1412000101, month=202606, previous_month=202605, category=headcount_all, missing=current,previous",Provide monthly headcount for both the event month and previous month before using event-delta allocation.
action,1412000100,202606,headcount_event_delta,"Missing complete monthly headcount driver for event-delta allocation: cc=1412000100, month=202606, previous_month=202605, category=headcount_all, missing=current,previous",Provide monthly headcount for both the event month and previous month before using event-delta allocation.
action,1412000103,202606,headcount_event_delta,"Missing complete monthly headcount driver for event-delta allocation: cc=1412000103, month=202606, previous_month=202605, category=headcount_all, missing=current,previous",Provide monthly headcount for both the event month and previous month before using event-delta allocation.
action,1412000105,202606,headcount_event_delta,"Missing complete monthly headcount driver for event-delta allocation: cc=1412000105, month=202606, previous_month=202605, category=headcount_all, missing=current,previous",Provide monthly headcount for both the event month and previous month before using event-delta allocation.
action,1412000075,202606,headcount_event_delta,"Missing complete monthly headcount driver for event-delta allocation: cc=1412000075, month=202606, previous_month=202605, category=headcount_all, missing=current,previous",Provide monthly headcount for both the event month and previous month before using event-delta allocation.
action,1412000106,202606,headcount_event_delta,"Missing complete monthly headcount driver for event-delta allocation: cc=1412000106, month=202606, previous_month=202605, category=headcount_all, missing=current,previous",Provide monthly headcount for both the event month and previous month before using event-delta allocation.
action,1412000039,202606,headcount_event_delta,"Missing complete monthly headcount driver for event-delta allocation: cc=1412000039, month=202606, previous_month=202605, category=headcount_all, missing=current,previous",Provide monthly headcount for both the event month and previous month before using event-delta allocation.
action,1412000108,202606,headcount_event_delta,"Missing complete monthly headcount driver for event-delta allocation: cc=1412000108, month=202606, previous_month=202605, category=headcount_all, missing=current,previous",Provide monthly headcount for both the event month and previous month before using event-delta allocation.
action,1412000005,202607,headcount_event_delta,"Missing complete monthly headcount driver for event-delta allocation: cc=1412000005, month=202607, previous_month=202606, category=headcount_all, missing=current,previous",Provide monthly headcount for both the event month and previous month before using event-delta allocation.
action,1412000062,202607,headcount_event_delta,"Missing complete monthly headcount driver for event-delta allocation: cc=1412000062, month=202607, previous_month=202606, category=headcount_all, missing=current,previous",Provide monthly headcount for both the event month and previous month before using event-delta allocation.
action,1412000034,202607,headcount_event_delta,"Missing complete monthly headcount driver for event-delta allocation: cc=1412000034, month=202607, previous_month=202606, category=headcount_all, missing=current,previous",Provide monthly headcount for both the event month and previous month before using event-delta allocation.
action,1412000048,202607,headcount_event_delta,"Missing complete monthly headcount driver for event-delta allocation: cc=1412000048, month=202607, previous_month=202606, category=headcount_all, missing=current,previous",Provide monthly headcount for both the event month and previous month before using event-delta allocation.
action,1412000055,202607,headcount_event_delta,"Missing complete monthly headcount driver for event-delta allocation: cc=1412000055, month=202607, previous_month=202606, category=headcount_all, missing=current,previous",Provide monthly headcount for both the event month and previous month before using event-delta allocation.
action,1412000050,202607,headcount_event_delta,"Missing complete monthly headcount driver for event-delta allocation: cc=1412000050, month=202607, previous_month=202606, category=headcount_all, missing=current,previous",Provide monthly headcount for both the event month and previous month before using event-delta allocation.
action,1412000077,202607,headcount_event_delta,"Missing complete monthly headcount driver for event-delta allocation: cc=1412000077, month=202607, previous_month=202606, category=headcount_all, missing=current,previous",Provide monthly headcount for both the event month and previous month before using event-delta allocation.
action,1412000053,202607,headcount_event_delta,"Missing complete monthly headcount driver for event-delta allocation: cc=1412000053, month=202607, previous_month=202606, category=headcount_all, missing=current,previous",Provide monthly headcount for both the event month and previous month before using event-delta allocation.
action,1412000008,202607,headcount_event_delta,"Missing complete monthly headcount driver for event-delta allocation: cc=1412000008, month=202607, previous_month=202606, category=headcount_all, missing=current,previous",Provide monthly headcount for both the event month and previous month before using event-delta allocation.
action,1412000010,202607,headcount_event_delta,"Missing complete monthly headcount driver for event-delta allocation: cc=1412000010, month=202607, previous_month=202606, category=headcount_all, missing=current,previous",Provide monthly headcount for both the event month and previous month before using event-delta allocation.
action,1412000054,202607,headcount_event_delta,"Missing complete monthly headcount driver for event-delta allocation: cc=1412000054, month=202607, previous_month=202606, category=headcount_all, missing=current,previous",Provide monthly headcount for both the event month and previous month before using event-delta allocation.
action,1412000036,202607,headcount_event_delta,"Missing complete monthly headcount driver for event-delta allocation: cc=1412000036, month=202607, previous_month=202606, category=headcount_all, missing=current,previous",Provide monthly headcount for both the event month and previous month before using event-delta allocation.
action,1412000089,202607,headcount_event_delta,"Missing complete monthly headcount driver for event-delta allocation: cc=1412000089, month=202607, previous_month=202606, category=headcount_all, missing=current,previous",Provide monthly headcount for both the event month and previous month before using event-delta allocation.
action,1412000013,202607,headcount_event_delta,"Missing complete monthly headcount driver for event-delta allocation: cc=1412000013, month=202607, previous_month=202606, category=headcount_all, missing=current,previous",Provide monthly headcount for both the event month and previous month before using event-delta allocation.
action,1412000080,202607,headcount_event_delta,"Missing complete monthly headcount driver for event-delta allocation: cc=1412000080, month=202607, previous_month=202606, category=headcount_all, missing=current,previous",Provide monthly headcount for both the event month and previous month before using event-delta allocation.
action,1412000044,202607,headcount_event_delta,"Missing complete monthly headcount driver for event-delta allocation: cc=1412000044, month=202607, previous_month=202606, category=headcount_all, missing=current,previous",Provide monthly headcount for both the event month and previous month before using event-delta allocation.
action,1412000056,202607,headcount_event_delta,"Missing complete monthly headcount driver for event-delta allocation: cc=1412000056, month=202607, previous_month=202606, category=headcount_all, missing=current,previous",Provide monthly headcount for both the event month and previous month before using event-delta allocation.
action,1412000018,202607,headcount_event_delta,"Missing complete monthly headcount driver for event-delta allocation: cc=1412000018, month=202607, previous_month=202606, category=headcount_all, missing=current,previous",Provide monthly headcount for both the event month and previous month before using event-delta allocation.
action,1412000019,202607,headcount_event_delta,"Missing complete monthly headcount driver for event-delta allocation: cc=1412000019, month=202607, previous_month=202606, category=headcount_all, missing=current,previous",Provide monthly headcount for both the event month and previous month before using event-delta allocation.
action,1412000058,202607,headcount_event_delta,"Missing complete monthly headcount driver for event-delta allocation: cc=1412000058, month=202607, previous_month=202606, category=headcount_all, missing=current,previous",Provide monthly headcount for both the event month and previous month before using event-delta allocation.
action,1412000042,202607,headcount_event_delta,"Missing complete monthly headcount driver for event-delta allocation: cc=1412000042, month=202607, previous_month=202606, category=headcount_all, missing=current,previous",Provide monthly headcount for both the event month and previous month before using event-delta allocation.
action,1412000021,202607,headcount_event_delta,"Missing complete monthly headcount driver for event-delta allocation: cc=1412000021, month=202607, previous_month=202606, category=headcount_all, missing=current,previous",Provide monthly headcount for both the event month and previous month before using event-delta allocation.
action,1412000022,202607,headcount_event_delta,"Missing complete monthly headcount driver for event-delta allocation: cc=1412000022, month=202607, previous_month=202606, category=headcount_all, missing=current,previous",Provide monthly headcount for both the event month and previous month before using event-delta allocation.
action,1412000024,202607,headcount_event_delta,"Missing complete monthly headcount driver for event-delta allocation: cc=1412000024, month=202607, previous_month=202606, category=headcount_all, missing=current,previous",Provide monthly headcount for both the event month and previous month before using event-delta allocation.
action,1412000025,202607,headcount_event_delta,"Missing complete monthly headcount driver for event-delta allocation: cc=1412000025, month=202607, previous_month=202606, category=headcount_all, missing=current,previous",Provide monthly headcount for both the event month and previous month before using event-delta allocation.
action,1412000026,202607,headcount_event_delta,"Missing complete monthly headcount driver for event-delta allocation: cc=1412000026, month=202607, previous_month=202606, category=headcount_all, missing=current,previous",Provide monthly headcount for both the event month and previous month before using event-delta allocation.
action,1412000028,202607,headcount_event_delta,"Missing complete monthly headcount driver for event-delta allocation: cc=1412000028, month=202607, previous_month=202606, category=headcount_all, missing=current,previous",Provide monthly headcount for both the event month and previous month before using event-delta allocation.
action,1412000029,202607,headcount_event_delta,"Missing complete monthly headcount driver for event-delta allocation: cc=1412000029, month=202607, previous_month=202606, category=headcount_all, missing=current,previous",Provide monthly headcount for both the event month and previous month before using event-delta allocation.
action,1412000030,202607,headcount_event_delta,"Missing complete monthly headcount driver for event-delta allocation: cc=1412000030, month=202607, previous_month=202606, category=headcount_all, missing=current,previous",Provide monthly headcount for both the event month and previous month before using event-delta allocation.
action,1412000086,202607,headcount_event_delta,"Missing complete monthly headcount driver for event-delta allocation: cc=1412000086, month=202607, previous_month=202606, category=headcount_all, missing=current,previous",Provide monthly headcount for both the event month and previous month before using event-delta allocation.
action,1412000063,202607,headcount_event_delta,"Missing complete monthly headcount driver for event-delta allocation: cc=1412000063, month=202607, previous_month=202606, category=headcount_all, missing=current,previous",Provide monthly headcount for both the event month and previous month before using event-delta allocation.
action,1412000066,202607,headcount_event_delta,"Missing complete monthly headcount driver for event-delta allocation: cc=1412000066, month=202607, previous_month=202606, category=headcount_all, missing=current,previous",Provide monthly headcount for both the event month and previous month before using event-delta allocation.
action,1412000035,202607,headcount_event_delta,"Missing complete monthly headcount driver for event-delta allocation: cc=1412000035, month=202607, previous_month=202606, category=headcount_all, missing=current,previous",Provide monthly headcount for both the event month and previous month before using event-delta allocation.
action,1412000016,202607,headcount_event_delta,"Missing complete monthly headcount driver for event-delta allocation: cc=1412000016, month=202607, previous_month=202606, category=headcount_all, missing=current,previous",Provide monthly headcount for both the event month and previous month before using event-delta allocation.
action,1412000069,202607,headcount_event_delta,"Missing complete monthly headcount driver for event-delta allocation: cc=1412000069, month=202607, previous_month=202606, category=headcount_all, missing=current,previous",Provide monthly headcount for both the event month and previous month before using event-delta allocation.
action,1412000070,202607,headcount_event_delta,"Missing complete monthly headcount driver for event-delta allocation: cc=1412000070, month=202607, previous_month=202606, category=headcount_all, missing=current,previous",Provide monthly headcount for both the event month and previous month before using event-delta allocation.
action,1412000072,202607,headcount_event_delta,"Missing complete monthly headcount driver for event-delta allocation: cc=1412000072, month=202607, previous_month=202606, category=headcount_all, missing=current,previous",Provide monthly headcount for both the event month and previous month before using event-delta allocation.
action,1412000073,202607,headcount_event_delta,"Missing complete monthly headcount driver for event-delta allocation: cc=1412000073, month=202607, previous_month=202606, category=headcount_all, missing=current,previous",Provide monthly headcount for both the event month and previous month before using event-delta allocation.
action,1412000104,202607,headcount_event_delta,"Missing complete monthly headcount driver for event-delta allocation: cc=1412000104, month=202607, previous_month=202606, category=headcount_all, missing=current,previous",Provide monthly headcount for both the event month and previous month before using event-delta allocation.
action,1412000057,202607,headcount_event_delta,"Missing complete monthly headcount driver for event-delta allocation: cc=1412000057, month=202607, previous_month=202606, category=headcount_all, missing=current,previous",Provide monthly headcount for both the event month and previous month before using event-delta allocation.
action,1412000078,202607,headcount_event_delta,"Missing complete monthly headcount driver for event-delta allocation: cc=1412000078, month=202607, previous_month=202606, category=headcount_all, missing=current,previous",Provide monthly headcount for both the event month and previous month before using event-delta allocation.
action,1412C00001,202607,headcount_event_delta,"Missing complete monthly headcount driver for event-delta allocation: cc=1412C00001, month=202607, previous_month=202606, category=headcount_all, missing=current,previous",Provide monthly headcount for both the event month and previous month before using event-delta allocation.
action,1412000081,202607,headcount_event_delta,"Missing complete monthly headcount driver for event-delta allocation: cc=1412000081, month=202607, previous_month=202606, category=headcount_all, missing=current,previous",Provide monthly headcount for both the event month and previous month before using event-delta allocation.
action,1412000083,202607,headcount_event_delta,"Missing complete monthly headcount driver for event-delta allocation: cc=1412000083, month=202607, previous_month=202606, category=headcount_all, missing=current,previous",Provide monthly headcount for both the event month and previous month before using event-delta allocation.
action,1412000084,202607,headcount_event_delta,"Missing complete monthly headcount driver for event-delta allocation: cc=1412000084, month=202607, previous_month=202606, category=headcount_all, missing=current,previous",Provide monthly headcount for both the event month and previous month before using event-delta allocation.
action,1412000087,202607,headcount_event_delta,"Missing complete monthly headcount driver for event-delta allocation: cc=1412000087, month=202607, previous_month=202606, category=headcount_all, missing=current,previous",Provide monthly headcount for both the event month and previous month before using event-delta allocation.
action,1412000088,202607,headcount_event_delta,"Missing complete monthly headcount driver for event-delta allocation: cc=1412000088, month=202607, previous_month=202606, category=headcount_all, missing=current,previous",Provide monthly headcount for both the event month and previous month before using event-delta allocation.
action,1412000091,202607,headcount_event_delta,"Missing complete monthly headcount driver for event-delta allocation: cc=1412000091, month=202607, previous_month=202606, category=headcount_all, missing=current,previous",Provide monthly headcount for both the event month and previous month before using event-delta allocation.
action,1412000092,202607,headcount_event_delta,"Missing complete monthly headcount driver for event-delta allocation: cc=1412000092, month=202607, previous_month=202606, category=headcount_all, missing=current,previous",Provide monthly headcount for both the event month and previous month before using event-delta allocation.
action,1412000093,202607,headcount_event_delta,"Missing complete monthly headcount driver for event-delta allocation: cc=1412000093, month=202607, previous_month=202606, category=headcount_all, missing=current,previous",Provide monthly headcount for both the event month and previous month before using event-delta allocation.
action,1412000094,202607,headcount_event_delta,"Missing complete monthly headcount driver for event-delta allocation: cc=1412000094, month=202607, previous_month=202606, category=headcount_all, missing=current,previous",Provide monthly headcount for both the event month and previous month before using event-delta allocation.
action,1412000096,202607,headcount_event_delta,"Missing complete monthly headcount driver for event-delta allocation: cc=1412000096, month=202607, previous_month=202606, category=headcount_all, missing=current,previous",Provide monthly headcount for both the event month and previous month before using event-delta allocation.
action,1412000098,202607,headcount_event_delta,"Missing complete monthly headcount driver for event-delta allocation: cc=1412000098, month=202607, previous_month=202606, category=headcount_all, missing=current,previous",Provide monthly headcount for both the event month and previous month before using event-delta allocation.
action,1412000099,202607,headcount_event_delta,"Missing complete monthly headcount driver for event-delta allocation: cc=1412000099, month=202607, previous_month=202606, category=headcount_all, missing=current,previous",Provide monthly headcount for both the event month and previous month before using event-delta allocation.
action,1412000101,202607,headcount_event_delta,"Missing complete monthly headcount driver for event-delta allocation: cc=1412000101, month=202607, previous_month=202606, category=headcount_all, missing=current,previous",Provide monthly headcount for both the event month and previous month before using event-delta allocation.
action,1412000100,202607,headcount_event_delta,"Missing complete monthly headcount driver for event-delta allocation: cc=1412000100, month=202607, previous_month=202606, category=headcount_all, missing=current,previous",Provide monthly headcount for both the event month and previous month before using event-delta allocation.
action,1412000103,202607,headcount_event_delta,"Missing complete monthly headcount driver for event-delta allocation: cc=1412000103, month=202607, previous_month=202606, category=headcount_all, missing=current,previous",Provide monthly headcount for both the event month and previous month before using event-delta allocation.
action,1412000105,202607,headcount_event_delta,"Missing complete monthly headcount driver for event-delta allocation: cc=1412000105, month=202607, previous_month=202606, category=headcount_all, missing=current,previous",Provide monthly headcount for both the event month and previous month before using event-delta allocation.
action,1412000075,202607,headcount_event_delta,"Missing complete monthly headcount driver for event-delta allocation: cc=1412000075, month=202607, previous_month=202606, category=headcount_all, missing=current,previous",Provide monthly headcount for both the event month and previous month before using event-delta allocation.
action,1412000106,202607,headcount_event_delta,"Missing complete monthly headcount driver for event-delta allocation: cc=1412000106, month=202607, previous_month=202606, category=headcount_all, missing=current,previous",Provide monthly headcount for both the event month and previous month before using event-delta allocation.
action,1412000039,202607,headcount_event_delta,"Missing complete monthly headcount driver for event-delta allocation: cc=1412000039, month=202607, previous_month=202606, category=headcount_all, missing=current,previous",Provide monthly headcount for both the event month and previous month before using event-delta allocation.
action,1412000108,202607,headcount_event_delta,"Missing complete monthly headcount driver for event-delta allocation: cc=1412000108, month=202607, previous_month=202606, category=headcount_all, missing=current,previous",Provide monthly headcount for both the event month and previous month before using event-delta allocation.
action,1412000005,202608,headcount_event_delta,"Missing complete monthly headcount driver for event-delta allocation: cc=1412000005, month=202608, previous_month=202607, category=headcount_all, missing=current,previous",Provide monthly headcount for both the event month and previous month before using event-delta allocation.
action,1412000062,202608,headcount_event_delta,"Missing complete monthly headcount driver for event-delta allocation: cc=1412000062, month=202608, previous_month=202607, category=headcount_all, missing=current,previous",Provide monthly headcount for both the event month and previous month before using event-delta allocation.
action,1412000034,202608,headcount_event_delta,"Missing complete monthly headcount driver for event-delta allocation: cc=1412000034, month=202608, previous_month=202607, category=headcount_all, missing=current,previous",Provide monthly headcount for both the event month and previous month before using event-delta allocation.
action,1412000048,202608,headcount_event_delta,"Missing complete monthly headcount driver for event-delta allocation: cc=1412000048, month=202608, previous_month=202607, category=headcount_all, missing=current,previous",Provide monthly headcount for both the event month and previous month before using event-delta allocation.
action,1412000055,202608,headcount_event_delta,"Missing complete monthly headcount driver for event-delta allocation: cc=1412000055, month=202608, previous_month=202607, category=headcount_all, missing=current,previous",Provide monthly headcount for both the event month and previous month before using event-delta allocation.
action,1412000050,202608,headcount_event_delta,"Missing complete monthly headcount driver for event-delta allocation: cc=1412000050, month=202608, previous_month=202607, category=headcount_all, missing=current,previous",Provide monthly headcount for both the event month and previous month before using event-delta allocation.
action,1412000077,202608,headcount_event_delta,"Missing complete monthly headcount driver for event-delta allocation: cc=1412000077, month=202608, previous_month=202607, category=headcount_all, missing=current,previous",Provide monthly headcount for both the event month and previous month before using event-delta allocation.
action,1412000053,202608,headcount_event_delta,"Missing complete monthly headcount driver for event-delta allocation: cc=1412000053, month=202608, previous_month=202607, category=headcount_all, missing=current,previous",Provide monthly headcount for both the event month and previous month before using event-delta allocation.
action,1412000008,202608,headcount_event_delta,"Missing complete monthly headcount driver for event-delta allocation: cc=1412000008, month=202608, previous_month=202607, category=headcount_all, missing=current,previous",Provide monthly headcount for both the event month and previous month before using event-delta allocation.
action,1412000010,202608,headcount_event_delta,"Missing complete monthly headcount driver for event-delta allocation: cc=1412000010, month=202608, previous_month=202607, category=headcount_all, missing=current,previous",Provide monthly headcount for both the event month and previous month before using event-delta allocation.
action,1412000054,202608,headcount_event_delta,"Missing complete monthly headcount driver for event-delta allocation: cc=1412000054, month=202608, previous_month=202607, category=headcount_all, missing=current,previous",Provide monthly headcount for both the event month and previous month before using event-delta allocation.
action,1412000036,202608,headcount_event_delta,"Missing complete monthly headcount driver for event-delta allocation: cc=1412000036, month=202608, previous_month=202607, category=headcount_all, missing=current,previous",Provide monthly headcount for both the event month and previous month before using event-delta allocation.
action,1412000089,202608,headcount_event_delta,"Missing complete monthly headcount driver for event-delta allocation: cc=1412000089, month=202608, previous_month=202607, category=headcount_all, missing=current,previous",Provide monthly headcount for both the event month and previous month before using event-delta allocation.
action,1412000013,202608,headcount_event_delta,"Missing complete monthly headcount driver for event-delta allocation: cc=1412000013, month=202608, previous_month=202607, category=headcount_all, missing=current,previous",Provide monthly headcount for both the event month and previous month before using event-delta allocation.
action,1412000080,202608,headcount_event_delta,"Missing complete monthly headcount driver for event-delta allocation: cc=1412000080, month=202608, previous_month=202607, category=headcount_all, missing=current,previous",Provide monthly headcount for both the event month and previous month before using event-delta allocation.
action,1412000044,202608,headcount_event_delta,"Missing complete monthly headcount driver for event-delta allocation: cc=1412000044, month=202608, previous_month=202607, category=headcount_all, missing=current,previous",Provide monthly headcount for both the event month and previous month before using event-delta allocation.
action,1412000056,202608,headcount_event_delta,"Missing complete monthly headcount driver for event-delta allocation: cc=1412000056, month=202608, previous_month=202607, category=headcount_all, missing=current,previous",Provide monthly headcount for both the event month and previous month before using event-delta allocation.
action,1412000018,202608,headcount_event_delta,"Missing complete monthly headcount driver for event-delta allocation: cc=1412000018, month=202608, previous_month=202607, category=headcount_all, missing=current,previous",Provide monthly headcount for both the event month and previous month before using event-delta allocation.
action,1412000019,202608,headcount_event_delta,"Missing complete monthly headcount driver for event-delta allocation: cc=1412000019, month=202608, previous_month=202607, category=headcount_all, missing=current,previous",Provide monthly headcount for both the event month and previous month before using event-delta allocation.
action,1412000058,202608,headcount_event_delta,"Missing complete monthly headcount driver for event-delta allocation: cc=1412000058, month=202608, previous_month=202607, category=headcount_all, missing=current,previous",Provide monthly headcount for both the event month and previous month before using event-delta allocation.
action,1412000042,202608,headcount_event_delta,"Missing complete monthly headcount driver for event-delta allocation: cc=1412000042, month=202608, previous_month=202607, category=headcount_all, missing=current,previous",Provide monthly headcount for both the event month and previous month before using event-delta allocation.
action,1412000021,202608,headcount_event_delta,"Missing complete monthly headcount driver for event-delta allocation: cc=1412000021, month=202608, previous_month=202607, category=headcount_all, missing=current,previous",Provide monthly headcount for both the event month and previous month before using event-delta allocation.
action,1412000022,202608,headcount_event_delta,"Missing complete monthly headcount driver for event-delta allocation: cc=1412000022, month=202608, previous_month=202607, category=headcount_all, missing=current,previous",Provide monthly headcount for both the event month and previous month before using event-delta allocation.
action,1412000024,202608,headcount_event_delta,"Missing complete monthly headcount driver for event-delta allocation: cc=1412000024, month=202608, previous_month=202607, category=headcount_all, missing=current,previous",Provide monthly headcount for both the event month and previous month before using event-delta allocation.
action,1412000025,202608,headcount_event_delta,"Missing complete monthly headcount driver for event-delta allocation: cc=1412000025, month=202608, previous_month=202607, category=headcount_all, missing=current,previous",Provide monthly headcount for both the event month and previous month before using event-delta allocation.
action,1412000026,202608,headcount_event_delta,"Missing complete monthly headcount driver for event-delta allocation: cc=1412000026, month=202608, previous_month=202607, category=headcount_all, missing=current,previous",Provide monthly headcount for both the event month and previous month before using event-delta allocation.
action,1412000028,202608,headcount_event_delta,"Missing complete monthly headcount driver for event-delta allocation: cc=1412000028, month=202608, previous_month=202607, category=headcount_all, missing=current,previous",Provide monthly headcount for both the event month and previous month before using event-delta allocation.
action,1412000029,202608,headcount_event_delta,"Missing complete monthly headcount driver for event-delta allocation: cc=1412000029, month=202608, previous_month=202607, category=headcount_all, missing=current,previous",Provide monthly headcount for both the event month and previous month before using event-delta allocation.
action,1412000030,202608,headcount_event_delta,"Missing complete monthly headcount driver for event-delta allocation: cc=1412000030, month=202608, previous_month=202607, category=headcount_all, missing=current,previous",Provide monthly headcount for both the event month and previous month before using event-delta allocation.
action,1412000086,202608,headcount_event_delta,"Missing complete monthly headcount driver for event-delta allocation: cc=1412000086, month=202608, previous_month=202607, category=headcount_all, missing=current,previous",Provide monthly headcount for both the event month and previous month before using event-delta allocation.
action,1412000063,202608,headcount_event_delta,"Missing complete monthly headcount driver for event-delta allocation: cc=1412000063, month=202608, previous_month=202607, category=headcount_all, missing=current,previous",Provide monthly headcount for both the event month and previous month before using event-delta allocation.
action,1412000066,202608,headcount_event_delta,"Missing complete monthly headcount driver for event-delta allocation: cc=1412000066, month=202608, previous_month=202607, category=headcount_all, missing=current,previous",Provide monthly headcount for both the event month and previous month before using event-delta allocation.
action,1412000035,202608,headcount_event_delta,"Missing complete monthly headcount driver for event-delta allocation: cc=1412000035, month=202608, previous_month=202607, category=headcount_all, missing=current,previous",Provide monthly headcount for both the event month and previous month before using event-delta allocation.
action,1412000016,202608,headcount_event_delta,"Missing complete monthly headcount driver for event-delta allocation: cc=1412000016, month=202608, previous_month=202607, category=headcount_all, missing=current,previous",Provide monthly headcount for both the event month and previous month before using event-delta allocation.
action,1412000069,202608,headcount_event_delta,"Missing complete monthly headcount driver for event-delta allocation: cc=1412000069, month=202608, previous_month=202607, category=headcount_all, missing=current,previous",Provide monthly headcount for both the event month and previous month before using event-delta allocation.
action,1412000070,202608,headcount_event_delta,"Missing complete monthly headcount driver for event-delta allocation: cc=1412000070, month=202608, previous_month=202607, category=headcount_all, missing=current,previous",Provide monthly headcount for both the event month and previous month before using event-delta allocation.
action,1412000072,202608,headcount_event_delta,"Missing complete monthly headcount driver for event-delta allocation: cc=1412000072, month=202608, previous_month=202607, category=headcount_all, missing=current,previous",Provide monthly headcount for both the event month and previous month before using event-delta allocation.
action,1412000073,202608,headcount_event_delta,"Missing complete monthly headcount driver for event-delta allocation: cc=1412000073, month=202608, previous_month=202607, category=headcount_all, missing=current,previous",Provide monthly headcount for both the event month and previous month before using event-delta allocation.
action,1412000104,202608,headcount_event_delta,"Missing complete monthly headcount driver for event-delta allocation: cc=1412000104, month=202608, previous_month=202607, category=headcount_all, missing=current,previous",Provide monthly headcount for both the event month and previous month before using event-delta allocation.
action,1412000057,202608,headcount_event_delta,"Missing complete monthly headcount driver for event-delta allocation: cc=1412000057, month=202608, previous_month=202607, category=headcount_all, missing=current,previous",Provide monthly headcount for both the event month and previous month before using event-delta allocation.
action,1412000078,202608,headcount_event_delta,"Missing complete monthly headcount driver for event-delta allocation: cc=1412000078, month=202608, previous_month=202607, category=headcount_all, missing=current,previous",Provide monthly headcount for both the event month and previous month before using event-delta allocation.
action,1412C00001,202608,headcount_event_delta,"Missing complete monthly headcount driver for event-delta allocation: cc=1412C00001, month=202608, previous_month=202607, category=headcount_all, missing=current,previous",Provide monthly headcount for both the event month and previous month before using event-delta allocation.
action,1412000081,202608,headcount_event_delta,"Missing complete monthly headcount driver for event-delta allocation: cc=1412000081, month=202608, previous_month=202607, category=headcount_all, missing=current,previous",Provide monthly headcount for both the event month and previous month before using event-delta allocation.
action,1412000083,202608,headcount_event_delta,"Missing complete monthly headcount driver for event-delta allocation: cc=1412000083, month=202608, previous_month=202607, category=headcount_all, missing=current,previous",Provide monthly headcount for both the event month and previous month before using event-delta allocation.
action,1412000084,202608,headcount_event_delta,"Missing complete monthly headcount driver for event-delta allocation: cc=1412000084, month=202608, previous_month=202607, category=headcount_all, missing=current,previous",Provide monthly headcount for both the event month and previous month before using event-delta allocation.
action,1412000087,202608,headcount_event_delta,"Missing complete monthly headcount driver for event-delta allocation: cc=1412000087, month=202608, previous_month=202607, category=headcount_all, missing=current,previous",Provide monthly headcount for both the event month and previous month before using event-delta allocation.
action,1412000088,202608,headcount_event_delta,"Missing complete monthly headcount driver for event-delta allocation: cc=1412000088, month=202608, previous_month=202607, category=headcount_all, missing=current,previous",Provide monthly headcount for both the event month and previous month before using event-delta allocation.
action,1412000091,202608,headcount_event_delta,"Missing complete monthly headcount driver for event-delta allocation: cc=1412000091, month=202608, previous_month=202607, category=headcount_all, missing=current,previous",Provide monthly headcount for both the event month and previous month before using event-delta allocation.
action,1412000092,202608,headcount_event_delta,"Missing complete monthly headcount driver for event-delta allocation: cc=1412000092, month=202608, previous_month=202607, category=headcount_all, missing=current,previous",Provide monthly headcount for both the event month and previous month before using event-delta allocation.
action,1412000093,202608,headcount_event_delta,"Missing complete monthly headcount driver for event-delta allocation: cc=1412000093, month=202608, previous_month=202607, category=headcount_all, missing=current,previous",Provide monthly headcount for both the event month and previous month before using event-delta allocation.
action,1412000094,202608,headcount_event_delta,"Missing complete monthly headcount driver for event-delta allocation: cc=1412000094, month=202608, previous_month=202607, category=headcount_all, missing=current,previous",Provide monthly headcount for both the event month and previous month before using event-delta allocation.
action,1412000096,202608,headcount_event_delta,"Missing complete monthly headcount driver for event-delta allocation: cc=1412000096, month=202608, previous_month=202607, category=headcount_all, missing=current,previous",Provide monthly headcount for both the event month and previous month before using event-delta allocation.
action,1412000098,202608,headcount_event_delta,"Missing complete monthly headcount driver for event-delta allocation: cc=1412000098, month=202608, previous_month=202607, category=headcount_all, missing=current,previous",Provide monthly headcount for both the event month and previous month before using event-delta allocation.
action,1412000099,202608,headcount_event_delta,"Missing complete monthly headcount driver for event-delta allocation: cc=1412000099, month=202608, previous_month=202607, category=headcount_all, missing=current,previous",Provide monthly headcount for both the event month and previous month before using event-delta allocation.
action,1412000101,202608,headcount_event_delta,"Missing complete monthly headcount driver for event-delta allocation: cc=1412000101, month=202608, previous_month=202607, category=headcount_all, missing=current,previous",Provide monthly headcount for both the event month and previous month before using event-delta allocation.
action,1412000100,202608,headcount_event_delta,"Missing complete monthly headcount driver for event-delta allocation: cc=1412000100, month=202608, previous_month=202607, category=headcount_all, missing=current,previous",Provide monthly headcount for both the event month and previous month before using event-delta allocation.
action,1412000103,202608,headcount_event_delta,"Missing complete monthly headcount driver for event-delta allocation: cc=1412000103, month=202608, previous_month=202607, category=headcount_all, missing=current,previous",Provide monthly headcount for both the event month and previous month before using event-delta allocation.
action,1412000105,202608,headcount_event_delta,"Missing complete monthly headcount driver for event-delta allocation: cc=1412000105, month=202608, previous_month=202607, category=headcount_all, missing=current,previous",Provide monthly headcount for both the event month and previous month before using event-delta allocation.
action,1412000075,202608,headcount_event_delta,"Missing complete monthly headcount driver for event-delta allocation: cc=1412000075, month=202608, previous_month=202607, category=headcount_all, missing=current,previous",Provide monthly headcount for both the event month and previous month before using event-delta allocation.
action,1412000106,202608,headcount_event_delta,"Missing complete monthly headcount driver for event-delta allocation: cc=1412000106, month=202608, previous_month=202607, category=headcount_all, missing=current,previous",Provide monthly headcount for both the event month and previous month before using event-delta allocation.
action,1412000039,202608,headcount_event_delta,"Missing complete monthly headcount driver for event-delta allocation: cc=1412000039, month=202608, previous_month=202607, category=headcount_all, missing=current,previous",Provide monthly headcount for both the event month and previous month before using event-delta allocation.
action,1412000108,202608,headcount_event_delta,"Missing complete monthly headcount driver for event-delta allocation: cc=1412000108, month=202608, previous_month=202607, category=headcount_all, missing=current,previous",Provide monthly headcount for both the event month and previous month before using event-delta allocation.
action,1412000005,202609,headcount_event_delta,"Missing complete monthly headcount driver for event-delta allocation: cc=1412000005, month=202609, previous_month=202608, category=headcount_all, missing=current,previous",Provide monthly headcount for both the event month and previous month before using event-delta allocation.
action,1412000062,202609,headcount_event_delta,"Missing complete monthly headcount driver for event-delta allocation: cc=1412000062, month=202609, previous_month=202608, category=headcount_all, missing=current,previous",Provide monthly headcount for both the event month and previous month before using event-delta allocation.
action,1412000034,202609,headcount_event_delta,"Missing complete monthly headcount driver for event-delta allocation: cc=1412000034, month=202609, previous_month=202608, category=headcount_all, missing=current,previous",Provide monthly headcount for both the event month and previous month before using event-delta allocation.
action,1412000048,202609,headcount_event_delta,"Missing complete monthly headcount driver for event-delta allocation: cc=1412000048, month=202609, previous_month=202608, category=headcount_all, missing=current,previous",Provide monthly headcount for both the event month and previous month before using event-delta allocation.
action,1412000055,202609,headcount_event_delta,"Missing complete monthly headcount driver for event-delta allocation: cc=1412000055, month=202609, previous_month=202608, category=headcount_all, missing=current,previous",Provide monthly headcount for both the event month and previous month before using event-delta allocation.
action,1412000050,202609,headcount_event_delta,"Missing complete monthly headcount driver for event-delta allocation: cc=1412000050, month=202609, previous_month=202608, category=headcount_all, missing=current,previous",Provide monthly headcount for both the event month and previous month before using event-delta allocation.
action,1412000077,202609,headcount_event_delta,"Missing complete monthly headcount driver for event-delta allocation: cc=1412000077, month=202609, previous_month=202608, category=headcount_all, missing=current,previous",Provide monthly headcount for both the event month and previous month before using event-delta allocation.
action,1412000053,202609,headcount_event_delta,"Missing complete monthly headcount driver for event-delta allocation: cc=1412000053, month=202609, previous_month=202608, category=headcount_all, missing=current,previous",Provide monthly headcount for both the event month and previous month before using event-delta allocation.
action,1412000008,202609,headcount_event_delta,"Missing complete monthly headcount driver for event-delta allocation: cc=1412000008, month=202609, previous_month=202608, category=headcount_all, missing=current,previous",Provide monthly headcount for both the event month and previous month before using event-delta allocation.
action,1412000010,202609,headcount_event_delta,"Missing complete monthly headcount driver for event-delta allocation: cc=1412000010, month=202609, previous_month=202608, category=headcount_all, missing=current,previous",Provide monthly headcount for both the event month and previous month before using event-delta allocation.
action,1412000054,202609,headcount_event_delta,"Missing complete monthly headcount driver for event-delta allocation: cc=1412000054, month=202609, previous_month=202608, category=headcount_all, missing=current,previous",Provide monthly headcount for both the event month and previous month before using event-delta allocation.
action,1412000036,202609,headcount_event_delta,"Missing complete monthly headcount driver for event-delta allocation: cc=1412000036, month=202609, previous_month=202608, category=headcount_all, missing=current,previous",Provide monthly headcount for both the event month and previous month before using event-delta allocation.
action,1412000089,202609,headcount_event_delta,"Missing complete monthly headcount driver for event-delta allocation: cc=1412000089, month=202609, previous_month=202608, category=headcount_all, missing=current,previous",Provide monthly headcount for both the event month and previous month before using event-delta allocation.
action,1412000013,202609,headcount_event_delta,"Missing complete monthly headcount driver for event-delta allocation: cc=1412000013, month=202609, previous_month=202608, category=headcount_all, missing=current,previous",Provide monthly headcount for both the event month and previous month before using event-delta allocation.
action,1412000080,202609,headcount_event_delta,"Missing complete monthly headcount driver for event-delta allocation: cc=1412000080, month=202609, previous_month=202608, category=headcount_all, missing=current,previous",Provide monthly headcount for both the event month and previous month before using event-delta allocation.
action,1412000044,202609,headcount_event_delta,"Missing complete monthly headcount driver for event-delta allocation: cc=1412000044, month=202609, previous_month=202608, category=headcount_all, missing=current,previous",Provide monthly headcount for both the event month and previous month before using event-delta allocation.
action,1412000056,202609,headcount_event_delta,"Missing complete monthly headcount driver for event-delta allocation: cc=1412000056, month=202609, previous_month=202608, category=headcount_all, missing=current,previous",Provide monthly headcount for both the event month and previous month before using event-delta allocation.
action,1412000018,202609,headcount_event_delta,"Missing complete monthly headcount driver for event-delta allocation: cc=1412000018, month=202609, previous_month=202608, category=headcount_all, missing=current,previous",Provide monthly headcount for both the event month and previous month before using event-delta allocation.
action,1412000019,202609,headcount_event_delta,"Missing complete monthly headcount driver for event-delta allocation: cc=1412000019, month=202609, previous_month=202608, category=headcount_all, missing=current,previous",Provide monthly headcount for both the event month and previous month before using event-delta allocation.
action,1412000058,202609,headcount_event_delta,"Missing complete monthly headcount driver for event-delta allocation: cc=1412000058, month=202609, previous_month=202608, category=headcount_all, missing=current,previous",Provide monthly headcount for both the event month and previous month before using event-delta allocation.
action,1412000042,202609,headcount_event_delta,"Missing complete monthly headcount driver for event-delta allocation: cc=1412000042, month=202609, previous_month=202608, category=headcount_all, missing=current,previous",Provide monthly headcount for both the event month and previous month before using event-delta allocation.
action,1412000021,202609,headcount_event_delta,"Missing complete monthly headcount driver for event-delta allocation: cc=1412000021, month=202609, previous_month=202608, category=headcount_all, missing=current,previous",Provide monthly headcount for both the event month and previous month before using event-delta allocation.
action,1412000022,202609,headcount_event_delta,"Missing complete monthly headcount driver for event-delta allocation: cc=1412000022, month=202609, previous_month=202608, category=headcount_all, missing=current,previous",Provide monthly headcount for both the event month and previous month before using event-delta allocation.
action,1412000024,202609,headcount_event_delta,"Missing complete monthly headcount driver for event-delta allocation: cc=1412000024, month=202609, previous_month=202608, category=headcount_all, missing=current,previous",Provide monthly headcount for both the event month and previous month before using event-delta allocation.
action,1412000025,202609,headcount_event_delta,"Missing complete monthly headcount driver for event-delta allocation: cc=1412000025, month=202609, previous_month=202608, category=headcount_all, missing=current,previous",Provide monthly headcount for both the event month and previous month before using event-delta allocation.
action,1412000026,202609,headcount_event_delta,"Missing complete monthly headcount driver for event-delta allocation: cc=1412000026, month=202609, previous_month=202608, category=headcount_all, missing=current,previous",Provide monthly headcount for both the event month and previous month before using event-delta allocation.
action,1412000028,202609,headcount_event_delta,"Missing complete monthly headcount driver for event-delta allocation: cc=1412000028, month=202609, previous_month=202608, category=headcount_all, missing=current,previous",Provide monthly headcount for both the event month and previous month before using event-delta allocation.
action,1412000029,202609,headcount_event_delta,"Missing complete monthly headcount driver for event-delta allocation: cc=1412000029, month=202609, previous_month=202608, category=headcount_all, missing=current,previous",Provide monthly headcount for both the event month and previous month before using event-delta allocation.
action,1412000030,202609,headcount_event_delta,"Missing complete monthly headcount driver for event-delta allocation: cc=1412000030, month=202609, previous_month=202608, category=headcount_all, missing=current,previous",Provide monthly headcount for both the event month and previous month before using event-delta allocation.
action,1412000086,202609,headcount_event_delta,"Missing complete monthly headcount driver for event-delta allocation: cc=1412000086, month=202609, previous_month=202608, category=headcount_all, missing=current,previous",Provide monthly headcount for both the event month and previous month before using event-delta allocation.
action,1412000063,202609,headcount_event_delta,"Missing complete monthly headcount driver for event-delta allocation: cc=1412000063, month=202609, previous_month=202608, category=headcount_all, missing=current,previous",Provide monthly headcount for both the event month and previous month before using event-delta allocation.
action,1412000066,202609,headcount_event_delta,"Missing complete monthly headcount driver for event-delta allocation: cc=1412000066, month=202609, previous_month=202608, category=headcount_all, missing=current,previous",Provide monthly headcount for both the event month and previous month before using event-delta allocation.
action,1412000035,202609,headcount_event_delta,"Missing complete monthly headcount driver for event-delta allocation: cc=1412000035, month=202609, previous_month=202608, category=headcount_all, missing=current,previous",Provide monthly headcount for both the event month and previous month before using event-delta allocation.
action,1412000016,202609,headcount_event_delta,"Missing complete monthly headcount driver for event-delta allocation: cc=1412000016, month=202609, previous_month=202608, category=headcount_all, missing=current,previous",Provide monthly headcount for both the event month and previous month before using event-delta allocation.
action,1412000069,202609,headcount_event_delta,"Missing complete monthly headcount driver for event-delta allocation: cc=1412000069, month=202609, previous_month=202608, category=headcount_all, missing=current,previous",Provide monthly headcount for both the event month and previous month before using event-delta allocation.
action,1412000070,202609,headcount_event_delta,"Missing complete monthly headcount driver for event-delta allocation: cc=1412000070, month=202609, previous_month=202608, category=headcount_all, missing=current,previous",Provide monthly headcount for both the event month and previous month before using event-delta allocation.
action,1412000072,202609,headcount_event_delta,"Missing complete monthly headcount driver for event-delta allocation: cc=1412000072, month=202609, previous_month=202608, category=headcount_all, missing=current,previous",Provide monthly headcount for both the event month and previous month before using event-delta allocation.
action,1412000073,202609,headcount_event_delta,"Missing complete monthly headcount driver for event-delta allocation: cc=1412000073, month=202609, previous_month=202608, category=headcount_all, missing=current,previous",Provide monthly headcount for both the event month and previous month before using event-delta allocation.
action,1412000104,202609,headcount_event_delta,"Missing complete monthly headcount driver for event-delta allocation: cc=1412000104, month=202609, previous_month=202608, category=headcount_all, missing=current,previous",Provide monthly headcount for both the event month and previous month before using event-delta allocation.
action,1412000057,202609,headcount_event_delta,"Missing complete monthly headcount driver for event-delta allocation: cc=1412000057, month=202609, previous_month=202608, category=headcount_all, missing=current,previous",Provide monthly headcount for both the event month and previous month before using event-delta allocation.
action,1412000078,202609,headcount_event_delta,"Missing complete monthly headcount driver for event-delta allocation: cc=1412000078, month=202609, previous_month=202608, category=headcount_all, missing=current,previous",Provide monthly headcount for both the event month and previous month before using event-delta allocation.
action,1412C00001,202609,headcount_event_delta,"Missing complete monthly headcount driver for event-delta allocation: cc=1412C00001, month=202609, previous_month=202608, category=headcount_all, missing=current,previous",Provide monthly headcount for both the event month and previous month before using event-delta allocation.
action,1412000081,202609,headcount_event_delta,"Missing complete monthly headcount driver for event-delta allocation: cc=1412000081, month=202609, previous_month=202608, category=headcount_all, missing=current,previous",Provide monthly headcount for both the event month and previous month before using event-delta allocation.
action,1412000083,202609,headcount_event_delta,"Missing complete monthly headcount driver for event-delta allocation: cc=1412000083, month=202609, previous_month=202608, category=headcount_all, missing=current,previous",Provide monthly headcount for both the event month and previous month before using event-delta allocation.
action,1412000084,202609,headcount_event_delta,"Missing complete monthly headcount driver for event-delta allocation: cc=1412000084, month=202609, previous_month=202608, category=headcount_all, missing=current,previous",Provide monthly headcount for both the event month and previous month before using event-delta allocation.
action,1412000087,202609,headcount_event_delta,"Missing complete monthly headcount driver for event-delta allocation: cc=1412000087, month=202609, previous_month=202608, category=headcount_all, missing=current,previous",Provide monthly headcount for both the event month and previous month before using event-delta allocation.
action,1412000088,202609,headcount_event_delta,"Missing complete monthly headcount driver for event-delta allocation: cc=1412000088, month=202609, previous_month=202608, category=headcount_all, missing=current,previous",Provide monthly headcount for both the event month and previous month before using event-delta allocation.
action,1412000091,202609,headcount_event_delta,"Missing complete monthly headcount driver for event-delta allocation: cc=1412000091, month=202609, previous_month=202608, category=headcount_all, missing=current,previous",Provide monthly headcount for both the event month and previous month before using event-delta allocation.
action,1412000092,202609,headcount_event_delta,"Missing complete monthly headcount driver for event-delta allocation: cc=1412000092, month=202609, previous_month=202608, category=headcount_all, missing=current,previous",Provide monthly headcount for both the event month and previous month before using event-delta allocation.
action,1412000093,202609,headcount_event_delta,"Missing complete monthly headcount driver for event-delta allocation: cc=1412000093, month=202609, previous_month=202608, category=headcount_all, missing=current,previous",Provide monthly headcount for both the event month and previous month before using event-delta allocation.
action,1412000094,202609,headcount_event_delta,"Missing complete monthly headcount driver for event-delta allocation: cc=1412000094, month=202609, previous_month=202608, category=headcount_all, missing=current,previous",Provide monthly headcount for both the event month and previous month before using event-delta allocation.
action,1412000096,202609,headcount_event_delta,"Missing complete monthly headcount driver for event-delta allocation: cc=1412000096, month=202609, previous_month=202608, category=headcount_all, missing=current,previous",Provide monthly headcount for both the event month and previous month before using event-delta allocation.
action,1412000098,202609,headcount_event_delta,"Missing complete monthly headcount driver for event-delta allocation: cc=1412000098, month=202609, previous_month=202608, category=headcount_all, missing=current,previous",Provide monthly headcount for both the event month and previous month before using event-delta allocation.
action,1412000099,202609,headcount_event_delta,"Missing complete monthly headcount driver for event-delta allocation: cc=1412000099, month=202609, previous_month=202608, category=headcount_all, missing=current,previous",Provide monthly headcount for both the event month and previous month before using event-delta allocation.
action,1412000101,202609,headcount_event_delta,"Missing complete monthly headcount driver for event-delta allocation: cc=1412000101, month=202609, previous_month=202608, category=headcount_all, missing=current,previous",Provide monthly headcount for both the event month and previous month before using event-delta allocation.
action,1412000100,202609,headcount_event_delta,"Missing complete monthly headcount driver for event-delta allocation: cc=1412000100, month=202609, previous_month=202608, category=headcount_all, missing=current,previous",Provide monthly headcount for both the event month and previous month before using event-delta allocation.
action,1412000103,202609,headcount_event_delta,"Missing complete monthly headcount driver for event-delta allocation: cc=1412000103, month=202609, previous_month=202608, category=headcount_all, missing=current,previous",Provide monthly headcount for both the event month and previous month before using event-delta allocation.
action,1412000105,202609,headcount_event_delta,"Missing complete monthly headcount driver for event-delta allocation: cc=1412000105, month=202609, previous_month=202608, category=headcount_all, missing=current,previous",Provide monthly headcount for both the event month and previous month before using event-delta allocation.
action,1412000075,202609,headcount_event_delta,"Missing complete monthly headcount driver for event-delta allocation: cc=1412000075, month=202609, previous_month=202608, category=headcount_all, missing=current,previous",Provide monthly headcount for both the event month and previous month before using event-delta allocation.
action,1412000106,202609,headcount_event_delta,"Missing complete monthly headcount driver for event-delta allocation: cc=1412000106, month=202609, previous_month=202608, category=headcount_all, missing=current,previous",Provide monthly headcount for both the event month and previous month before using event-delta allocation.
action,1412000039,202609,headcount_event_delta,"Missing complete monthly headcount driver for event-delta allocation: cc=1412000039, month=202609, previous_month=202608, category=headcount_all, missing=current,previous",Provide monthly headcount for both the event month and previous month before using event-delta allocation.
action,1412000108,202609,headcount_event_delta,"Missing complete monthly headcount driver for event-delta allocation: cc=1412000108, month=202609, previous_month=202608, category=headcount_all, missing=current,previous",Provide monthly headcount for both the event month and previous month before using event-delta allocation.
action,1412000005,202610,headcount_event_delta,"Missing complete monthly headcount driver for event-delta allocation: cc=1412000005, month=202610, previous_month=202609, category=headcount_all, missing=current,previous",Provide monthly headcount for both the event month and previous month before using event-delta allocation.
action,1412000062,202610,headcount_event_delta,"Missing complete monthly headcount driver for event-delta allocation: cc=1412000062, month=202610, previous_month=202609, category=headcount_all, missing=current,previous",Provide monthly headcount for both the event month and previous month before using event-delta allocation.
action,1412000034,202610,headcount_event_delta,"Missing complete monthly headcount driver for event-delta allocation: cc=1412000034, month=202610, previous_month=202609, category=headcount_all, missing=current,previous",Provide monthly headcount for both the event month and previous month before using event-delta allocation.
action,1412000048,202610,headcount_event_delta,"Missing complete monthly headcount driver for event-delta allocation: cc=1412000048, month=202610, previous_month=202609, category=headcount_all, missing=current,previous",Provide monthly headcount for both the event month and previous month before using event-delta allocation.
action,1412000055,202610,headcount_event_delta,"Missing complete monthly headcount driver for event-delta allocation: cc=1412000055, month=202610, previous_month=202609, category=headcount_all, missing=current,previous",Provide monthly headcount for both the event month and previous month before using event-delta allocation.
action,1412000050,202610,headcount_event_delta,"Missing complete monthly headcount driver for event-delta allocation: cc=1412000050, month=202610, previous_month=202609, category=headcount_all, missing=current,previous",Provide monthly headcount for both the event month and previous month before using event-delta allocation.
action,1412000077,202610,headcount_event_delta,"Missing complete monthly headcount driver for event-delta allocation: cc=1412000077, month=202610, previous_month=202609, category=headcount_all, missing=current,previous",Provide monthly headcount for both the event month and previous month before using event-delta allocation.
action,1412000053,202610,headcount_event_delta,"Missing complete monthly headcount driver for event-delta allocation: cc=1412000053, month=202610, previous_month=202609, category=headcount_all, missing=current,previous",Provide monthly headcount for both the event month and previous month before using event-delta allocation.
action,1412000008,202610,headcount_event_delta,"Missing complete monthly headcount driver for event-delta allocation: cc=1412000008, month=202610, previous_month=202609, category=headcount_all, missing=current,previous",Provide monthly headcount for both the event month and previous month before using event-delta allocation.
action,1412000010,202610,headcount_event_delta,"Missing complete monthly headcount driver for event-delta allocation: cc=1412000010, month=202610, previous_month=202609, category=headcount_all, missing=current,previous",Provide monthly headcount for both the event month and previous month before using event-delta allocation.
action,1412000054,202610,headcount_event_delta,"Missing complete monthly headcount driver for event-delta allocation: cc=1412000054, month=202610, previous_month=202609, category=headcount_all, missing=current,previous",Provide monthly headcount for both the event month and previous month before using event-delta allocation.
action,1412000036,202610,headcount_event_delta,"Missing complete monthly headcount driver for event-delta allocation: cc=1412000036, month=202610, previous_month=202609, category=headcount_all, missing=current,previous",Provide monthly headcount for both the event month and previous month before using event-delta allocation.
action,1412000089,202610,headcount_event_delta,"Missing complete monthly headcount driver for event-delta allocation: cc=1412000089, month=202610, previous_month=202609, category=headcount_all, missing=current,previous",Provide monthly headcount for both the event month and previous month before using event-delta allocation.
action,1412000013,202610,headcount_event_delta,"Missing complete monthly headcount driver for event-delta allocation: cc=1412000013, month=202610, previous_month=202609, category=headcount_all, missing=current,previous",Provide monthly headcount for both the event month and previous month before using event-delta allocation.
action,1412000080,202610,headcount_event_delta,"Missing complete monthly headcount driver for event-delta allocation: cc=1412000080, month=202610, previous_month=202609, category=headcount_all, missing=current,previous",Provide monthly headcount for both the event month and previous month before using event-delta allocation.
action,1412000044,202610,headcount_event_delta,"Missing complete monthly headcount driver for event-delta allocation: cc=1412000044, month=202610, previous_month=202609, category=headcount_all, missing=current,previous",Provide monthly headcount for both the event month and previous month before using event-delta allocation.
action,1412000056,202610,headcount_event_delta,"Missing complete monthly headcount driver for event-delta allocation: cc=1412000056, month=202610, previous_month=202609, category=headcount_all, missing=current,previous",Provide monthly headcount for both the event month and previous month before using event-delta allocation.
action,1412000018,202610,headcount_event_delta,"Missing complete monthly headcount driver for event-delta allocation: cc=1412000018, month=202610, previous_month=202609, category=headcount_all, missing=current,previous",Provide monthly headcount for both the event month and previous month before using event-delta allocation.
action,1412000019,202610,headcount_event_delta,"Missing complete monthly headcount driver for event-delta allocation: cc=1412000019, month=202610, previous_month=202609, category=headcount_all, missing=current,previous",Provide monthly headcount for both the event month and previous month before using event-delta allocation.
action,1412000058,202610,headcount_event_delta,"Missing complete monthly headcount driver for event-delta allocation: cc=1412000058, month=202610, previous_month=202609, category=headcount_all, missing=current,previous",Provide monthly headcount for both the event month and previous month before using event-delta allocation.
action,1412000042,202610,headcount_event_delta,"Missing complete monthly headcount driver for event-delta allocation: cc=1412000042, month=202610, previous_month=202609, category=headcount_all, missing=current,previous",Provide monthly headcount for both the event month and previous month before using event-delta allocation.
action,1412000021,202610,headcount_event_delta,"Missing complete monthly headcount driver for event-delta allocation: cc=1412000021, month=202610, previous_month=202609, category=headcount_all, missing=current,previous",Provide monthly headcount for both the event month and previous month before using event-delta allocation.
action,1412000022,202610,headcount_event_delta,"Missing complete monthly headcount driver for event-delta allocation: cc=1412000022, month=202610, previous_month=202609, category=headcount_all, missing=current,previous",Provide monthly headcount for both the event month and previous month before using event-delta allocation.
action,1412000024,202610,headcount_event_delta,"Missing complete monthly headcount driver for event-delta allocation: cc=1412000024, month=202610, previous_month=202609, category=headcount_all, missing=current,previous",Provide monthly headcount for both the event month and previous month before using event-delta allocation.
action,1412000025,202610,headcount_event_delta,"Missing complete monthly headcount driver for event-delta allocation: cc=1412000025, month=202610, previous_month=202609, category=headcount_all, missing=current,previous",Provide monthly headcount for both the event month and previous month before using event-delta allocation.
action,1412000026,202610,headcount_event_delta,"Missing complete monthly headcount driver for event-delta allocation: cc=1412000026, month=202610, previous_month=202609, category=headcount_all, missing=current,previous",Provide monthly headcount for both the event month and previous month before using event-delta allocation.
action,1412000028,202610,headcount_event_delta,"Missing complete monthly headcount driver for event-delta allocation: cc=1412000028, month=202610, previous_month=202609, category=headcount_all, missing=current,previous",Provide monthly headcount for both the event month and previous month before using event-delta allocation.
action,1412000029,202610,headcount_event_delta,"Missing complete monthly headcount driver for event-delta allocation: cc=1412000029, month=202610, previous_month=202609, category=headcount_all, missing=current,previous",Provide monthly headcount for both the event month and previous month before using event-delta allocation.
action,1412000030,202610,headcount_event_delta,"Missing complete monthly headcount driver for event-delta allocation: cc=1412000030, month=202610, previous_month=202609, category=headcount_all, missing=current,previous",Provide monthly headcount for both the event month and previous month before using event-delta allocation.
action,1412000086,202610,headcount_event_delta,"Missing complete monthly headcount driver for event-delta allocation: cc=1412000086, month=202610, previous_month=202609, category=headcount_all, missing=current,previous",Provide monthly headcount for both the event month and previous month before using event-delta allocation.
action,1412000063,202610,headcount_event_delta,"Missing complete monthly headcount driver for event-delta allocation: cc=1412000063, month=202610, previous_month=202609, category=headcount_all, missing=current,previous",Provide monthly headcount for both the event month and previous month before using event-delta allocation.
action,1412000066,202610,headcount_event_delta,"Missing complete monthly headcount driver for event-delta allocation: cc=1412000066, month=202610, previous_month=202609, category=headcount_all, missing=current,previous",Provide monthly headcount for both the event month and previous month before using event-delta allocation.
action,1412000035,202610,headcount_event_delta,"Missing complete monthly headcount driver for event-delta allocation: cc=1412000035, month=202610, previous_month=202609, category=headcount_all, missing=current,previous",Provide monthly headcount for both the event month and previous month before using event-delta allocation.
action,1412000016,202610,headcount_event_delta,"Missing complete monthly headcount driver for event-delta allocation: cc=1412000016, month=202610, previous_month=202609, category=headcount_all, missing=current,previous",Provide monthly headcount for both the event month and previous month before using event-delta allocation.
action,1412000069,202610,headcount_event_delta,"Missing complete monthly headcount driver for event-delta allocation: cc=1412000069, month=202610, previous_month=202609, category=headcount_all, missing=current,previous",Provide monthly headcount for both the event month and previous month before using event-delta allocation.
action,1412000070,202610,headcount_event_delta,"Missing complete monthly headcount driver for event-delta allocation: cc=1412000070, month=202610, previous_month=202609, category=headcount_all, missing=current,previous",Provide monthly headcount for both the event month and previous month before using event-delta allocation.
action,1412000072,202610,headcount_event_delta,"Missing complete monthly headcount driver for event-delta allocation: cc=1412000072, month=202610, previous_month=202609, category=headcount_all, missing=current,previous",Provide monthly headcount for both the event month and previous month before using event-delta allocation.
action,1412000073,202610,headcount_event_delta,"Missing complete monthly headcount driver for event-delta allocation: cc=1412000073, month=202610, previous_month=202609, category=headcount_all, missing=current,previous",Provide monthly headcount for both the event month and previous month before using event-delta allocation.
action,1412000104,202610,headcount_event_delta,"Missing complete monthly headcount driver for event-delta allocation: cc=1412000104, month=202610, previous_month=202609, category=headcount_all, missing=current,previous",Provide monthly headcount for both the event month and previous month before using event-delta allocation.
action,1412000057,202610,headcount_event_delta,"Missing complete monthly headcount driver for event-delta allocation: cc=1412000057, month=202610, previous_month=202609, category=headcount_all, missing=current,previous",Provide monthly headcount for both the event month and previous month before using event-delta allocation.
action,1412000078,202610,headcount_event_delta,"Missing complete monthly headcount driver for event-delta allocation: cc=1412000078, month=202610, previous_month=202609, category=headcount_all, missing=current,previous",Provide monthly headcount for both the event month and previous month before using event-delta allocation.
action,1412C00001,202610,headcount_event_delta,"Missing complete monthly headcount driver for event-delta allocation: cc=1412C00001, month=202610, previous_month=202609, category=headcount_all, missing=current,previous",Provide monthly headcount for both the event month and previous month before using event-delta allocation.
action,1412000081,202610,headcount_event_delta,"Missing complete monthly headcount driver for event-delta allocation: cc=1412000081, month=202610, previous_month=202609, category=headcount_all, missing=current,previous",Provide monthly headcount for both the event month and previous month before using event-delta allocation.
action,1412000083,202610,headcount_event_delta,"Missing complete monthly headcount driver for event-delta allocation: cc=1412000083, month=202610, previous_month=202609, category=headcount_all, missing=current,previous",Provide monthly headcount for both the event month and previous month before using event-delta allocation.
action,1412000084,202610,headcount_event_delta,"Missing complete monthly headcount driver for event-delta allocation: cc=1412000084, month=202610, previous_month=202609, category=headcount_all, missing=current,previous",Provide monthly headcount for both the event month and previous month before using event-delta allocation.
action,1412000087,202610,headcount_event_delta,"Missing complete monthly headcount driver for event-delta allocation: cc=1412000087, month=202610, previous_month=202609, category=headcount_all, missing=current,previous",Provide monthly headcount for both the event month and previous month before using event-delta allocation.
action,1412000088,202610,headcount_event_delta,"Missing complete monthly headcount driver for event-delta allocation: cc=1412000088, month=202610, previous_month=202609, category=headcount_all, missing=current,previous",Provide monthly headcount for both the event month and previous month before using event-delta allocation.
action,1412000091,202610,headcount_event_delta,"Missing complete monthly headcount driver for event-delta allocation: cc=1412000091, month=202610, previous_month=202609, category=headcount_all, missing=current,previous",Provide monthly headcount for both the event month and previous month before using event-delta allocation.
action,1412000092,202610,headcount_event_delta,"Missing complete monthly headcount driver for event-delta allocation: cc=1412000092, month=202610, previous_month=202609, category=headcount_all, missing=current,previous",Provide monthly headcount for both the event month and previous month before using event-delta allocation.
action,1412000093,202610,headcount_event_delta,"Missing complete monthly headcount driver for event-delta allocation: cc=1412000093, month=202610, previous_month=202609, category=headcount_all, missing=current,previous",Provide monthly headcount for both the event month and previous month before using event-delta allocation.
action,1412000094,202610,headcount_event_delta,"Missing complete monthly headcount driver for event-delta allocation: cc=1412000094, month=202610, previous_month=202609, category=headcount_all, missing=current,previous",Provide monthly headcount for both the event month and previous month before using event-delta allocation.
action,1412000096,202610,headcount_event_delta,"Missing complete monthly headcount driver for event-delta allocation: cc=1412000096, month=202610, previous_month=202609, category=headcount_all, missing=current,previous",Provide monthly headcount for both the event month and previous month before using event-delta allocation.
action,1412000098,202610,headcount_event_delta,"Missing complete monthly headcount driver for event-delta allocation: cc=1412000098, month=202610, previous_month=202609, category=headcount_all, missing=current,previous",Provide monthly headcount for both the event month and previous month before using event-delta allocation.
action,1412000099,202610,headcount_event_delta,"Missing complete monthly headcount driver for event-delta allocation: cc=1412000099, month=202610, previous_month=202609, category=headcount_all, missing=current,previous",Provide monthly headcount for both the event month and previous month before using event-delta allocation.
action,1412000101,202610,headcount_event_delta,"Missing complete monthly headcount driver for event-delta allocation: cc=1412000101, month=202610, previous_month=202609, category=headcount_all, missing=current,previous",Provide monthly headcount for both the event month and previous month before using event-delta allocation.
action,1412000100,202610,headcount_event_delta,"Missing complete monthly headcount driver for event-delta allocation: cc=1412000100, month=202610, previous_month=202609, category=headcount_all, missing=current,previous",Provide monthly headcount for both the event month and previous month before using event-delta allocation.
action,1412000103,202610,headcount_event_delta,"Missing complete monthly headcount driver for event-delta allocation: cc=1412000103, month=202610, previous_month=202609, category=headcount_all, missing=current,previous",Provide monthly headcount for both the event month and previous month before using event-delta allocation.
action,1412000105,202610,headcount_event_delta,"Missing complete monthly headcount driver for event-delta allocation: cc=1412000105, month=202610, previous_month=202609, category=headcount_all, missing=current,previous",Provide monthly headcount for both the event month and previous month before using event-delta allocation.
action,1412000075,202610,headcount_event_delta,"Missing complete monthly headcount driver for event-delta allocation: cc=1412000075, month=202610, previous_month=202609, category=headcount_all, missing=current,previous",Provide monthly headcount for both the event month and previous month before using event-delta allocation.
action,1412000106,202610,headcount_event_delta,"Missing complete monthly headcount driver for event-delta allocation: cc=1412000106, month=202610, previous_month=202609, category=headcount_all, missing=current,previous",Provide monthly headcount for both the event month and previous month before using event-delta allocation.
action,1412000039,202610,headcount_event_delta,"Missing complete monthly headcount driver for event-delta allocation: cc=1412000039, month=202610, previous_month=202609, category=headcount_all, missing=current,previous",Provide monthly headcount for both the event month and previous month before using event-delta allocation.
action,1412000108,202610,headcount_event_delta,"Missing complete monthly headcount driver for event-delta allocation: cc=1412000108, month=202610, previous_month=202609, category=headcount_all, missing=current,previous",Provide monthly headcount for both the event month and previous month before using event-delta allocation.
action,1412000005,202611,headcount_event_delta,"Missing complete monthly headcount driver for event-delta allocation: cc=1412000005, month=202611, previous_month=202610, category=headcount_all, missing=current,previous",Provide monthly headcount for both the event month and previous month before using event-delta allocation.
action,1412000062,202611,headcount_event_delta,"Missing complete monthly headcount driver for event-delta allocation: cc=1412000062, month=202611, previous_month=202610, category=headcount_all, missing=current,previous",Provide monthly headcount for both the event month and previous month before using event-delta allocation.
action,1412000034,202611,headcount_event_delta,"Missing complete monthly headcount driver for event-delta allocation: cc=1412000034, month=202611, previous_month=202610, category=headcount_all, missing=current,previous",Provide monthly headcount for both the event month and previous month before using event-delta allocation.
action,1412000048,202611,headcount_event_delta,"Missing complete monthly headcount driver for event-delta allocation: cc=1412000048, month=202611, previous_month=202610, category=headcount_all, missing=current,previous",Provide monthly headcount for both the event month and previous month before using event-delta allocation.
action,1412000055,202611,headcount_event_delta,"Missing complete monthly headcount driver for event-delta allocation: cc=1412000055, month=202611, previous_month=202610, category=headcount_all, missing=current,previous",Provide monthly headcount for both the event month and previous month before using event-delta allocation.
action,1412000050,202611,headcount_event_delta,"Missing complete monthly headcount driver for event-delta allocation: cc=1412000050, month=202611, previous_month=202610, category=headcount_all, missing=current,previous",Provide monthly headcount for both the event month and previous month before using event-delta allocation.
action,1412000077,202611,headcount_event_delta,"Missing complete monthly headcount driver for event-delta allocation: cc=1412000077, month=202611, previous_month=202610, category=headcount_all, missing=current,previous",Provide monthly headcount for both the event month and previous month before using event-delta allocation.
action,1412000053,202611,headcount_event_delta,"Missing complete monthly headcount driver for event-delta allocation: cc=1412000053, month=202611, previous_month=202610, category=headcount_all, missing=current,previous",Provide monthly headcount for both the event month and previous month before using event-delta allocation.
action,1412000008,202611,headcount_event_delta,"Missing complete monthly headcount driver for event-delta allocation: cc=1412000008, month=202611, previous_month=202610, category=headcount_all, missing=current,previous",Provide monthly headcount for both the event month and previous month before using event-delta allocation.
action,1412000010,202611,headcount_event_delta,"Missing complete monthly headcount driver for event-delta allocation: cc=1412000010, month=202611, previous_month=202610, category=headcount_all, missing=current,previous",Provide monthly headcount for both the event month and previous month before using event-delta allocation.
action,1412000054,202611,headcount_event_delta,"Missing complete monthly headcount driver for event-delta allocation: cc=1412000054, month=202611, previous_month=202610, category=headcount_all, missing=current,previous",Provide monthly headcount for both the event month and previous month before using event-delta allocation.
action,1412000036,202611,headcount_event_delta,"Missing complete monthly headcount driver for event-delta allocation: cc=1412000036, month=202611, previous_month=202610, category=headcount_all, missing=current,previous",Provide monthly headcount for both the event month and previous month before using event-delta allocation.
action,1412000089,202611,headcount_event_delta,"Missing complete monthly headcount driver for event-delta allocation: cc=1412000089, month=202611, previous_month=202610, category=headcount_all, missing=current,previous",Provide monthly headcount for both the event month and previous month before using event-delta allocation.
action,1412000013,202611,headcount_event_delta,"Missing complete monthly headcount driver for event-delta allocation: cc=1412000013, month=202611, previous_month=202610, category=headcount_all, missing=current,previous",Provide monthly headcount for both the event month and previous month before using event-delta allocation.
action,1412000080,202611,headcount_event_delta,"Missing complete monthly headcount driver for event-delta allocation: cc=1412000080, month=202611, previous_month=202610, category=headcount_all, missing=current,previous",Provide monthly headcount for both the event month and previous month before using event-delta allocation.
action,1412000044,202611,headcount_event_delta,"Missing complete monthly headcount driver for event-delta allocation: cc=1412000044, month=202611, previous_month=202610, category=headcount_all, missing=current,previous",Provide monthly headcount for both the event month and previous month before using event-delta allocation.
action,1412000056,202611,headcount_event_delta,"Missing complete monthly headcount driver for event-delta allocation: cc=1412000056, month=202611, previous_month=202610, category=headcount_all, missing=current,previous",Provide monthly headcount for both the event month and previous month before using event-delta allocation.
action,1412000018,202611,headcount_event_delta,"Missing complete monthly headcount driver for event-delta allocation: cc=1412000018, month=202611, previous_month=202610, category=headcount_all, missing=current,previous",Provide monthly headcount for both the event month and previous month before using event-delta allocation.
action,1412000019,202611,headcount_event_delta,"Missing complete monthly headcount driver for event-delta allocation: cc=1412000019, month=202611, previous_month=202610, category=headcount_all, missing=current,previous",Provide monthly headcount for both the event month and previous month before using event-delta allocation.
action,1412000058,202611,headcount_event_delta,"Missing complete monthly headcount driver for event-delta allocation: cc=1412000058, month=202611, previous_month=202610, category=headcount_all, missing=current,previous",Provide monthly headcount for both the event month and previous month before using event-delta allocation.
action,1412000042,202611,headcount_event_delta,"Missing complete monthly headcount driver for event-delta allocation: cc=1412000042, month=202611, previous_month=202610, category=headcount_all, missing=current,previous",Provide monthly headcount for both the event month and previous month before using event-delta allocation.
action,1412000021,202611,headcount_event_delta,"Missing complete monthly headcount driver for event-delta allocation: cc=1412000021, month=202611, previous_month=202610, category=headcount_all, missing=current,previous",Provide monthly headcount for both the event month and previous month before using event-delta allocation.
action,1412000022,202611,headcount_event_delta,"Missing complete monthly headcount driver for event-delta allocation: cc=1412000022, month=202611, previous_month=202610, category=headcount_all, missing=current,previous",Provide monthly headcount for both the event month and previous month before using event-delta allocation.
action,1412000024,202611,headcount_event_delta,"Missing complete monthly headcount driver for event-delta allocation: cc=1412000024, month=202611, previous_month=202610, category=headcount_all, missing=current,previous",Provide monthly headcount for both the event month and previous month before using event-delta allocation.
action,1412000025,202611,headcount_event_delta,"Missing complete monthly headcount driver for event-delta allocation: cc=1412000025, month=202611, previous_month=202610, category=headcount_all, missing=current,previous",Provide monthly headcount for both the event month and previous month before using event-delta allocation.
action,1412000026,202611,headcount_event_delta,"Missing complete monthly headcount driver for event-delta allocation: cc=1412000026, month=202611, previous_month=202610, category=headcount_all, missing=current,previous",Provide monthly headcount for both the event month and previous month before using event-delta allocation.
action,1412000028,202611,headcount_event_delta,"Missing complete monthly headcount driver for event-delta allocation: cc=1412000028, month=202611, previous_month=202610, category=headcount_all, missing=current,previous",Provide monthly headcount for both the event month and previous month before using event-delta allocation.
action,1412000029,202611,headcount_event_delta,"Missing complete monthly headcount driver for event-delta allocation: cc=1412000029, month=202611, previous_month=202610, category=headcount_all, missing=current,previous",Provide monthly headcount for both the event month and previous month before using event-delta allocation.
action,1412000030,202611,headcount_event_delta,"Missing complete monthly headcount driver for event-delta allocation: cc=1412000030, month=202611, previous_month=202610, category=headcount_all, missing=current,previous",Provide monthly headcount for both the event month and previous month before using event-delta allocation.
action,1412000086,202611,headcount_event_delta,"Missing complete monthly headcount driver for event-delta allocation: cc=1412000086, month=202611, previous_month=202610, category=headcount_all, missing=current,previous",Provide monthly headcount for both the event month and previous month before using event-delta allocation.
action,1412000063,202611,headcount_event_delta,"Missing complete monthly headcount driver for event-delta allocation: cc=1412000063, month=202611, previous_month=202610, category=headcount_all, missing=current,previous",Provide monthly headcount for both the event month and previous month before using event-delta allocation.
action,1412000066,202611,headcount_event_delta,"Missing complete monthly headcount driver for event-delta allocation: cc=1412000066, month=202611, previous_month=202610, category=headcount_all, missing=current,previous",Provide monthly headcount for both the event month and previous month before using event-delta allocation.
action,1412000035,202611,headcount_event_delta,"Missing complete monthly headcount driver for event-delta allocation: cc=1412000035, month=202611, previous_month=202610, category=headcount_all, missing=current,previous",Provide monthly headcount for both the event month and previous month before using event-delta allocation.
action,1412000016,202611,headcount_event_delta,"Missing complete monthly headcount driver for event-delta allocation: cc=1412000016, month=202611, previous_month=202610, category=headcount_all, missing=current,previous",Provide monthly headcount for both the event month and previous month before using event-delta allocation.
action,1412000069,202611,headcount_event_delta,"Missing complete monthly headcount driver for event-delta allocation: cc=1412000069, month=202611, previous_month=202610, category=headcount_all, missing=current,previous",Provide monthly headcount for both the event month and previous month before using event-delta allocation.
action,1412000070,202611,headcount_event_delta,"Missing complete monthly headcount driver for event-delta allocation: cc=1412000070, month=202611, previous_month=202610, category=headcount_all, missing=current,previous",Provide monthly headcount for both the event month and previous month before using event-delta allocation.
action,1412000072,202611,headcount_event_delta,"Missing complete monthly headcount driver for event-delta allocation: cc=1412000072, month=202611, previous_month=202610, category=headcount_all, missing=current,previous",Provide monthly headcount for both the event month and previous month before using event-delta allocation.
action,1412000073,202611,headcount_event_delta,"Missing complete monthly headcount driver for event-delta allocation: cc=1412000073, month=202611, previous_month=202610, category=headcount_all, missing=current,previous",Provide monthly headcount for both the event month and previous month before using event-delta allocation.
action,1412000104,202611,headcount_event_delta,"Missing complete monthly headcount driver for event-delta allocation: cc=1412000104, month=202611, previous_month=202610, category=headcount_all, missing=current,previous",Provide monthly headcount for both the event month and previous month before using event-delta allocation.
action,1412000057,202611,headcount_event_delta,"Missing complete monthly headcount driver for event-delta allocation: cc=1412000057, month=202611, previous_month=202610, category=headcount_all, missing=current,previous",Provide monthly headcount for both the event month and previous month before using event-delta allocation.
action,1412000078,202611,headcount_event_delta,"Missing complete monthly headcount driver for event-delta allocation: cc=1412000078, month=202611, previous_month=202610, category=headcount_all, missing=current,previous",Provide monthly headcount for both the event month and previous month before using event-delta allocation.
action,1412C00001,202611,headcount_event_delta,"Missing complete monthly headcount driver for event-delta allocation: cc=1412C00001, month=202611, previous_month=202610, category=headcount_all, missing=current,previous",Provide monthly headcount for both the event month and previous month before using event-delta allocation.
action,1412000081,202611,headcount_event_delta,"Missing complete monthly headcount driver for event-delta allocation: cc=1412000081, month=202611, previous_month=202610, category=headcount_all, missing=current,previous",Provide monthly headcount for both the event month and previous month before using event-delta allocation.
action,1412000083,202611,headcount_event_delta,"Missing complete monthly headcount driver for event-delta allocation: cc=1412000083, month=202611, previous_month=202610, category=headcount_all, missing=current,previous",Provide monthly headcount for both the event month and previous month before using event-delta allocation.
action,1412000084,202611,headcount_event_delta,"Missing complete monthly headcount driver for event-delta allocation: cc=1412000084, month=202611, previous_month=202610, category=headcount_all, missing=current,previous",Provide monthly headcount for both the event month and previous month before using event-delta allocation.
action,1412000087,202611,headcount_event_delta,"Missing complete monthly headcount driver for event-delta allocation: cc=1412000087, month=202611, previous_month=202610, category=headcount_all, missing=current,previous",Provide monthly headcount for both the event month and previous month before using event-delta allocation.
action,1412000088,202611,headcount_event_delta,"Missing complete monthly headcount driver for event-delta allocation: cc=1412000088, month=202611, previous_month=202610, category=headcount_all, missing=current,previous",Provide monthly headcount for both the event month and previous month before using event-delta allocation.
action,1412000091,202611,headcount_event_delta,"Missing complete monthly headcount driver for event-delta allocation: cc=1412000091, month=202611, previous_month=202610, category=headcount_all, missing=current,previous",Provide monthly headcount for both the event month and previous month before using event-delta allocation.
action,1412000092,202611,headcount_event_delta,"Missing complete monthly headcount driver for event-delta allocation: cc=1412000092, month=202611, previous_month=202610, category=headcount_all, missing=current,previous",Provide monthly headcount for both the event month and previous month before using event-delta allocation.
action,1412000093,202611,headcount_event_delta,"Missing complete monthly headcount driver for event-delta allocation: cc=1412000093, month=202611, previous_month=202610, category=headcount_all, missing=current,previous",Provide monthly headcount for both the event month and previous month before using event-delta allocation.
action,1412000094,202611,headcount_event_delta,"Missing complete monthly headcount driver for event-delta allocation: cc=1412000094, month=202611, previous_month=202610, category=headcount_all, missing=current,previous",Provide monthly headcount for both the event month and previous month before using event-delta allocation.
action,1412000096,202611,headcount_event_delta,"Missing complete monthly headcount driver for event-delta allocation: cc=1412000096, month=202611, previous_month=202610, category=headcount_all, missing=current,previous",Provide monthly headcount for both the event month and previous month before using event-delta allocation.
action,1412000098,202611,headcount_event_delta,"Missing complete monthly headcount driver for event-delta allocation: cc=1412000098, month=202611, previous_month=202610, category=headcount_all, missing=current,previous",Provide monthly headcount for both the event month and previous month before using event-delta allocation.
action,1412000099,202611,headcount_event_delta,"Missing complete monthly headcount driver for event-delta allocation: cc=1412000099, month=202611, previous_month=202610, category=headcount_all, missing=current,previous",Provide monthly headcount for both the event month and previous month before using event-delta allocation.
action,1412000101,202611,headcount_event_delta,"Missing complete monthly headcount driver for event-delta allocation: cc=1412000101, month=202611, previous_month=202610, category=headcount_all, missing=current,previous",Provide monthly headcount for both the event month and previous month before using event-delta allocation.
action,1412000100,202611,headcount_event_delta,"Missing complete monthly headcount driver for event-delta allocation: cc=1412000100, month=202611, previous_month=202610, category=headcount_all, missing=current,previous",Provide monthly headcount for both the event month and previous month before using event-delta allocation.
action,1412000103,202611,headcount_event_delta,"Missing complete monthly headcount driver for event-delta allocation: cc=1412000103, month=202611, previous_month=202610, category=headcount_all, missing=current,previous",Provide monthly headcount for both the event month and previous month before using event-delta allocation.
action,1412000105,202611,headcount_event_delta,"Missing complete monthly headcount driver for event-delta allocation: cc=1412000105, month=202611, previous_month=202610, category=headcount_all, missing=current,previous",Provide monthly headcount for both the event month and previous month before using event-delta allocation.
action,1412000075,202611,headcount_event_delta,"Missing complete monthly headcount driver for event-delta allocation: cc=1412000075, month=202611, previous_month=202610, category=headcount_all, missing=current,previous",Provide monthly headcount for both the event month and previous month before using event-delta allocation.
action,1412000106,202611,headcount_event_delta,"Missing complete monthly headcount driver for event-delta allocation: cc=1412000106, month=202611, previous_month=202610, category=headcount_all, missing=current,previous",Provide monthly headcount for both the event month and previous month before using event-delta allocation.
action,1412000039,202611,headcount_event_delta,"Missing complete monthly headcount driver for event-delta allocation: cc=1412000039, month=202611, previous_month=202610, category=headcount_all, missing=current,previous",Provide monthly headcount for both the event month and previous month before using event-delta allocation.
action,1412000108,202611,headcount_event_delta,"Missing complete monthly headcount driver for event-delta allocation: cc=1412000108, month=202611, previous_month=202610, category=headcount_all, missing=current,previous",Provide monthly headcount for both the event month and previous month before using event-delta allocation.
action,1412000005,202612,headcount_event_delta,"Missing complete monthly headcount driver for event-delta allocation: cc=1412000005, month=202612, previous_month=202611, category=headcount_all, missing=current,previous",Provide monthly headcount for both the event month and previous month before using event-delta allocation.
action,1412000062,202612,headcount_event_delta,"Missing complete monthly headcount driver for event-delta allocation: cc=1412000062, month=202612, previous_month=202611, category=headcount_all, missing=current,previous",Provide monthly headcount for both the event month and previous month before using event-delta allocation.
action,1412000034,202612,headcount_event_delta,"Missing complete monthly headcount driver for event-delta allocation: cc=1412000034, month=202612, previous_month=202611, category=headcount_all, missing=current,previous",Provide monthly headcount for both the event month and previous month before using event-delta allocation.
action,1412000048,202612,headcount_event_delta,"Missing complete monthly headcount driver for event-delta allocation: cc=1412000048, month=202612, previous_month=202611, category=headcount_all, missing=current,previous",Provide monthly headcount for both the event month and previous month before using event-delta allocation.
action,1412000055,202612,headcount_event_delta,"Missing complete monthly headcount driver for event-delta allocation: cc=1412000055, month=202612, previous_month=202611, category=headcount_all, missing=current,previous",Provide monthly headcount for both the event month and previous month before using event-delta allocation.
action,1412000050,202612,headcount_event_delta,"Missing complete monthly headcount driver for event-delta allocation: cc=1412000050, month=202612, previous_month=202611, category=headcount_all, missing=current,previous",Provide monthly headcount for both the event month and previous month before using event-delta allocation.
action,1412000077,202612,headcount_event_delta,"Missing complete monthly headcount driver for event-delta allocation: cc=1412000077, month=202612, previous_month=202611, category=headcount_all, missing=current,previous",Provide monthly headcount for both the event month and previous month before using event-delta allocation.
action,1412000053,202612,headcount_event_delta,"Missing complete monthly headcount driver for event-delta allocation: cc=1412000053, month=202612, previous_month=202611, category=headcount_all, missing=current,previous",Provide monthly headcount for both the event month and previous month before using event-delta allocation.
action,1412000008,202612,headcount_event_delta,"Missing complete monthly headcount driver for event-delta allocation: cc=1412000008, month=202612, previous_month=202611, category=headcount_all, missing=current,previous",Provide monthly headcount for both the event month and previous month before using event-delta allocation.
action,1412000010,202612,headcount_event_delta,"Missing complete monthly headcount driver for event-delta allocation: cc=1412000010, month=202612, previous_month=202611, category=headcount_all, missing=current,previous",Provide monthly headcount for both the event month and previous month before using event-delta allocation.
action,1412000054,202612,headcount_event_delta,"Missing complete monthly headcount driver for event-delta allocation: cc=1412000054, month=202612, previous_month=202611, category=headcount_all, missing=current,previous",Provide monthly headcount for both the event month and previous month before using event-delta allocation.
action,1412000036,202612,headcount_event_delta,"Missing complete monthly headcount driver for event-delta allocation: cc=1412000036, month=202612, previous_month=202611, category=headcount_all, missing=current,previous",Provide monthly headcount for both the event month and previous month before using event-delta allocation.
action,1412000089,202612,headcount_event_delta,"Missing complete monthly headcount driver for event-delta allocation: cc=1412000089, month=202612, previous_month=202611, category=headcount_all, missing=current,previous",Provide monthly headcount for both the event month and previous month before using event-delta allocation.
action,1412000013,202612,headcount_event_delta,"Missing complete monthly headcount driver for event-delta allocation: cc=1412000013, month=202612, previous_month=202611, category=headcount_all, missing=current,previous",Provide monthly headcount for both the event month and previous month before using event-delta allocation.
action,1412000080,202612,headcount_event_delta,"Missing complete monthly headcount driver for event-delta allocation: cc=1412000080, month=202612, previous_month=202611, category=headcount_all, missing=current,previous",Provide monthly headcount for both the event month and previous month before using event-delta allocation.
action,1412000044,202612,headcount_event_delta,"Missing complete monthly headcount driver for event-delta allocation: cc=1412000044, month=202612, previous_month=202611, category=headcount_all, missing=current,previous",Provide monthly headcount for both the event month and previous month before using event-delta allocation.
action,1412000056,202612,headcount_event_delta,"Missing complete monthly headcount driver for event-delta allocation: cc=1412000056, month=202612, previous_month=202611, category=headcount_all, missing=current,previous",Provide monthly headcount for both the event month and previous month before using event-delta allocation.
action,1412000018,202612,headcount_event_delta,"Missing complete monthly headcount driver for event-delta allocation: cc=1412000018, month=202612, previous_month=202611, category=headcount_all, missing=current,previous",Provide monthly headcount for both the event month and previous month before using event-delta allocation.
action,1412000019,202612,headcount_event_delta,"Missing complete monthly headcount driver for event-delta allocation: cc=1412000019, month=202612, previous_month=202611, category=headcount_all, missing=current,previous",Provide monthly headcount for both the event month and previous month before using event-delta allocation.
action,1412000058,202612,headcount_event_delta,"Missing complete monthly headcount driver for event-delta allocation: cc=1412000058, month=202612, previous_month=202611, category=headcount_all, missing=current,previous",Provide monthly headcount for both the event month and previous month before using event-delta allocation.
action,1412000042,202612,headcount_event_delta,"Missing complete monthly headcount driver for event-delta allocation: cc=1412000042, month=202612, previous_month=202611, category=headcount_all, missing=current,previous",Provide monthly headcount for both the event month and previous month before using event-delta allocation.
action,1412000021,202612,headcount_event_delta,"Missing complete monthly headcount driver for event-delta allocation: cc=1412000021, month=202612, previous_month=202611, category=headcount_all, missing=current,previous",Provide monthly headcount for both the event month and previous month before using event-delta allocation.
action,1412000022,202612,headcount_event_delta,"Missing complete monthly headcount driver for event-delta allocation: cc=1412000022, month=202612, previous_month=202611, category=headcount_all, missing=current,previous",Provide monthly headcount for both the event month and previous month before using event-delta allocation.
action,1412000024,202612,headcount_event_delta,"Missing complete monthly headcount driver for event-delta allocation: cc=1412000024, month=202612, previous_month=202611, category=headcount_all, missing=current,previous",Provide monthly headcount for both the event month and previous month before using event-delta allocation.
action,1412000025,202612,headcount_event_delta,"Missing complete monthly headcount driver for event-delta allocation: cc=1412000025, month=202612, previous_month=202611, category=headcount_all, missing=current,previous",Provide monthly headcount for both the event month and previous month before using event-delta allocation.
action,1412000026,202612,headcount_event_delta,"Missing complete monthly headcount driver for event-delta allocation: cc=1412000026, month=202612, previous_month=202611, category=headcount_all, missing=current,previous",Provide monthly headcount for both the event month and previous month before using event-delta allocation.
action,1412000028,202612,headcount_event_delta,"Missing complete monthly headcount driver for event-delta allocation: cc=1412000028, month=202612, previous_month=202611, category=headcount_all, missing=current,previous",Provide monthly headcount for both the event month and previous month before using event-delta allocation.
action,1412000029,202612,headcount_event_delta,"Missing complete monthly headcount driver for event-delta allocation: cc=1412000029, month=202612, previous_month=202611, category=headcount_all, missing=current,previous",Provide monthly headcount for both the event month and previous month before using event-delta allocation.
action,1412000030,202612,headcount_event_delta,"Missing complete monthly headcount driver for event-delta allocation: cc=1412000030, month=202612, previous_month=202611, category=headcount_all, missing=current,previous",Provide monthly headcount for both the event month and previous month before using event-delta allocation.
action,1412000086,202612,headcount_event_delta,"Missing complete monthly headcount driver for event-delta allocation: cc=1412000086, month=202612, previous_month=202611, category=headcount_all, missing=current,previous",Provide monthly headcount for both the event month and previous month before using event-delta allocation.
action,1412000063,202612,headcount_event_delta,"Missing complete monthly headcount driver for event-delta allocation: cc=1412000063, month=202612, previous_month=202611, category=headcount_all, missing=current,previous",Provide monthly headcount for both the event month and previous month before using event-delta allocation.
action,1412000066,202612,headcount_event_delta,"Missing complete monthly headcount driver for event-delta allocation: cc=1412000066, month=202612, previous_month=202611, category=headcount_all, missing=current,previous",Provide monthly headcount for both the event month and previous month before using event-delta allocation.
action,1412000035,202612,headcount_event_delta,"Missing complete monthly headcount driver for event-delta allocation: cc=1412000035, month=202612, previous_month=202611, category=headcount_all, missing=current,previous",Provide monthly headcount for both the event month and previous month before using event-delta allocation.
action,1412000016,202612,headcount_event_delta,"Missing complete monthly headcount driver for event-delta allocation: cc=1412000016, month=202612, previous_month=202611, category=headcount_all, missing=current,previous",Provide monthly headcount for both the event month and previous month before using event-delta allocation.
action,1412000069,202612,headcount_event_delta,"Missing complete monthly headcount driver for event-delta allocation: cc=1412000069, month=202612, previous_month=202611, category=headcount_all, missing=current,previous",Provide monthly headcount for both the event month and previous month before using event-delta allocation.
action,1412000070,202612,headcount_event_delta,"Missing complete monthly headcount driver for event-delta allocation: cc=1412000070, month=202612, previous_month=202611, category=headcount_all, missing=current,previous",Provide monthly headcount for both the event month and previous month before using event-delta allocation.
action,1412000072,202612,headcount_event_delta,"Missing complete monthly headcount driver for event-delta allocation: cc=1412000072, month=202612, previous_month=202611, category=headcount_all, missing=current,previous",Provide monthly headcount for both the event month and previous month before using event-delta allocation.
action,1412000073,202612,headcount_event_delta,"Missing complete monthly headcount driver for event-delta allocation: cc=1412000073, month=202612, previous_month=202611, category=headcount_all, missing=current,previous",Provide monthly headcount for both the event month and previous month before using event-delta allocation.
action,1412000104,202612,headcount_event_delta,"Missing complete monthly headcount driver for event-delta allocation: cc=1412000104, month=202612, previous_month=202611, category=headcount_all, missing=current,previous",Provide monthly headcount for both the event month and previous month before using event-delta allocation.
action,1412000057,202612,headcount_event_delta,"Missing complete monthly headcount driver for event-delta allocation: cc=1412000057, month=202612, previous_month=202611, category=headcount_all, missing=current,previous",Provide monthly headcount for both the event month and previous month before using event-delta allocation.
action,1412000078,202612,headcount_event_delta,"Missing complete monthly headcount driver for event-delta allocation: cc=1412000078, month=202612, previous_month=202611, category=headcount_all, missing=current,previous",Provide monthly headcount for both the event month and previous month before using event-delta allocation.
action,1412C00001,202612,headcount_event_delta,"Missing complete monthly headcount driver for event-delta allocation: cc=1412C00001, month=202612, previous_month=202611, category=headcount_all, missing=current,previous",Provide monthly headcount for both the event month and previous month before using event-delta allocation.
action,1412000081,202612,headcount_event_delta,"Missing complete monthly headcount driver for event-delta allocation: cc=1412000081, month=202612, previous_month=202611, category=headcount_all, missing=current,previous",Provide monthly headcount for both the event month and previous month before using event-delta allocation.
action,1412000083,202612,headcount_event_delta,"Missing complete monthly headcount driver for event-delta allocation: cc=1412000083, month=202612, previous_month=202611, category=headcount_all, missing=current,previous",Provide monthly headcount for both the event month and previous month before using event-delta allocation.
action,1412000084,202612,headcount_event_delta,"Missing complete monthly headcount driver for event-delta allocation: cc=1412000084, month=202612, previous_month=202611, category=headcount_all, missing=current,previous",Provide monthly headcount for both the event month and previous month before using event-delta allocation.
action,1412000087,202612,headcount_event_delta,"Missing complete monthly headcount driver for event-delta allocation: cc=1412000087, month=202612, previous_month=202611, category=headcount_all, missing=current,previous",Provide monthly headcount for both the event month and previous month before using event-delta allocation.
action,1412000088,202612,headcount_event_delta,"Missing complete monthly headcount driver for event-delta allocation: cc=1412000088, month=202612, previous_month=202611, category=headcount_all, missing=current,previous",Provide monthly headcount for both the event month and previous month before using event-delta allocation.
action,1412000091,202612,headcount_event_delta,"Missing complete monthly headcount driver for event-delta allocation: cc=1412000091, month=202612, previous_month=202611, category=headcount_all, missing=current,previous",Provide monthly headcount for both the event month and previous month before using event-delta allocation.
action,1412000092,202612,headcount_event_delta,"Missing complete monthly headcount driver for event-delta allocation: cc=1412000092, month=202612, previous_month=202611, category=headcount_all, missing=current,previous",Provide monthly headcount for both the event month and previous month before using event-delta allocation.
action,1412000093,202612,headcount_event_delta,"Missing complete monthly headcount driver for event-delta allocation: cc=1412000093, month=202612, previous_month=202611, category=headcount_all, missing=current,previous",Provide monthly headcount for both the event month and previous month before using event-delta allocation.
action,1412000094,202612,headcount_event_delta,"Missing complete monthly headcount driver for event-delta allocation: cc=1412000094, month=202612, previous_month=202611, category=headcount_all, missing=current,previous",Provide monthly headcount for both the event month and previous month before using event-delta allocation.
action,1412000096,202612,headcount_event_delta,"Missing complete monthly headcount driver for event-delta allocation: cc=1412000096, month=202612, previous_month=202611, category=headcount_all, missing=current,previous",Provide monthly headcount for both the event month and previous month before using event-delta allocation.
action,1412000098,202612,headcount_event_delta,"Missing complete monthly headcount driver for event-delta allocation: cc=1412000098, month=202612, previous_month=202611, category=headcount_all, missing=current,previous",Provide monthly headcount for both the event month and previous month before using event-delta allocation.
action,1412000099,202612,headcount_event_delta,"Missing complete monthly headcount driver for event-delta allocation: cc=1412000099, month=202612, previous_month=202611, category=headcount_all, missing=current,previous",Provide monthly headcount for both the event month and previous month before using event-delta allocation.
action,1412000101,202612,headcount_event_delta,"Missing complete monthly headcount driver for event-delta allocation: cc=1412000101, month=202612, previous_month=202611, category=headcount_all, missing=current,previous",Provide monthly headcount for both the event month and previous month before using event-delta allocation.
action,1412000100,202612,headcount_event_delta,"Missing complete monthly headcount driver for event-delta allocation: cc=1412000100, month=202612, previous_month=202611, category=headcount_all, missing=current,previous",Provide monthly headcount for both the event month and previous month before using event-delta allocation.
action,1412000103,202612,headcount_event_delta,"Missing complete monthly headcount driver for event-delta allocation: cc=1412000103, month=202612, previous_month=202611, category=headcount_all, missing=current,previous",Provide monthly headcount for both the event month and previous month before using event-delta allocation.
action,1412000105,202612,headcount_event_delta,"Missing complete monthly headcount driver for event-delta allocation: cc=1412000105, month=202612, previous_month=202611, category=headcount_all, missing=current,previous",Provide monthly headcount for both the event month and previous month before using event-delta allocation.
action,1412000075,202612,headcount_event_delta,"Missing complete monthly headcount driver for event-delta allocation: cc=1412000075, month=202612, previous_month=202611, category=headcount_all, missing=current,previous",Provide monthly headcount for both the event month and previous month before using event-delta allocation.
action,1412000106,202612,headcount_event_delta,"Missing complete monthly headcount driver for event-delta allocation: cc=1412000106, month=202612, previous_month=202611, category=headcount_all, missing=current,previous",Provide monthly headcount for both the event month and previous month before using event-delta allocation.
action,1412000039,202612,headcount_event_delta,"Missing complete monthly headcount driver for event-delta allocation: cc=1412000039, month=202612, previous_month=202611, category=headcount_all, missing=current,previous",Provide monthly headcount for both the event month and previous month before using event-delta allocation.
action,1412000108,202612,headcount_event_delta,"Missing complete monthly headcount driver for event-delta allocation: cc=1412000108, month=202612, previous_month=202611, category=headcount_all, missing=current,previous",Provide monthly headcount for both the event month and previous month before using event-delta allocation.
action,1412000005,202701,headcount_event_delta,"Missing complete monthly headcount driver for event-delta allocation: cc=1412000005, month=202701, previous_month=202612, category=headcount_all, missing=current,previous",Provide monthly headcount for both the event month and previous month before using event-delta allocation.
action,1412000062,202701,headcount_event_delta,"Missing complete monthly headcount driver for event-delta allocation: cc=1412000062, month=202701, previous_month=202612, category=headcount_all, missing=current,previous",Provide monthly headcount for both the event month and previous month before using event-delta allocation.
action,1412000034,202701,headcount_event_delta,"Missing complete monthly headcount driver for event-delta allocation: cc=1412000034, month=202701, previous_month=202612, category=headcount_all, missing=current,previous",Provide monthly headcount for both the event month and previous month before using event-delta allocation.
action,1412000048,202701,headcount_event_delta,"Missing complete monthly headcount driver for event-delta allocation: cc=1412000048, month=202701, previous_month=202612, category=headcount_all, missing=current,previous",Provide monthly headcount for both the event month and previous month before using event-delta allocation.
action,1412000055,202701,headcount_event_delta,"Missing complete monthly headcount driver for event-delta allocation: cc=1412000055, month=202701, previous_month=202612, category=headcount_all, missing=current,previous",Provide monthly headcount for both the event month and previous month before using event-delta allocation.
action,1412000050,202701,headcount_event_delta,"Missing complete monthly headcount driver for event-delta allocation: cc=1412000050, month=202701, previous_month=202612, category=headcount_all, missing=current,previous",Provide monthly headcount for both the event month and previous month before using event-delta allocation.
action,1412000077,202701,headcount_event_delta,"Missing complete monthly headcount driver for event-delta allocation: cc=1412000077, month=202701, previous_month=202612, category=headcount_all, missing=current,previous",Provide monthly headcount for both the event month and previous month before using event-delta allocation.
action,1412000053,202701,headcount_event_delta,"Missing complete monthly headcount driver for event-delta allocation: cc=1412000053, month=202701, previous_month=202612, category=headcount_all, missing=current,previous",Provide monthly headcount for both the event month and previous month before using event-delta allocation.
action,1412000008,202701,headcount_event_delta,"Missing complete monthly headcount driver for event-delta allocation: cc=1412000008, month=202701, previous_month=202612, category=headcount_all, missing=current,previous",Provide monthly headcount for both the event month and previous month before using event-delta allocation.
action,1412000010,202701,headcount_event_delta,"Missing complete monthly headcount driver for event-delta allocation: cc=1412000010, month=202701, previous_month=202612, category=headcount_all, missing=current,previous",Provide monthly headcount for both the event month and previous month before using event-delta allocation.
action,1412000054,202701,headcount_event_delta,"Missing complete monthly headcount driver for event-delta allocation: cc=1412000054, month=202701, previous_month=202612, category=headcount_all, missing=current,previous",Provide monthly headcount for both the event month and previous month before using event-delta allocation.
action,1412000036,202701,headcount_event_delta,"Missing complete monthly headcount driver for event-delta allocation: cc=1412000036, month=202701, previous_month=202612, category=headcount_all, missing=current,previous",Provide monthly headcount for both the event month and previous month before using event-delta allocation.
action,1412000089,202701,headcount_event_delta,"Missing complete monthly headcount driver for event-delta allocation: cc=1412000089, month=202701, previous_month=202612, category=headcount_all, missing=current,previous",Provide monthly headcount for both the event month and previous month before using event-delta allocation.
action,1412000013,202701,headcount_event_delta,"Missing complete monthly headcount driver for event-delta allocation: cc=1412000013, month=202701, previous_month=202612, category=headcount_all, missing=current,previous",Provide monthly headcount for both the event month and previous month before using event-delta allocation.
action,1412000080,202701,headcount_event_delta,"Missing complete monthly headcount driver for event-delta allocation: cc=1412000080, month=202701, previous_month=202612, category=headcount_all, missing=current,previous",Provide monthly headcount for both the event month and previous month before using event-delta allocation.
action,1412000044,202701,headcount_event_delta,"Missing complete monthly headcount driver for event-delta allocation: cc=1412000044, month=202701, previous_month=202612, category=headcount_all, missing=current,previous",Provide monthly headcount for both the event month and previous month before using event-delta allocation.
action,1412000056,202701,headcount_event_delta,"Missing complete monthly headcount driver for event-delta allocation: cc=1412000056, month=202701, previous_month=202612, category=headcount_all, missing=current,previous",Provide monthly headcount for both the event month and previous month before using event-delta allocation.
action,1412000018,202701,headcount_event_delta,"Missing complete monthly headcount driver for event-delta allocation: cc=1412000018, month=202701, previous_month=202612, category=headcount_all, missing=current,previous",Provide monthly headcount for both the event month and previous month before using event-delta allocation.
action,1412000019,202701,headcount_event_delta,"Missing complete monthly headcount driver for event-delta allocation: cc=1412000019, month=202701, previous_month=202612, category=headcount_all, missing=current,previous",Provide monthly headcount for both the event month and previous month before using event-delta allocation.
action,1412000058,202701,headcount_event_delta,"Missing complete monthly headcount driver for event-delta allocation: cc=1412000058, month=202701, previous_month=202612, category=headcount_all, missing=current,previous",Provide monthly headcount for both the event month and previous month before using event-delta allocation.
action,1412000042,202701,headcount_event_delta,"Missing complete monthly headcount driver for event-delta allocation: cc=1412000042, month=202701, previous_month=202612, category=headcount_all, missing=current,previous",Provide monthly headcount for both the event month and previous month before using event-delta allocation.
action,1412000021,202701,headcount_event_delta,"Missing complete monthly headcount driver for event-delta allocation: cc=1412000021, month=202701, previous_month=202612, category=headcount_all, missing=current,previous",Provide monthly headcount for both the event month and previous month before using event-delta allocation.
action,1412000022,202701,headcount_event_delta,"Missing complete monthly headcount driver for event-delta allocation: cc=1412000022, month=202701, previous_month=202612, category=headcount_all, missing=current,previous",Provide monthly headcount for both the event month and previous month before using event-delta allocation.
action,1412000024,202701,headcount_event_delta,"Missing complete monthly headcount driver for event-delta allocation: cc=1412000024, month=202701, previous_month=202612, category=headcount_all, missing=current,previous",Provide monthly headcount for both the event month and previous month before using event-delta allocation.
action,1412000025,202701,headcount_event_delta,"Missing complete monthly headcount driver for event-delta allocation: cc=1412000025, month=202701, previous_month=202612, category=headcount_all, missing=current,previous",Provide monthly headcount for both the event month and previous month before using event-delta allocation.
action,1412000026,202701,headcount_event_delta,"Missing complete monthly headcount driver for event-delta allocation: cc=1412000026, month=202701, previous_month=202612, category=headcount_all, missing=current,previous",Provide monthly headcount for both the event month and previous month before using event-delta allocation.
action,1412000028,202701,headcount_event_delta,"Missing complete monthly headcount driver for event-delta allocation: cc=1412000028, month=202701, previous_month=202612, category=headcount_all, missing=current,previous",Provide monthly headcount for both the event month and previous month before using event-delta allocation.
action,1412000029,202701,headcount_event_delta,"Missing complete monthly headcount driver for event-delta allocation: cc=1412000029, month=202701, previous_month=202612, category=headcount_all, missing=current,previous",Provide monthly headcount for both the event month and previous month before using event-delta allocation.
action,1412000030,202701,headcount_event_delta,"Missing complete monthly headcount driver for event-delta allocation: cc=1412000030, month=202701, previous_month=202612, category=headcount_all, missing=current,previous",Provide monthly headcount for both the event month and previous month before using event-delta allocation.
action,1412000086,202701,headcount_event_delta,"Missing complete monthly headcount driver for event-delta allocation: cc=1412000086, month=202701, previous_month=202612, category=headcount_all, missing=current,previous",Provide monthly headcount for both the event month and previous month before using event-delta allocation.
action,1412000063,202701,headcount_event_delta,"Missing complete monthly headcount driver for event-delta allocation: cc=1412000063, month=202701, previous_month=202612, category=headcount_all, missing=current,previous",Provide monthly headcount for both the event month and previous month before using event-delta allocation.
action,1412000066,202701,headcount_event_delta,"Missing complete monthly headcount driver for event-delta allocation: cc=1412000066, month=202701, previous_month=202612, category=headcount_all, missing=current,previous",Provide monthly headcount for both the event month and previous month before using event-delta allocation.
action,1412000035,202701,headcount_event_delta,"Missing complete monthly headcount driver for event-delta allocation: cc=1412000035, month=202701, previous_month=202612, category=headcount_all, missing=current,previous",Provide monthly headcount for both the event month and previous month before using event-delta allocation.
action,1412000016,202701,headcount_event_delta,"Missing complete monthly headcount driver for event-delta allocation: cc=1412000016, month=202701, previous_month=202612, category=headcount_all, missing=current,previous",Provide monthly headcount for both the event month and previous month before using event-delta allocation.
action,1412000069,202701,headcount_event_delta,"Missing complete monthly headcount driver for event-delta allocation: cc=1412000069, month=202701, previous_month=202612, category=headcount_all, missing=current,previous",Provide monthly headcount for both the event month and previous month before using event-delta allocation.
action,1412000070,202701,headcount_event_delta,"Missing complete monthly headcount driver for event-delta allocation: cc=1412000070, month=202701, previous_month=202612, category=headcount_all, missing=current,previous",Provide monthly headcount for both the event month and previous month before using event-delta allocation.
action,1412000072,202701,headcount_event_delta,"Missing complete monthly headcount driver for event-delta allocation: cc=1412000072, month=202701, previous_month=202612, category=headcount_all, missing=current,previous",Provide monthly headcount for both the event month and previous month before using event-delta allocation.
action,1412000073,202701,headcount_event_delta,"Missing complete monthly headcount driver for event-delta allocation: cc=1412000073, month=202701, previous_month=202612, category=headcount_all, missing=current,previous",Provide monthly headcount for both the event month and previous month before using event-delta allocation.
action,1412000104,202701,headcount_event_delta,"Missing complete monthly headcount driver for event-delta allocation: cc=1412000104, month=202701, previous_month=202612, category=headcount_all, missing=current,previous",Provide monthly headcount for both the event month and previous month before using event-delta allocation.
action,1412000057,202701,headcount_event_delta,"Missing complete monthly headcount driver for event-delta allocation: cc=1412000057, month=202701, previous_month=202612, category=headcount_all, missing=current,previous",Provide monthly headcount for both the event month and previous month before using event-delta allocation.
action,1412000078,202701,headcount_event_delta,"Missing complete monthly headcount driver for event-delta allocation: cc=1412000078, month=202701, previous_month=202612, category=headcount_all, missing=current,previous",Provide monthly headcount for both the event month and previous month before using event-delta allocation.
action,1412C00001,202701,headcount_event_delta,"Missing complete monthly headcount driver for event-delta allocation: cc=1412C00001, month=202701, previous_month=202612, category=headcount_all, missing=current,previous",Provide monthly headcount for both the event month and previous month before using event-delta allocation.
action,1412000081,202701,headcount_event_delta,"Missing complete monthly headcount driver for event-delta allocation: cc=1412000081, month=202701, previous_month=202612, category=headcount_all, missing=current,previous",Provide monthly headcount for both the event month and previous month before using event-delta allocation.
action,1412000083,202701,headcount_event_delta,"Missing complete monthly headcount driver for event-delta allocation: cc=1412000083, month=202701, previous_month=202612, category=headcount_all, missing=current,previous",Provide monthly headcount for both the event month and previous month before using event-delta allocation.
action,1412000084,202701,headcount_event_delta,"Missing complete monthly headcount driver for event-delta allocation: cc=1412000084, month=202701, previous_month=202612, category=headcount_all, missing=current,previous",Provide monthly headcount for both the event month and previous month before using event-delta allocation.
action,1412000087,202701,headcount_event_delta,"Missing complete monthly headcount driver for event-delta allocation: cc=1412000087, month=202701, previous_month=202612, category=headcount_all, missing=current,previous",Provide monthly headcount for both the event month and previous month before using event-delta allocation.
action,1412000088,202701,headcount_event_delta,"Missing complete monthly headcount driver for event-delta allocation: cc=1412000088, month=202701, previous_month=202612, category=headcount_all, missing=current,previous",Provide monthly headcount for both the event month and previous month before using event-delta allocation.
action,1412000091,202701,headcount_event_delta,"Missing complete monthly headcount driver for event-delta allocation: cc=1412000091, month=202701, previous_month=202612, category=headcount_all, missing=current,previous",Provide monthly headcount for both the event month and previous month before using event-delta allocation.
action,1412000092,202701,headcount_event_delta,"Missing complete monthly headcount driver for event-delta allocation: cc=1412000092, month=202701, previous_month=202612, category=headcount_all, missing=current,previous",Provide monthly headcount for both the event month and previous month before using event-delta allocation.
action,1412000093,202701,headcount_event_delta,"Missing complete monthly headcount driver for event-delta allocation: cc=1412000093, month=202701, previous_month=202612, category=headcount_all, missing=current,previous",Provide monthly headcount for both the event month and previous month before using event-delta allocation.
action,1412000094,202701,headcount_event_delta,"Missing complete monthly headcount driver for event-delta allocation: cc=1412000094, month=202701, previous_month=202612, category=headcount_all, missing=current,previous",Provide monthly headcount for both the event month and previous month before using event-delta allocation.
action,1412000096,202701,headcount_event_delta,"Missing complete monthly headcount driver for event-delta allocation: cc=1412000096, month=202701, previous_month=202612, category=headcount_all, missing=current,previous",Provide monthly headcount for both the event month and previous month before using event-delta allocation.
action,1412000098,202701,headcount_event_delta,"Missing complete monthly headcount driver for event-delta allocation: cc=1412000098, month=202701, previous_month=202612, category=headcount_all, missing=current,previous",Provide monthly headcount for both the event month and previous month before using event-delta allocation.
action,1412000099,202701,headcount_event_delta,"Missing complete monthly headcount driver for event-delta allocation: cc=1412000099, month=202701, previous_month=202612, category=headcount_all, missing=current,previous",Provide monthly headcount for both the event month and previous month before using event-delta allocation.
action,1412000101,202701,headcount_event_delta,"Missing complete monthly headcount driver for event-delta allocation: cc=1412000101, month=202701, previous_month=202612, category=headcount_all, missing=current,previous",Provide monthly headcount for both the event month and previous month before using event-delta allocation.
action,1412000100,202701,headcount_event_delta,"Missing complete monthly headcount driver for event-delta allocation: cc=1412000100, month=202701, previous_month=202612, category=headcount_all, missing=current,previous",Provide monthly headcount for both the event month and previous month before using event-delta allocation.
action,1412000103,202701,headcount_event_delta,"Missing complete monthly headcount driver for event-delta allocation: cc=1412000103, month=202701, previous_month=202612, category=headcount_all, missing=current,previous",Provide monthly headcount for both the event month and previous month before using event-delta allocation.
action,1412000105,202701,headcount_event_delta,"Missing complete monthly headcount driver for event-delta allocation: cc=1412000105, month=202701, previous_month=202612, category=headcount_all, missing=current,previous",Provide monthly headcount for both the event month and previous month before using event-delta allocation.
action,1412000075,202701,headcount_event_delta,"Missing complete monthly headcount driver for event-delta allocation: cc=1412000075, month=202701, previous_month=202612, category=headcount_all, missing=current,previous",Provide monthly headcount for both the event month and previous month before using event-delta allocation.
action,1412000106,202701,headcount_event_delta,"Missing complete monthly headcount driver for event-delta allocation: cc=1412000106, month=202701, previous_month=202612, category=headcount_all, missing=current,previous",Provide monthly headcount for both the event month and previous month before using event-delta allocation.
action,1412000039,202701,headcount_event_delta,"Missing complete monthly headcount driver for event-delta allocation: cc=1412000039, month=202701, previous_month=202612, category=headcount_all, missing=current,previous",Provide monthly headcount for both the event month and previous month before using event-delta allocation.
action,1412000108,202701,headcount_event_delta,"Missing complete monthly headcount driver for event-delta allocation: cc=1412000108, month=202701, previous_month=202612, category=headcount_all, missing=current,previous",Provide monthly headcount for both the event month and previous month before using event-delta allocation.
action,1412000005,202702,headcount_event_delta,"Missing complete monthly headcount driver for event-delta allocation: cc=1412000005, month=202702, previous_month=202701, category=headcount_all, missing=current,previous",Provide monthly headcount for both the event month and previous month before using event-delta allocation.
action,1412000062,202702,headcount_event_delta,"Missing complete monthly headcount driver for event-delta allocation: cc=1412000062, month=202702, previous_month=202701, category=headcount_all, missing=current,previous",Provide monthly headcount for both the event month and previous month before using event-delta allocation.
action,1412000034,202702,headcount_event_delta,"Missing complete monthly headcount driver for event-delta allocation: cc=1412000034, month=202702, previous_month=202701, category=headcount_all, missing=current,previous",Provide monthly headcount for both the event month and previous month before using event-delta allocation.
action,1412000048,202702,headcount_event_delta,"Missing complete monthly headcount driver for event-delta allocation: cc=1412000048, month=202702, previous_month=202701, category=headcount_all, missing=current,previous",Provide monthly headcount for both the event month and previous month before using event-delta allocation.
action,1412000055,202702,headcount_event_delta,"Missing complete monthly headcount driver for event-delta allocation: cc=1412000055, month=202702, previous_month=202701, category=headcount_all, missing=current,previous",Provide monthly headcount for both the event month and previous month before using event-delta allocation.
action,1412000050,202702,headcount_event_delta,"Missing complete monthly headcount driver for event-delta allocation: cc=1412000050, month=202702, previous_month=202701, category=headcount_all, missing=current,previous",Provide monthly headcount for both the event month and previous month before using event-delta allocation.
action,1412000077,202702,headcount_event_delta,"Missing complete monthly headcount driver for event-delta allocation: cc=1412000077, month=202702, previous_month=202701, category=headcount_all, missing=current,previous",Provide monthly headcount for both the event month and previous month before using event-delta allocation.
action,1412000053,202702,headcount_event_delta,"Missing complete monthly headcount driver for event-delta allocation: cc=1412000053, month=202702, previous_month=202701, category=headcount_all, missing=current,previous",Provide monthly headcount for both the event month and previous month before using event-delta allocation.
action,1412000008,202702,headcount_event_delta,"Missing complete monthly headcount driver for event-delta allocation: cc=1412000008, month=202702, previous_month=202701, category=headcount_all, missing=current,previous",Provide monthly headcount for both the event month and previous month before using event-delta allocation.
action,1412000010,202702,headcount_event_delta,"Missing complete monthly headcount driver for event-delta allocation: cc=1412000010, month=202702, previous_month=202701, category=headcount_all, missing=current,previous",Provide monthly headcount for both the event month and previous month before using event-delta allocation.
action,1412000054,202702,headcount_event_delta,"Missing complete monthly headcount driver for event-delta allocation: cc=1412000054, month=202702, previous_month=202701, category=headcount_all, missing=current,previous",Provide monthly headcount for both the event month and previous month before using event-delta allocation.
action,1412000036,202702,headcount_event_delta,"Missing complete monthly headcount driver for event-delta allocation: cc=1412000036, month=202702, previous_month=202701, category=headcount_all, missing=current,previous",Provide monthly headcount for both the event month and previous month before using event-delta allocation.
action,1412000089,202702,headcount_event_delta,"Missing complete monthly headcount driver for event-delta allocation: cc=1412000089, month=202702, previous_month=202701, category=headcount_all, missing=current,previous",Provide monthly headcount for both the event month and previous month before using event-delta allocation.
action,1412000013,202702,headcount_event_delta,"Missing complete monthly headcount driver for event-delta allocation: cc=1412000013, month=202702, previous_month=202701, category=headcount_all, missing=current,previous",Provide monthly headcount for both the event month and previous month before using event-delta allocation.
action,1412000080,202702,headcount_event_delta,"Missing complete monthly headcount driver for event-delta allocation: cc=1412000080, month=202702, previous_month=202701, category=headcount_all, missing=current,previous",Provide monthly headcount for both the event month and previous month before using event-delta allocation.
action,1412000044,202702,headcount_event_delta,"Missing complete monthly headcount driver for event-delta allocation: cc=1412000044, month=202702, previous_month=202701, category=headcount_all, missing=current,previous",Provide monthly headcount for both the event month and previous month before using event-delta allocation.
action,1412000056,202702,headcount_event_delta,"Missing complete monthly headcount driver for event-delta allocation: cc=1412000056, month=202702, previous_month=202701, category=headcount_all, missing=current,previous",Provide monthly headcount for both the event month and previous month before using event-delta allocation.
action,1412000018,202702,headcount_event_delta,"Missing complete monthly headcount driver for event-delta allocation: cc=1412000018, month=202702, previous_month=202701, category=headcount_all, missing=current,previous",Provide monthly headcount for both the event month and previous month before using event-delta allocation.
action,1412000019,202702,headcount_event_delta,"Missing complete monthly headcount driver for event-delta allocation: cc=1412000019, month=202702, previous_month=202701, category=headcount_all, missing=current,previous",Provide monthly headcount for both the event month and previous month before using event-delta allocation.
action,1412000058,202702,headcount_event_delta,"Missing complete monthly headcount driver for event-delta allocation: cc=1412000058, month=202702, previous_month=202701, category=headcount_all, missing=current,previous",Provide monthly headcount for both the event month and previous month before using event-delta allocation.
action,1412000042,202702,headcount_event_delta,"Missing complete monthly headcount driver for event-delta allocation: cc=1412000042, month=202702, previous_month=202701, category=headcount_all, missing=current,previous",Provide monthly headcount for both the event month and previous month before using event-delta allocation.
action,1412000021,202702,headcount_event_delta,"Missing complete monthly headcount driver for event-delta allocation: cc=1412000021, month=202702, previous_month=202701, category=headcount_all, missing=current,previous",Provide monthly headcount for both the event month and previous month before using event-delta allocation.
action,1412000022,202702,headcount_event_delta,"Missing complete monthly headcount driver for event-delta allocation: cc=1412000022, month=202702, previous_month=202701, category=headcount_all, missing=current,previous",Provide monthly headcount for both the event month and previous month before using event-delta allocation.
action,1412000024,202702,headcount_event_delta,"Missing complete monthly headcount driver for event-delta allocation: cc=1412000024, month=202702, previous_month=202701, category=headcount_all, missing=current,previous",Provide monthly headcount for both the event month and previous month before using event-delta allocation.
action,1412000025,202702,headcount_event_delta,"Missing complete monthly headcount driver for event-delta allocation: cc=1412000025, month=202702, previous_month=202701, category=headcount_all, missing=current,previous",Provide monthly headcount for both the event month and previous month before using event-delta allocation.
action,1412000026,202702,headcount_event_delta,"Missing complete monthly headcount driver for event-delta allocation: cc=1412000026, month=202702, previous_month=202701, category=headcount_all, missing=current,previous",Provide monthly headcount for both the event month and previous month before using event-delta allocation.
action,1412000028,202702,headcount_event_delta,"Missing complete monthly headcount driver for event-delta allocation: cc=1412000028, month=202702, previous_month=202701, category=headcount_all, missing=current,previous",Provide monthly headcount for both the event month and previous month before using event-delta allocation.
action,1412000029,202702,headcount_event_delta,"Missing complete monthly headcount driver for event-delta allocation: cc=1412000029, month=202702, previous_month=202701, category=headcount_all, missing=current,previous",Provide monthly headcount for both the event month and previous month before using event-delta allocation.
action,1412000030,202702,headcount_event_delta,"Missing complete monthly headcount driver for event-delta allocation: cc=1412000030, month=202702, previous_month=202701, category=headcount_all, missing=current,previous",Provide monthly headcount for both the event month and previous month before using event-delta allocation.
action,1412000086,202702,headcount_event_delta,"Missing complete monthly headcount driver for event-delta allocation: cc=1412000086, month=202702, previous_month=202701, category=headcount_all, missing=current,previous",Provide monthly headcount for both the event month and previous month before using event-delta allocation.
action,1412000063,202702,headcount_event_delta,"Missing complete monthly headcount driver for event-delta allocation: cc=1412000063, month=202702, previous_month=202701, category=headcount_all, missing=current,previous",Provide monthly headcount for both the event month and previous month before using event-delta allocation.
action,1412000066,202702,headcount_event_delta,"Missing complete monthly headcount driver for event-delta allocation: cc=1412000066, month=202702, previous_month=202701, category=headcount_all, missing=current,previous",Provide monthly headcount for both the event month and previous month before using event-delta allocation.
action,1412000035,202702,headcount_event_delta,"Missing complete monthly headcount driver for event-delta allocation: cc=1412000035, month=202702, previous_month=202701, category=headcount_all, missing=current,previous",Provide monthly headcount for both the event month and previous month before using event-delta allocation.
action,1412000016,202702,headcount_event_delta,"Missing complete monthly headcount driver for event-delta allocation: cc=1412000016, month=202702, previous_month=202701, category=headcount_all, missing=current,previous",Provide monthly headcount for both the event month and previous month before using event-delta allocation.
action,1412000069,202702,headcount_event_delta,"Missing complete monthly headcount driver for event-delta allocation: cc=1412000069, month=202702, previous_month=202701, category=headcount_all, missing=current,previous",Provide monthly headcount for both the event month and previous month before using event-delta allocation.
action,1412000070,202702,headcount_event_delta,"Missing complete monthly headcount driver for event-delta allocation: cc=1412000070, month=202702, previous_month=202701, category=headcount_all, missing=current,previous",Provide monthly headcount for both the event month and previous month before using event-delta allocation.
action,1412000072,202702,headcount_event_delta,"Missing complete monthly headcount driver for event-delta allocation: cc=1412000072, month=202702, previous_month=202701, category=headcount_all, missing=current,previous",Provide monthly headcount for both the event month and previous month before using event-delta allocation.
action,1412000073,202702,headcount_event_delta,"Missing complete monthly headcount driver for event-delta allocation: cc=1412000073, month=202702, previous_month=202701, category=headcount_all, missing=current,previous",Provide monthly headcount for both the event month and previous month before using event-delta allocation.
action,1412000104,202702,headcount_event_delta,"Missing complete monthly headcount driver for event-delta allocation: cc=1412000104, month=202702, previous_month=202701, category=headcount_all, missing=current,previous",Provide monthly headcount for both the event month and previous month before using event-delta allocation.
action,1412000057,202702,headcount_event_delta,"Missing complete monthly headcount driver for event-delta allocation: cc=1412000057, month=202702, previous_month=202701, category=headcount_all, missing=current,previous",Provide monthly headcount for both the event month and previous month before using event-delta allocation.
action,1412000078,202702,headcount_event_delta,"Missing complete monthly headcount driver for event-delta allocation: cc=1412000078, month=202702, previous_month=202701, category=headcount_all, missing=current,previous",Provide monthly headcount for both the event month and previous month before using event-delta allocation.
action,1412C00001,202702,headcount_event_delta,"Missing complete monthly headcount driver for event-delta allocation: cc=1412C00001, month=202702, previous_month=202701, category=headcount_all, missing=current,previous",Provide monthly headcount for both the event month and previous month before using event-delta allocation.
action,1412000081,202702,headcount_event_delta,"Missing complete monthly headcount driver for event-delta allocation: cc=1412000081, month=202702, previous_month=202701, category=headcount_all, missing=current,previous",Provide monthly headcount for both the event month and previous month before using event-delta allocation.
action,1412000083,202702,headcount_event_delta,"Missing complete monthly headcount driver for event-delta allocation: cc=1412000083, month=202702, previous_month=202701, category=headcount_all, missing=current,previous",Provide monthly headcount for both the event month and previous month before using event-delta allocation.
action,1412000084,202702,headcount_event_delta,"Missing complete monthly headcount driver for event-delta allocation: cc=1412000084, month=202702, previous_month=202701, category=headcount_all, missing=current,previous",Provide monthly headcount for both the event month and previous month before using event-delta allocation.
action,1412000087,202702,headcount_event_delta,"Missing complete monthly headcount driver for event-delta allocation: cc=1412000087, month=202702, previous_month=202701, category=headcount_all, missing=current,previous",Provide monthly headcount for both the event month and previous month before using event-delta allocation.
action,1412000088,202702,headcount_event_delta,"Missing complete monthly headcount driver for event-delta allocation: cc=1412000088, month=202702, previous_month=202701, category=headcount_all, missing=current,previous",Provide monthly headcount for both the event month and previous month before using event-delta allocation.
action,1412000091,202702,headcount_event_delta,"Missing complete monthly headcount driver for event-delta allocation: cc=1412000091, month=202702, previous_month=202701, category=headcount_all, missing=current,previous",Provide monthly headcount for both the event month and previous month before using event-delta allocation.
action,1412000092,202702,headcount_event_delta,"Missing complete monthly headcount driver for event-delta allocation: cc=1412000092, month=202702, previous_month=202701, category=headcount_all, missing=current,previous",Provide monthly headcount for both the event month and previous month before using event-delta allocation.
action,1412000093,202702,headcount_event_delta,"Missing complete monthly headcount driver for event-delta allocation: cc=1412000093, month=202702, previous_month=202701, category=headcount_all, missing=current,previous",Provide monthly headcount for both the event month and previous month before using event-delta allocation.
action,1412000094,202702,headcount_event_delta,"Missing complete monthly headcount driver for event-delta allocation: cc=1412000094, month=202702, previous_month=202701, category=headcount_all, missing=current,previous",Provide monthly headcount for both the event month and previous month before using event-delta allocation.
action,1412000096,202702,headcount_event_delta,"Missing complete monthly headcount driver for event-delta allocation: cc=1412000096, month=202702, previous_month=202701, category=headcount_all, missing=current,previous",Provide monthly headcount for both the event month and previous month before using event-delta allocation.
action,1412000098,202702,headcount_event_delta,"Missing complete monthly headcount driver for event-delta allocation: cc=1412000098, month=202702, previous_month=202701, category=headcount_all, missing=current,previous",Provide monthly headcount for both the event month and previous month before using event-delta allocation.
action,1412000099,202702,headcount_event_delta,"Missing complete monthly headcount driver for event-delta allocation: cc=1412000099, month=202702, previous_month=202701, category=headcount_all, missing=current,previous",Provide monthly headcount for both the event month and previous month before using event-delta allocation.
action,1412000101,202702,headcount_event_delta,"Missing complete monthly headcount driver for event-delta allocation: cc=1412000101, month=202702, previous_month=202701, category=headcount_all, missing=current,previous",Provide monthly headcount for both the event month and previous month before using event-delta allocation.
action,1412000100,202702,headcount_event_delta,"Missing complete monthly headcount driver for event-delta allocation: cc=1412000100, month=202702, previous_month=202701, category=headcount_all, missing=current,previous",Provide monthly headcount for both the event month and previous month before using event-delta allocation.
action,1412000103,202702,headcount_event_delta,"Missing complete monthly headcount driver for event-delta allocation: cc=1412000103, month=202702, previous_month=202701, category=headcount_all, missing=current,previous",Provide monthly headcount for both the event month and previous month before using event-delta allocation.
action,1412000105,202702,headcount_event_delta,"Missing complete monthly headcount driver for event-delta allocation: cc=1412000105, month=202702, previous_month=202701, category=headcount_all, missing=current,previous",Provide monthly headcount for both the event month and previous month before using event-delta allocation.
action,1412000075,202702,headcount_event_delta,"Missing complete monthly headcount driver for event-delta allocation: cc=1412000075, month=202702, previous_month=202701, category=headcount_all, missing=current,previous",Provide monthly headcount for both the event month and previous month before using event-delta allocation.
action,1412000106,202702,headcount_event_delta,"Missing complete monthly headcount driver for event-delta allocation: cc=1412000106, month=202702, previous_month=202701, category=headcount_all, missing=current,previous",Provide monthly headcount for both the event month and previous month before using event-delta allocation.
action,1412000039,202702,headcount_event_delta,"Missing complete monthly headcount driver for event-delta allocation: cc=1412000039, month=202702, previous_month=202701, category=headcount_all, missing=current,previous",Provide monthly headcount for both the event month and previous month before using event-delta allocation.
action,1412000108,202702,headcount_event_delta,"Missing complete monthly headcount driver for event-delta allocation: cc=1412000108, month=202702, previous_month=202701, category=headcount_all, missing=current,previous",Provide monthly headcount for both the event month and previous month before using event-delta allocation.
action,1412000005,202703,headcount_event_delta,"Missing complete monthly headcount driver for event-delta allocation: cc=1412000005, month=202703, previous_month=202702, category=headcount_all, missing=current,previous",Provide monthly headcount for both the event month and previous month before using event-delta allocation.
action,1412000062,202703,headcount_event_delta,"Missing complete monthly headcount driver for event-delta allocation: cc=1412000062, month=202703, previous_month=202702, category=headcount_all, missing=current,previous",Provide monthly headcount for both the event month and previous month before using event-delta allocation.
action,1412000034,202703,headcount_event_delta,"Missing complete monthly headcount driver for event-delta allocation: cc=1412000034, month=202703, previous_month=202702, category=headcount_all, missing=current,previous",Provide monthly headcount for both the event month and previous month before using event-delta allocation.
action,1412000048,202703,headcount_event_delta,"Missing complete monthly headcount driver for event-delta allocation: cc=1412000048, month=202703, previous_month=202702, category=headcount_all, missing=current,previous",Provide monthly headcount for both the event month and previous month before using event-delta allocation.
action,1412000055,202703,headcount_event_delta,"Missing complete monthly headcount driver for event-delta allocation: cc=1412000055, month=202703, previous_month=202702, category=headcount_all, missing=current,previous",Provide monthly headcount for both the event month and previous month before using event-delta allocation.
action,1412000050,202703,headcount_event_delta,"Missing complete monthly headcount driver for event-delta allocation: cc=1412000050, month=202703, previous_month=202702, category=headcount_all, missing=current,previous",Provide monthly headcount for both the event month and previous month before using event-delta allocation.
action,1412000077,202703,headcount_event_delta,"Missing complete monthly headcount driver for event-delta allocation: cc=1412000077, month=202703, previous_month=202702, category=headcount_all, missing=current,previous",Provide monthly headcount for both the event month and previous month before using event-delta allocation.
action,1412000053,202703,headcount_event_delta,"Missing complete monthly headcount driver for event-delta allocation: cc=1412000053, month=202703, previous_month=202702, category=headcount_all, missing=current,previous",Provide monthly headcount for both the event month and previous month before using event-delta allocation.
action,1412000008,202703,headcount_event_delta,"Missing complete monthly headcount driver for event-delta allocation: cc=1412000008, month=202703, previous_month=202702, category=headcount_all, missing=current,previous",Provide monthly headcount for both the event month and previous month before using event-delta allocation.
action,1412000010,202703,headcount_event_delta,"Missing complete monthly headcount driver for event-delta allocation: cc=1412000010, month=202703, previous_month=202702, category=headcount_all, missing=current,previous",Provide monthly headcount for both the event month and previous month before using event-delta allocation.
action,1412000054,202703,headcount_event_delta,"Missing complete monthly headcount driver for event-delta allocation: cc=1412000054, month=202703, previous_month=202702, category=headcount_all, missing=current,previous",Provide monthly headcount for both the event month and previous month before using event-delta allocation.
action,1412000036,202703,headcount_event_delta,"Missing complete monthly headcount driver for event-delta allocation: cc=1412000036, month=202703, previous_month=202702, category=headcount_all, missing=current,previous",Provide monthly headcount for both the event month and previous month before using event-delta allocation.
action,1412000089,202703,headcount_event_delta,"Missing complete monthly headcount driver for event-delta allocation: cc=1412000089, month=202703, previous_month=202702, category=headcount_all, missing=current,previous",Provide monthly headcount for both the event month and previous month before using event-delta allocation.
action,1412000013,202703,headcount_event_delta,"Missing complete monthly headcount driver for event-delta allocation: cc=1412000013, month=202703, previous_month=202702, category=headcount_all, missing=current,previous",Provide monthly headcount for both the event month and previous month before using event-delta allocation.
action,1412000080,202703,headcount_event_delta,"Missing complete monthly headcount driver for event-delta allocation: cc=1412000080, month=202703, previous_month=202702, category=headcount_all, missing=current,previous",Provide monthly headcount for both the event month and previous month before using event-delta allocation.
action,1412000044,202703,headcount_event_delta,"Missing complete monthly headcount driver for event-delta allocation: cc=1412000044, month=202703, previous_month=202702, category=headcount_all, missing=current,previous",Provide monthly headcount for both the event month and previous month before using event-delta allocation.
action,1412000056,202703,headcount_event_delta,"Missing complete monthly headcount driver for event-delta allocation: cc=1412000056, month=202703, previous_month=202702, category=headcount_all, missing=current,previous",Provide monthly headcount for both the event month and previous month before using event-delta allocation.
action,1412000018,202703,headcount_event_delta,"Missing complete monthly headcount driver for event-delta allocation: cc=1412000018, month=202703, previous_month=202702, category=headcount_all, missing=current,previous",Provide monthly headcount for both the event month and previous month before using event-delta allocation.
action,1412000019,202703,headcount_event_delta,"Missing complete monthly headcount driver for event-delta allocation: cc=1412000019, month=202703, previous_month=202702, category=headcount_all, missing=current,previous",Provide monthly headcount for both the event month and previous month before using event-delta allocation.
action,1412000058,202703,headcount_event_delta,"Missing complete monthly headcount driver for event-delta allocation: cc=1412000058, month=202703, previous_month=202702, category=headcount_all, missing=current,previous",Provide monthly headcount for both the event month and previous month before using event-delta allocation.
action,1412000042,202703,headcount_event_delta,"Missing complete monthly headcount driver for event-delta allocation: cc=1412000042, month=202703, previous_month=202702, category=headcount_all, missing=current,previous",Provide monthly headcount for both the event month and previous month before using event-delta allocation.
action,1412000021,202703,headcount_event_delta,"Missing complete monthly headcount driver for event-delta allocation: cc=1412000021, month=202703, previous_month=202702, category=headcount_all, missing=current,previous",Provide monthly headcount for both the event month and previous month before using event-delta allocation.
action,1412000022,202703,headcount_event_delta,"Missing complete monthly headcount driver for event-delta allocation: cc=1412000022, month=202703, previous_month=202702, category=headcount_all, missing=current,previous",Provide monthly headcount for both the event month and previous month before using event-delta allocation.
action,1412000024,202703,headcount_event_delta,"Missing complete monthly headcount driver for event-delta allocation: cc=1412000024, month=202703, previous_month=202702, category=headcount_all, missing=current,previous",Provide monthly headcount for both the event month and previous month before using event-delta allocation.
action,1412000025,202703,headcount_event_delta,"Missing complete monthly headcount driver for event-delta allocation: cc=1412000025, month=202703, previous_month=202702, category=headcount_all, missing=current,previous",Provide monthly headcount for both the event month and previous month before using event-delta allocation.
action,1412000026,202703,headcount_event_delta,"Missing complete monthly headcount driver for event-delta allocation: cc=1412000026, month=202703, previous_month=202702, category=headcount_all, missing=current,previous",Provide monthly headcount for both the event month and previous month before using event-delta allocation.
action,1412000028,202703,headcount_event_delta,"Missing complete monthly headcount driver for event-delta allocation: cc=1412000028, month=202703, previous_month=202702, category=headcount_all, missing=current,previous",Provide monthly headcount for both the event month and previous month before using event-delta allocation.
action,1412000029,202703,headcount_event_delta,"Missing complete monthly headcount driver for event-delta allocation: cc=1412000029, month=202703, previous_month=202702, category=headcount_all, missing=current,previous",Provide monthly headcount for both the event month and previous month before using event-delta allocation.
action,1412000030,202703,headcount_event_delta,"Missing complete monthly headcount driver for event-delta allocation: cc=1412000030, month=202703, previous_month=202702, category=headcount_all, missing=current,previous",Provide monthly headcount for both the event month and previous month before using event-delta allocation.
action,1412000086,202703,headcount_event_delta,"Missing complete monthly headcount driver for event-delta allocation: cc=1412000086, month=202703, previous_month=202702, category=headcount_all, missing=current,previous",Provide monthly headcount for both the event month and previous month before using event-delta allocation.
action,1412000063,202703,headcount_event_delta,"Missing complete monthly headcount driver for event-delta allocation: cc=1412000063, month=202703, previous_month=202702, category=headcount_all, missing=current,previous",Provide monthly headcount for both the event month and previous month before using event-delta allocation.
action,1412000066,202703,headcount_event_delta,"Missing complete monthly headcount driver for event-delta allocation: cc=1412000066, month=202703, previous_month=202702, category=headcount_all, missing=current,previous",Provide monthly headcount for both the event month and previous month before using event-delta allocation.
action,1412000035,202703,headcount_event_delta,"Missing complete monthly headcount driver for event-delta allocation: cc=1412000035, month=202703, previous_month=202702, category=headcount_all, missing=current,previous",Provide monthly headcount for both the event month and previous month before using event-delta allocation.
action,1412000016,202703,headcount_event_delta,"Missing complete monthly headcount driver for event-delta allocation: cc=1412000016, month=202703, previous_month=202702, category=headcount_all, missing=current,previous",Provide monthly headcount for both the event month and previous month before using event-delta allocation.
action,1412000069,202703,headcount_event_delta,"Missing complete monthly headcount driver for event-delta allocation: cc=1412000069, month=202703, previous_month=202702, category=headcount_all, missing=current,previous",Provide monthly headcount for both the event month and previous month before using event-delta allocation.
action,1412000070,202703,headcount_event_delta,"Missing complete monthly headcount driver for event-delta allocation: cc=1412000070, month=202703, previous_month=202702, category=headcount_all, missing=current,previous",Provide monthly headcount for both the event month and previous month before using event-delta allocation.
action,1412000072,202703,headcount_event_delta,"Missing complete monthly headcount driver for event-delta allocation: cc=1412000072, month=202703, previous_month=202702, category=headcount_all, missing=current,previous",Provide monthly headcount for both the event month and previous month before using event-delta allocation.
action,1412000073,202703,headcount_event_delta,"Missing complete monthly headcount driver for event-delta allocation: cc=1412000073, month=202703, previous_month=202702, category=headcount_all, missing=current,previous",Provide monthly headcount for both the event month and previous month before using event-delta allocation.
action,1412000104,202703,headcount_event_delta,"Missing complete monthly headcount driver for event-delta allocation: cc=1412000104, month=202703, previous_month=202702, category=headcount_all, missing=current,previous",Provide monthly headcount for both the event month and previous month before using event-delta allocation.
action,1412000057,202703,headcount_event_delta,"Missing complete monthly headcount driver for event-delta allocation: cc=1412000057, month=202703, previous_month=202702, category=headcount_all, missing=current,previous",Provide monthly headcount for both the event month and previous month before using event-delta allocation.
action,1412000078,202703,headcount_event_delta,"Missing complete monthly headcount driver for event-delta allocation: cc=1412000078, month=202703, previous_month=202702, category=headcount_all, missing=current,previous",Provide monthly headcount for both the event month and previous month before using event-delta allocation.
action,1412C00001,202703,headcount_event_delta,"Missing complete monthly headcount driver for event-delta allocation: cc=1412C00001, month=202703, previous_month=202702, category=headcount_all, missing=current,previous",Provide monthly headcount for both the event month and previous month before using event-delta allocation.
action,1412000081,202703,headcount_event_delta,"Missing complete monthly headcount driver for event-delta allocation: cc=1412000081, month=202703, previous_month=202702, category=headcount_all, missing=current,previous",Provide monthly headcount for both the event month and previous month before using event-delta allocation.
action,1412000083,202703,headcount_event_delta,"Missing complete monthly headcount driver for event-delta allocation: cc=1412000083, month=202703, previous_month=202702, category=headcount_all, missing=current,previous",Provide monthly headcount for both the event month and previous month before using event-delta allocation.
action,1412000084,202703,headcount_event_delta,"Missing complete monthly headcount driver for event-delta allocation: cc=1412000084, month=202703, previous_month=202702, category=headcount_all, missing=current,previous",Provide monthly headcount for both the event month and previous month before using event-delta allocation.
action,1412000087,202703,headcount_event_delta,"Missing complete monthly headcount driver for event-delta allocation: cc=1412000087, month=202703, previous_month=202702, category=headcount_all, missing=current,previous",Provide monthly headcount for both the event month and previous month before using event-delta allocation.
action,1412000088,202703,headcount_event_delta,"Missing complete monthly headcount driver for event-delta allocation: cc=1412000088, month=202703, previous_month=202702, category=headcount_all, missing=current,previous",Provide monthly headcount for both the event month and previous month before using event-delta allocation.
action,1412000091,202703,headcount_event_delta,"Missing complete monthly headcount driver for event-delta allocation: cc=1412000091, month=202703, previous_month=202702, category=headcount_all, missing=current,previous",Provide monthly headcount for both the event month and previous month before using event-delta allocation.
action,1412000092,202703,headcount_event_delta,"Missing complete monthly headcount driver for event-delta allocation: cc=1412000092, month=202703, previous_month=202702, category=headcount_all, missing=current,previous",Provide monthly headcount for both the event month and previous month before using event-delta allocation.
action,1412000093,202703,headcount_event_delta,"Missing complete monthly headcount driver for event-delta allocation: cc=1412000093, month=202703, previous_month=202702, category=headcount_all, missing=current,previous",Provide monthly headcount for both the event month and previous month before using event-delta allocation.
action,1412000094,202703,headcount_event_delta,"Missing complete monthly headcount driver for event-delta allocation: cc=1412000094, month=202703, previous_month=202702, category=headcount_all, missing=current,previous",Provide monthly headcount for both the event month and previous month before using event-delta allocation.
action,1412000096,202703,headcount_event_delta,"Missing complete monthly headcount driver for event-delta allocation: cc=1412000096, month=202703, previous_month=202702, category=headcount_all, missing=current,previous",Provide monthly headcount for both the event month and previous month before using event-delta allocation.
action,1412000098,202703,headcount_event_delta,"Missing complete monthly headcount driver for event-delta allocation: cc=1412000098, month=202703, previous_month=202702, category=headcount_all, missing=current,previous",Provide monthly headcount for both the event month and previous month before using event-delta allocation.
action,1412000099,202703,headcount_event_delta,"Missing complete monthly headcount driver for event-delta allocation: cc=1412000099, month=202703, previous_month=202702, category=headcount_all, missing=current,previous",Provide monthly headcount for both the event month and previous month before using event-delta allocation.
action,1412000101,202703,headcount_event_delta,"Missing complete monthly headcount driver for event-delta allocation: cc=1412000101, month=202703, previous_month=202702, category=headcount_all, missing=current,previous",Provide monthly headcount for both the event month and previous month before using event-delta allocation.
action,1412000100,202703,headcount_event_delta,"Missing complete monthly headcount driver for event-delta allocation: cc=1412000100, month=202703, previous_month=202702, category=headcount_all, missing=current,previous",Provide monthly headcount for both the event month and previous month before using event-delta allocation.
action,1412000103,202703,headcount_event_delta,"Missing complete monthly headcount driver for event-delta allocation: cc=1412000103, month=202703, previous_month=202702, category=headcount_all, missing=current,previous",Provide monthly headcount for both the event month and previous month before using event-delta allocation.
action,1412000105,202703,headcount_event_delta,"Missing complete monthly headcount driver for event-delta allocation: cc=1412000105, month=202703, previous_month=202702, category=headcount_all, missing=current,previous",Provide monthly headcount for both the event month and previous month before using event-delta allocation.
action,1412000075,202703,headcount_event_delta,"Missing complete monthly headcount driver for event-delta allocation: cc=1412000075, month=202703, previous_month=202702, category=headcount_all, missing=current,previous",Provide monthly headcount for both the event month and previous month before using event-delta allocation.
action,1412000106,202703,headcount_event_delta,"Missing complete monthly headcount driver for event-delta allocation: cc=1412000106, month=202703, previous_month=202702, category=headcount_all, missing=current,previous",Provide monthly headcount for both the event month and previous month before using event-delta allocation.
action,1412000039,202703,headcount_event_delta,"Missing complete monthly headcount driver for event-delta allocation: cc=1412000039, month=202703, previous_month=202702, category=headcount_all, missing=current,previous",Provide monthly headcount for both the event month and previous month before using event-delta allocation.
action,1412000108,202703,headcount_event_delta,"Missing complete monthly headcount driver for event-delta allocation: cc=1412000108, month=202703, previous_month=202702, category=headcount_all, missing=current,previous",Provide monthly headcount for both the event month and previous month before using event-delta allocation.
action,1412000005,202604,headcount_event_delta,"Missing complete monthly headcount driver for event-delta allocation: cc=1412000005, month=202604, previous_month=202603, category=headcount_worker, missing=current,previous",Provide monthly headcount for both the event month and previous month before using event-delta allocation.
action,1412000062,202604,headcount_event_delta,"Missing complete monthly headcount driver for event-delta allocation: cc=1412000062, month=202604, previous_month=202603, category=headcount_worker, missing=current,previous",Provide monthly headcount for both the event month and previous month before using event-delta allocation.
action,1412000034,202604,headcount_event_delta,"Missing complete monthly headcount driver for event-delta allocation: cc=1412000034, month=202604, previous_month=202603, category=headcount_worker, missing=current,previous",Provide monthly headcount for both the event month and previous month before using event-delta allocation.
action,1412000048,202604,headcount_event_delta,"Missing complete monthly headcount driver for event-delta allocation: cc=1412000048, month=202604, previous_month=202603, category=headcount_worker, missing=current,previous",Provide monthly headcount for both the event month and previous month before using event-delta allocation.
action,1412000055,202604,headcount_event_delta,"Missing complete monthly headcount driver for event-delta allocation: cc=1412000055, month=202604, previous_month=202603, category=headcount_worker, missing=current,previous",Provide monthly headcount for both the event month and previous month before using event-delta allocation.
action,1412000050,202604,headcount_event_delta,"Missing complete monthly headcount driver for event-delta allocation: cc=1412000050, month=202604, previous_month=202603, category=headcount_worker, missing=current,previous",Provide monthly headcount for both the event month and previous month before using event-delta allocation.
action,1412000077,202604,headcount_event_delta,"Missing complete monthly headcount driver for event-delta allocation: cc=1412000077, month=202604, previous_month=202603, category=headcount_worker, missing=current,previous",Provide monthly headcount for both the event month and previous month before using event-delta allocation.
action,1412000053,202604,headcount_event_delta,"Missing complete monthly headcount driver for event-delta allocation: cc=1412000053, month=202604, previous_month=202603, category=headcount_worker, missing=current,previous",Provide monthly headcount for both the event month and previous month before using event-delta allocation.
action,1412000008,202604,headcount_event_delta,"Missing complete monthly headcount driver for event-delta allocation: cc=1412000008, month=202604, previous_month=202603, category=headcount_worker, missing=current,previous",Provide monthly headcount for both the event month and previous month before using event-delta allocation.
action,1412000010,202604,headcount_event_delta,"Missing complete monthly headcount driver for event-delta allocation: cc=1412000010, month=202604, previous_month=202603, category=headcount_worker, missing=current,previous",Provide monthly headcount for both the event month and previous month before using event-delta allocation.
action,1412000054,202604,headcount_event_delta,"Missing complete monthly headcount driver for event-delta allocation: cc=1412000054, month=202604, previous_month=202603, category=headcount_worker, missing=current,previous",Provide monthly headcount for both the event month and previous month before using event-delta allocation.
action,1412000036,202604,headcount_event_delta,"Missing complete monthly headcount driver for event-delta allocation: cc=1412000036, month=202604, previous_month=202603, category=headcount_worker, missing=current,previous",Provide monthly headcount for both the event month and previous month before using event-delta allocation.
action,1412000089,202604,headcount_event_delta,"Missing complete monthly headcount driver for event-delta allocation: cc=1412000089, month=202604, previous_month=202603, category=headcount_worker, missing=current,previous",Provide monthly headcount for both the event month and previous month before using event-delta allocation.
action,1412000013,202604,headcount_event_delta,"Missing complete monthly headcount driver for event-delta allocation: cc=1412000013, month=202604, previous_month=202603, category=headcount_worker, missing=current,previous",Provide monthly headcount for both the event month and previous month before using event-delta allocation.
action,1412000080,202604,headcount_event_delta,"Missing complete monthly headcount driver for event-delta allocation: cc=1412000080, month=202604, previous_month=202603, category=headcount_worker, missing=current,previous",Provide monthly headcount for both the event month and previous month before using event-delta allocation.
action,1412000044,202604,headcount_event_delta,"Missing complete monthly headcount driver for event-delta allocation: cc=1412000044, month=202604, previous_month=202603, category=headcount_worker, missing=current,previous",Provide monthly headcount for both the event month and previous month before using event-delta allocation.
action,1412000056,202604,headcount_event_delta,"Missing complete monthly headcount driver for event-delta allocation: cc=1412000056, month=202604, previous_month=202603, category=headcount_worker, missing=current,previous",Provide monthly headcount for both the event month and previous month before using event-delta allocation.
action,1412000018,202604,headcount_event_delta,"Missing complete monthly headcount driver for event-delta allocation: cc=1412000018, month=202604, previous_month=202603, category=headcount_worker, missing=current,previous",Provide monthly headcount for both the event month and previous month before using event-delta allocation.
action,1412000019,202604,headcount_event_delta,"Missing complete monthly headcount driver for event-delta allocation: cc=1412000019, month=202604, previous_month=202603, category=headcount_worker, missing=current,previous",Provide monthly headcount for both the event month and previous month before using event-delta allocation.
action,1412000058,202604,headcount_event_delta,"Missing complete monthly headcount driver for event-delta allocation: cc=1412000058, month=202604, previous_month=202603, category=headcount_worker, missing=current,previous",Provide monthly headcount for both the event month and previous month before using event-delta allocation.
action,1412000042,202604,headcount_event_delta,"Missing complete monthly headcount driver for event-delta allocation: cc=1412000042, month=202604, previous_month=202603, category=headcount_worker, missing=current,previous",Provide monthly headcount for both the event month and previous month before using event-delta allocation.
action,1412000021,202604,headcount_event_delta,"Missing complete monthly headcount driver for event-delta allocation: cc=1412000021, month=202604, previous_month=202603, category=headcount_worker, missing=current,previous",Provide monthly headcount for both the event month and previous month before using event-delta allocation.
action,1412000022,202604,headcount_event_delta,"Missing complete monthly headcount driver for event-delta allocation: cc=1412000022, month=202604, previous_month=202603, category=headcount_worker, missing=current,previous",Provide monthly headcount for both the event month and previous month before using event-delta allocation.
action,1412000024,202604,headcount_event_delta,"Missing complete monthly headcount driver for event-delta allocation: cc=1412000024, month=202604, previous_month=202603, category=headcount_worker, missing=current,previous",Provide monthly headcount for both the event month and previous month before using event-delta allocation.
action,1412000025,202604,headcount_event_delta,"Missing complete monthly headcount driver for event-delta allocation: cc=1412000025, month=202604, previous_month=202603, category=headcount_worker, missing=current,previous",Provide monthly headcount for both the event month and previous month before using event-delta allocation.
action,1412000026,202604,headcount_event_delta,"Missing complete monthly headcount driver for event-delta allocation: cc=1412000026, month=202604, previous_month=202603, category=headcount_worker, missing=current,previous",Provide monthly headcount for both the event month and previous month before using event-delta allocation.
action,1412000028,202604,headcount_event_delta,"Missing complete monthly headcount driver for event-delta allocation: cc=1412000028, month=202604, previous_month=202603, category=headcount_worker, missing=current,previous",Provide monthly headcount for both the event month and previous month before using event-delta allocation.
action,1412000029,202604,headcount_event_delta,"Missing complete monthly headcount driver for event-delta allocation: cc=1412000029, month=202604, previous_month=202603, category=headcount_worker, missing=current,previous",Provide monthly headcount for both the event month and previous month before using event-delta allocation.
action,1412000030,202604,headcount_event_delta,"Missing complete monthly headcount driver for event-delta allocation: cc=1412000030, month=202604, previous_month=202603, category=headcount_worker, missing=current,previous",Provide monthly headcount for both the event month and previous month before using event-delta allocation.
action,1412000086,202604,headcount_event_delta,"Missing complete monthly headcount driver for event-delta allocation: cc=1412000086, month=202604, previous_month=202603, category=headcount_worker, missing=current,previous",Provide monthly headcount for both the event month and previous month before using event-delta allocation.
action,1412000063,202604,headcount_event_delta,"Missing complete monthly headcount driver for event-delta allocation: cc=1412000063, month=202604, previous_month=202603, category=headcount_worker, missing=current,previous",Provide monthly headcount for both the event month and previous month before using event-delta allocation.
action,1412000066,202604,headcount_event_delta,"Missing complete monthly headcount driver for event-delta allocation: cc=1412000066, month=202604, previous_month=202603, category=headcount_worker, missing=current,previous",Provide monthly headcount for both the event month and previous month before using event-delta allocation.
action,1412000035,202604,headcount_event_delta,"Missing complete monthly headcount driver for event-delta allocation: cc=1412000035, month=202604, previous_month=202603, category=headcount_worker, missing=current,previous",Provide monthly headcount for both the event month and previous month before using event-delta allocation.
action,1412000016,202604,headcount_event_delta,"Missing complete monthly headcount driver for event-delta allocation: cc=1412000016, month=202604, previous_month=202603, category=headcount_worker, missing=current,previous",Provide monthly headcount for both the event month and previous month before using event-delta allocation.
action,1412000069,202604,headcount_event_delta,"Missing complete monthly headcount driver for event-delta allocation: cc=1412000069, month=202604, previous_month=202603, category=headcount_worker, missing=current,previous",Provide monthly headcount for both the event month and previous month before using event-delta allocation.
action,1412000070,202604,headcount_event_delta,"Missing complete monthly headcount driver for event-delta allocation: cc=1412000070, month=202604, previous_month=202603, category=headcount_worker, missing=current,previous",Provide monthly headcount for both the event month and previous month before using event-delta allocation.
action,1412000072,202604,headcount_event_delta,"Missing complete monthly headcount driver for event-delta allocation: cc=1412000072, month=202604, previous_month=202603, category=headcount_worker, missing=current,previous",Provide monthly headcount for both the event month and previous month before using event-delta allocation.
action,1412000073,202604,headcount_event_delta,"Missing complete monthly headcount driver for event-delta allocation: cc=1412000073, month=202604, previous_month=202603, category=headcount_worker, missing=current,previous",Provide monthly headcount for both the event month and previous month before using event-delta allocation.
action,1412000104,202604,headcount_event_delta,"Missing complete monthly headcount driver for event-delta allocation: cc=1412000104, month=202604, previous_month=202603, category=headcount_worker, missing=current,previous",Provide monthly headcount for both the event month and previous month before using event-delta allocation.
action,1412000057,202604,headcount_event_delta,"Missing complete monthly headcount driver for event-delta allocation: cc=1412000057, month=202604, previous_month=202603, category=headcount_worker, missing=current,previous",Provide monthly headcount for both the event month and previous month before using event-delta allocation.
action,1412000078,202604,headcount_event_delta,"Missing complete monthly headcount driver for event-delta allocation: cc=1412000078, month=202604, previous_month=202603, category=headcount_worker, missing=current,previous",Provide monthly headcount for both the event month and previous month before using event-delta allocation.
action,1412C00001,202604,headcount_event_delta,"Missing complete monthly headcount driver for event-delta allocation: cc=1412C00001, month=202604, previous_month=202603, category=headcount_worker, missing=current,previous",Provide monthly headcount for both the event month and previous month before using event-delta allocation.
action,1412000081,202604,headcount_event_delta,"Missing complete monthly headcount driver for event-delta allocation: cc=1412000081, month=202604, previous_month=202603, category=headcount_worker, missing=current,previous",Provide monthly headcount for both the event month and previous month before using event-delta allocation.
action,1412000083,202604,headcount_event_delta,"Missing complete monthly headcount driver for event-delta allocation: cc=1412000083, month=202604, previous_month=202603, category=headcount_worker, missing=current,previous",Provide monthly headcount for both the event month and previous month before using event-delta allocation.
action,1412000084,202604,headcount_event_delta,"Missing complete monthly headcount driver for event-delta allocation: cc=1412000084, month=202604, previous_month=202603, category=headcount_worker, missing=current,previous",Provide monthly headcount for both the event month and previous month before using event-delta allocation.
action,1412000087,202604,headcount_event_delta,"Missing complete monthly headcount driver for event-delta allocation: cc=1412000087, month=202604, previous_month=202603, category=headcount_worker, missing=current,previous",Provide monthly headcount for both the event month and previous month before using event-delta allocation.
action,1412000088,202604,headcount_event_delta,"Missing complete monthly headcount driver for event-delta allocation: cc=1412000088, month=202604, previous_month=202603, category=headcount_worker, missing=current,previous",Provide monthly headcount for both the event month and previous month before using event-delta allocation.
action,1412000091,202604,headcount_event_delta,"Missing complete monthly headcount driver for event-delta allocation: cc=1412000091, month=202604, previous_month=202603, category=headcount_worker, missing=current,previous",Provide monthly headcount for both the event month and previous month before using event-delta allocation.
action,1412000092,202604,headcount_event_delta,"Missing complete monthly headcount driver for event-delta allocation: cc=1412000092, month=202604, previous_month=202603, category=headcount_worker, missing=current,previous",Provide monthly headcount for both the event month and previous month before using event-delta allocation.
action,1412000093,202604,headcount_event_delta,"Missing complete monthly headcount driver for event-delta allocation: cc=1412000093, month=202604, previous_month=202603, category=headcount_worker, missing=current,previous",Provide monthly headcount for both the event month and previous month before using event-delta allocation.
action,1412000094,202604,headcount_event_delta,"Missing complete monthly headcount driver for event-delta allocation: cc=1412000094, month=202604, previous_month=202603, category=headcount_worker, missing=current,previous",Provide monthly headcount for both the event month and previous month before using event-delta allocation.
action,1412000096,202604,headcount_event_delta,"Missing complete monthly headcount driver for event-delta allocation: cc=1412000096, month=202604, previous_month=202603, category=headcount_worker, missing=current,previous",Provide monthly headcount for both the event month and previous month before using event-delta allocation.
action,1412000098,202604,headcount_event_delta,"Missing complete monthly headcount driver for event-delta allocation: cc=1412000098, month=202604, previous_month=202603, category=headcount_worker, missing=current,previous",Provide monthly headcount for both the event month and previous month before using event-delta allocation.
action,1412000099,202604,headcount_event_delta,"Missing complete monthly headcount driver for event-delta allocation: cc=1412000099, month=202604, previous_month=202603, category=headcount_worker, missing=current,previous",Provide monthly headcount for both the event month and previous month before using event-delta allocation.
action,1412000101,202604,headcount_event_delta,"Missing complete monthly headcount driver for event-delta allocation: cc=1412000101, month=202604, previous_month=202603, category=headcount_worker, missing=current,previous",Provide monthly headcount for both the event month and previous month before using event-delta allocation.
action,1412000100,202604,headcount_event_delta,"Missing complete monthly headcount driver for event-delta allocation: cc=1412000100, month=202604, previous_month=202603, category=headcount_worker, missing=current,previous",Provide monthly headcount for both the event month and previous month before using event-delta allocation.
action,1412000103,202604,headcount_event_delta,"Missing complete monthly headcount driver for event-delta allocation: cc=1412000103, month=202604, previous_month=202603, category=headcount_worker, missing=current,previous",Provide monthly headcount for both the event month and previous month before using event-delta allocation.
action,1412000105,202604,headcount_event_delta,"Missing complete monthly headcount driver for event-delta allocation: cc=1412000105, month=202604, previous_month=202603, category=headcount_worker, missing=current,previous",Provide monthly headcount for both the event month and previous month before using event-delta allocation.
action,1412000075,202604,headcount_event_delta,"Missing complete monthly headcount driver for event-delta allocation: cc=1412000075, month=202604, previous_month=202603, category=headcount_worker, missing=current,previous",Provide monthly headcount for both the event month and previous month before using event-delta allocation.
action,1412000106,202604,headcount_event_delta,"Missing complete monthly headcount driver for event-delta allocation: cc=1412000106, month=202604, previous_month=202603, category=headcount_worker, missing=current,previous",Provide monthly headcount for both the event month and previous month before using event-delta allocation.
action,1412000039,202604,headcount_event_delta,"Missing complete monthly headcount driver for event-delta allocation: cc=1412000039, month=202604, previous_month=202603, category=headcount_worker, missing=current,previous",Provide monthly headcount for both the event month and previous month before using event-delta allocation.
action,1412000108,202604,headcount_event_delta,"Missing complete monthly headcount driver for event-delta allocation: cc=1412000108, month=202604, previous_month=202603, category=headcount_worker, missing=current,previous",Provide monthly headcount for both the event month and previous month before using event-delta allocation.
action,1412000005,202605,headcount_event_delta,"Missing complete monthly headcount driver for event-delta allocation: cc=1412000005, month=202605, previous_month=202604, category=headcount_worker, missing=current,previous",Provide monthly headcount for both the event month and previous month before using event-delta allocation.
action,1412000062,202605,headcount_event_delta,"Missing complete monthly headcount driver for event-delta allocation: cc=1412000062, month=202605, previous_month=202604, category=headcount_worker, missing=current,previous",Provide monthly headcount for both the event month and previous month before using event-delta allocation.
action,1412000034,202605,headcount_event_delta,"Missing complete monthly headcount driver for event-delta allocation: cc=1412000034, month=202605, previous_month=202604, category=headcount_worker, missing=current,previous",Provide monthly headcount for both the event month and previous month before using event-delta allocation.
action,1412000048,202605,headcount_event_delta,"Missing complete monthly headcount driver for event-delta allocation: cc=1412000048, month=202605, previous_month=202604, category=headcount_worker, missing=current,previous",Provide monthly headcount for both the event month and previous month before using event-delta allocation.
action,1412000055,202605,headcount_event_delta,"Missing complete monthly headcount driver for event-delta allocation: cc=1412000055, month=202605, previous_month=202604, category=headcount_worker, missing=current,previous",Provide monthly headcount for both the event month and previous month before using event-delta allocation.
action,1412000050,202605,headcount_event_delta,"Missing complete monthly headcount driver for event-delta allocation: cc=1412000050, month=202605, previous_month=202604, category=headcount_worker, missing=current,previous",Provide monthly headcount for both the event month and previous month before using event-delta allocation.
action,1412000077,202605,headcount_event_delta,"Missing complete monthly headcount driver for event-delta allocation: cc=1412000077, month=202605, previous_month=202604, category=headcount_worker, missing=current,previous",Provide monthly headcount for both the event month and previous month before using event-delta allocation.
action,1412000053,202605,headcount_event_delta,"Missing complete monthly headcount driver for event-delta allocation: cc=1412000053, month=202605, previous_month=202604, category=headcount_worker, missing=current,previous",Provide monthly headcount for both the event month and previous month before using event-delta allocation.
action,1412000008,202605,headcount_event_delta,"Missing complete monthly headcount driver for event-delta allocation: cc=1412000008, month=202605, previous_month=202604, category=headcount_worker, missing=current,previous",Provide monthly headcount for both the event month and previous month before using event-delta allocation.
action,1412000010,202605,headcount_event_delta,"Missing complete monthly headcount driver for event-delta allocation: cc=1412000010, month=202605, previous_month=202604, category=headcount_worker, missing=current,previous",Provide monthly headcount for both the event month and previous month before using event-delta allocation.
action,1412000054,202605,headcount_event_delta,"Missing complete monthly headcount driver for event-delta allocation: cc=1412000054, month=202605, previous_month=202604, category=headcount_worker, missing=current,previous",Provide monthly headcount for both the event month and previous month before using event-delta allocation.
action,1412000036,202605,headcount_event_delta,"Missing complete monthly headcount driver for event-delta allocation: cc=1412000036, month=202605, previous_month=202604, category=headcount_worker, missing=current,previous",Provide monthly headcount for both the event month and previous month before using event-delta allocation.
action,1412000089,202605,headcount_event_delta,"Missing complete monthly headcount driver for event-delta allocation: cc=1412000089, month=202605, previous_month=202604, category=headcount_worker, missing=current,previous",Provide monthly headcount for both the event month and previous month before using event-delta allocation.
action,1412000013,202605,headcount_event_delta,"Missing complete monthly headcount driver for event-delta allocation: cc=1412000013, month=202605, previous_month=202604, category=headcount_worker, missing=current,previous",Provide monthly headcount for both the event month and previous month before using event-delta allocation.
action,1412000080,202605,headcount_event_delta,"Missing complete monthly headcount driver for event-delta allocation: cc=1412000080, month=202605, previous_month=202604, category=headcount_worker, missing=current,previous",Provide monthly headcount for both the event month and previous month before using event-delta allocation.
action,1412000044,202605,headcount_event_delta,"Missing complete monthly headcount driver for event-delta allocation: cc=1412000044, month=202605, previous_month=202604, category=headcount_worker, missing=current,previous",Provide monthly headcount for both the event month and previous month before using event-delta allocation.
action,1412000056,202605,headcount_event_delta,"Missing complete monthly headcount driver for event-delta allocation: cc=1412000056, month=202605, previous_month=202604, category=headcount_worker, missing=current,previous",Provide monthly headcount for both the event month and previous month before using event-delta allocation.
action,1412000018,202605,headcount_event_delta,"Missing complete monthly headcount driver for event-delta allocation: cc=1412000018, month=202605, previous_month=202604, category=headcount_worker, missing=current,previous",Provide monthly headcount for both the event month and previous month before using event-delta allocation.
action,1412000019,202605,headcount_event_delta,"Missing complete monthly headcount driver for event-delta allocation: cc=1412000019, month=202605, previous_month=202604, category=headcount_worker, missing=current,previous",Provide monthly headcount for both the event month and previous month before using event-delta allocation.
action,1412000058,202605,headcount_event_delta,"Missing complete monthly headcount driver for event-delta allocation: cc=1412000058, month=202605, previous_month=202604, category=headcount_worker, missing=current,previous",Provide monthly headcount for both the event month and previous month before using event-delta allocation.
action,1412000042,202605,headcount_event_delta,"Missing complete monthly headcount driver for event-delta allocation: cc=1412000042, month=202605, previous_month=202604, category=headcount_worker, missing=current,previous",Provide monthly headcount for both the event month and previous month before using event-delta allocation.
action,1412000021,202605,headcount_event_delta,"Missing complete monthly headcount driver for event-delta allocation: cc=1412000021, month=202605, previous_month=202604, category=headcount_worker, missing=current,previous",Provide monthly headcount for both the event month and previous month before using event-delta allocation.
action,1412000022,202605,headcount_event_delta,"Missing complete monthly headcount driver for event-delta allocation: cc=1412000022, month=202605, previous_month=202604, category=headcount_worker, missing=current,previous",Provide monthly headcount for both the event month and previous month before using event-delta allocation.
action,1412000024,202605,headcount_event_delta,"Missing complete monthly headcount driver for event-delta allocation: cc=1412000024, month=202605, previous_month=202604, category=headcount_worker, missing=current,previous",Provide monthly headcount for both the event month and previous month before using event-delta allocation.
action,1412000025,202605,headcount_event_delta,"Missing complete monthly headcount driver for event-delta allocation: cc=1412000025, month=202605, previous_month=202604, category=headcount_worker, missing=current,previous",Provide monthly headcount for both the event month and previous month before using event-delta allocation.
action,1412000026,202605,headcount_event_delta,"Missing complete monthly headcount driver for event-delta allocation: cc=1412000026, month=202605, previous_month=202604, category=headcount_worker, missing=current,previous",Provide monthly headcount for both the event month and previous month before using event-delta allocation.
action,1412000028,202605,headcount_event_delta,"Missing complete monthly headcount driver for event-delta allocation: cc=1412000028, month=202605, previous_month=202604, category=headcount_worker, missing=current,previous",Provide monthly headcount for both the event month and previous month before using event-delta allocation.
action,1412000029,202605,headcount_event_delta,"Missing complete monthly headcount driver for event-delta allocation: cc=1412000029, month=202605, previous_month=202604, category=headcount_worker, missing=current,previous",Provide monthly headcount for both the event month and previous month before using event-delta allocation.
action,1412000030,202605,headcount_event_delta,"Missing complete monthly headcount driver for event-delta allocation: cc=1412000030, month=202605, previous_month=202604, category=headcount_worker, missing=current,previous",Provide monthly headcount for both the event month and previous month before using event-delta allocation.
action,1412000086,202605,headcount_event_delta,"Missing complete monthly headcount driver for event-delta allocation: cc=1412000086, month=202605, previous_month=202604, category=headcount_worker, missing=current,previous",Provide monthly headcount for both the event month and previous month before using event-delta allocation.
action,1412000063,202605,headcount_event_delta,"Missing complete monthly headcount driver for event-delta allocation: cc=1412000063, month=202605, previous_month=202604, category=headcount_worker, missing=current,previous",Provide monthly headcount for both the event month and previous month before using event-delta allocation.
action,1412000066,202605,headcount_event_delta,"Missing complete monthly headcount driver for event-delta allocation: cc=1412000066, month=202605, previous_month=202604, category=headcount_worker, missing=current,previous",Provide monthly headcount for both the event month and previous month before using event-delta allocation.
action,1412000035,202605,headcount_event_delta,"Missing complete monthly headcount driver for event-delta allocation: cc=1412000035, month=202605, previous_month=202604, category=headcount_worker, missing=current,previous",Provide monthly headcount for both the event month and previous month before using event-delta allocation.
action,1412000016,202605,headcount_event_delta,"Missing complete monthly headcount driver for event-delta allocation: cc=1412000016, month=202605, previous_month=202604, category=headcount_worker, missing=current,previous",Provide monthly headcount for both the event month and previous month before using event-delta allocation.
action,1412000069,202605,headcount_event_delta,"Missing complete monthly headcount driver for event-delta allocation: cc=1412000069, month=202605, previous_month=202604, category=headcount_worker, missing=current,previous",Provide monthly headcount for both the event month and previous month before using event-delta allocation.
action,1412000070,202605,headcount_event_delta,"Missing complete monthly headcount driver for event-delta allocation: cc=1412000070, month=202605, previous_month=202604, category=headcount_worker, missing=current,previous",Provide monthly headcount for both the event month and previous month before using event-delta allocation.
action,1412000072,202605,headcount_event_delta,"Missing complete monthly headcount driver for event-delta allocation: cc=1412000072, month=202605, previous_month=202604, category=headcount_worker, missing=current,previous",Provide monthly headcount for both the event month and previous month before using event-delta allocation.
action,1412000073,202605,headcount_event_delta,"Missing complete monthly headcount driver for event-delta allocation: cc=1412000073, month=202605, previous_month=202604, category=headcount_worker, missing=current,previous",Provide monthly headcount for both the event month and previous month before using event-delta allocation.
action,1412000104,202605,headcount_event_delta,"Missing complete monthly headcount driver for event-delta allocation: cc=1412000104, month=202605, previous_month=202604, category=headcount_worker, missing=current,previous",Provide monthly headcount for both the event month and previous month before using event-delta allocation.
action,1412000057,202605,headcount_event_delta,"Missing complete monthly headcount driver for event-delta allocation: cc=1412000057, month=202605, previous_month=202604, category=headcount_worker, missing=current,previous",Provide monthly headcount for both the event month and previous month before using event-delta allocation.
action,1412000078,202605,headcount_event_delta,"Missing complete monthly headcount driver for event-delta allocation: cc=1412000078, month=202605, previous_month=202604, category=headcount_worker, missing=current,previous",Provide monthly headcount for both the event month and previous month before using event-delta allocation.
action,1412C00001,202605,headcount_event_delta,"Missing complete monthly headcount driver for event-delta allocation: cc=1412C00001, month=202605, previous_month=202604, category=headcount_worker, missing=current,previous",Provide monthly headcount for both the event month and previous month before using event-delta allocation.
action,1412000081,202605,headcount_event_delta,"Missing complete monthly headcount driver for event-delta allocation: cc=1412000081, month=202605, previous_month=202604, category=headcount_worker, missing=current,previous",Provide monthly headcount for both the event month and previous month before using event-delta allocation.
action,1412000083,202605,headcount_event_delta,"Missing complete monthly headcount driver for event-delta allocation: cc=1412000083, month=202605, previous_month=202604, category=headcount_worker, missing=current,previous",Provide monthly headcount for both the event month and previous month before using event-delta allocation.
action,1412000084,202605,headcount_event_delta,"Missing complete monthly headcount driver for event-delta allocation: cc=1412000084, month=202605, previous_month=202604, category=headcount_worker, missing=current,previous",Provide monthly headcount for both the event month and previous month before using event-delta allocation.
action,1412000087,202605,headcount_event_delta,"Missing complete monthly headcount driver for event-delta allocation: cc=1412000087, month=202605, previous_month=202604, category=headcount_worker, missing=current,previous",Provide monthly headcount for both the event month and previous month before using event-delta allocation.
action,1412000088,202605,headcount_event_delta,"Missing complete monthly headcount driver for event-delta allocation: cc=1412000088, month=202605, previous_month=202604, category=headcount_worker, missing=current,previous",Provide monthly headcount for both the event month and previous month before using event-delta allocation.
action,1412000091,202605,headcount_event_delta,"Missing complete monthly headcount driver for event-delta allocation: cc=1412000091, month=202605, previous_month=202604, category=headcount_worker, missing=current,previous",Provide monthly headcount for both the event month and previous month before using event-delta allocation.
action,1412000092,202605,headcount_event_delta,"Missing complete monthly headcount driver for event-delta allocation: cc=1412000092, month=202605, previous_month=202604, category=headcount_worker, missing=current,previous",Provide monthly headcount for both the event month and previous month before using event-delta allocation.
action,1412000093,202605,headcount_event_delta,"Missing complete monthly headcount driver for event-delta allocation: cc=1412000093, month=202605, previous_month=202604, category=headcount_worker, missing=current,previous",Provide monthly headcount for both the event month and previous month before using event-delta allocation.
action,1412000094,202605,headcount_event_delta,"Missing complete monthly headcount driver for event-delta allocation: cc=1412000094, month=202605, previous_month=202604, category=headcount_worker, missing=current,previous",Provide monthly headcount for both the event month and previous month before using event-delta allocation.
action,1412000096,202605,headcount_event_delta,"Missing complete monthly headcount driver for event-delta allocation: cc=1412000096, month=202605, previous_month=202604, category=headcount_worker, missing=current,previous",Provide monthly headcount for both the event month and previous month before using event-delta allocation.
action,1412000098,202605,headcount_event_delta,"Missing complete monthly headcount driver for event-delta allocation: cc=1412000098, month=202605, previous_month=202604, category=headcount_worker, missing=current,previous",Provide monthly headcount for both the event month and previous month before using event-delta allocation.
action,1412000099,202605,headcount_event_delta,"Missing complete monthly headcount driver for event-delta allocation: cc=1412000099, month=202605, previous_month=202604, category=headcount_worker, missing=current,previous",Provide monthly headcount for both the event month and previous month before using event-delta allocation.
action,1412000101,202605,headcount_event_delta,"Missing complete monthly headcount driver for event-delta allocation: cc=1412000101, month=202605, previous_month=202604, category=headcount_worker, missing=current,previous",Provide monthly headcount for both the event month and previous month before using event-delta allocation.
action,1412000100,202605,headcount_event_delta,"Missing complete monthly headcount driver for event-delta allocation: cc=1412000100, month=202605, previous_month=202604, category=headcount_worker, missing=current,previous",Provide monthly headcount for both the event month and previous month before using event-delta allocation.
action,1412000103,202605,headcount_event_delta,"Missing complete monthly headcount driver for event-delta allocation: cc=1412000103, month=202605, previous_month=202604, category=headcount_worker, missing=current,previous",Provide monthly headcount for both the event month and previous month before using event-delta allocation.
action,1412000105,202605,headcount_event_delta,"Missing complete monthly headcount driver for event-delta allocation: cc=1412000105, month=202605, previous_month=202604, category=headcount_worker, missing=current,previous",Provide monthly headcount for both the event month and previous month before using event-delta allocation.
action,1412000075,202605,headcount_event_delta,"Missing complete monthly headcount driver for event-delta allocation: cc=1412000075, month=202605, previous_month=202604, category=headcount_worker, missing=current,previous",Provide monthly headcount for both the event month and previous month before using event-delta allocation.
action,1412000106,202605,headcount_event_delta,"Missing complete monthly headcount driver for event-delta allocation: cc=1412000106, month=202605, previous_month=202604, category=headcount_worker, missing=current,previous",Provide monthly headcount for both the event month and previous month before using event-delta allocation.
action,1412000039,202605,headcount_event_delta,"Missing complete monthly headcount driver for event-delta allocation: cc=1412000039, month=202605, previous_month=202604, category=headcount_worker, missing=current,previous",Provide monthly headcount for both the event month and previous month before using event-delta allocation.
action,1412000108,202605,headcount_event_delta,"Missing complete monthly headcount driver for event-delta allocation: cc=1412000108, month=202605, previous_month=202604, category=headcount_worker, missing=current,previous",Provide monthly headcount for both the event month and previous month before using event-delta allocation.
action,1412000005,202606,headcount_event_delta,"Missing complete monthly headcount driver for event-delta allocation: cc=1412000005, month=202606, previous_month=202605, category=headcount_worker, missing=current,previous",Provide monthly headcount for both the event month and previous month before using event-delta allocation.
action,1412000062,202606,headcount_event_delta,"Missing complete monthly headcount driver for event-delta allocation: cc=1412000062, month=202606, previous_month=202605, category=headcount_worker, missing=current,previous",Provide monthly headcount for both the event month and previous month before using event-delta allocation.
action,1412000034,202606,headcount_event_delta,"Missing complete monthly headcount driver for event-delta allocation: cc=1412000034, month=202606, previous_month=202605, category=headcount_worker, missing=current,previous",Provide monthly headcount for both the event month and previous month before using event-delta allocation.
action,1412000048,202606,headcount_event_delta,"Missing complete monthly headcount driver for event-delta allocation: cc=1412000048, month=202606, previous_month=202605, category=headcount_worker, missing=current,previous",Provide monthly headcount for both the event month and previous month before using event-delta allocation.
action,1412000055,202606,headcount_event_delta,"Missing complete monthly headcount driver for event-delta allocation: cc=1412000055, month=202606, previous_month=202605, category=headcount_worker, missing=current,previous",Provide monthly headcount for both the event month and previous month before using event-delta allocation.
action,1412000050,202606,headcount_event_delta,"Missing complete monthly headcount driver for event-delta allocation: cc=1412000050, month=202606, previous_month=202605, category=headcount_worker, missing=current,previous",Provide monthly headcount for both the event month and previous month before using event-delta allocation.
action,1412000077,202606,headcount_event_delta,"Missing complete monthly headcount driver for event-delta allocation: cc=1412000077, month=202606, previous_month=202605, category=headcount_worker, missing=current,previous",Provide monthly headcount for both the event month and previous month before using event-delta allocation.
action,1412000053,202606,headcount_event_delta,"Missing complete monthly headcount driver for event-delta allocation: cc=1412000053, month=202606, previous_month=202605, category=headcount_worker, missing=current,previous",Provide monthly headcount for both the event month and previous month before using event-delta allocation.
action,1412000008,202606,headcount_event_delta,"Missing complete monthly headcount driver for event-delta allocation: cc=1412000008, month=202606, previous_month=202605, category=headcount_worker, missing=current,previous",Provide monthly headcount for both the event month and previous month before using event-delta allocation.
action,1412000010,202606,headcount_event_delta,"Missing complete monthly headcount driver for event-delta allocation: cc=1412000010, month=202606, previous_month=202605, category=headcount_worker, missing=current,previous",Provide monthly headcount for both the event month and previous month before using event-delta allocation.
action,1412000054,202606,headcount_event_delta,"Missing complete monthly headcount driver for event-delta allocation: cc=1412000054, month=202606, previous_month=202605, category=headcount_worker, missing=current,previous",Provide monthly headcount for both the event month and previous month before using event-delta allocation.
action,1412000036,202606,headcount_event_delta,"Missing complete monthly headcount driver for event-delta allocation: cc=1412000036, month=202606, previous_month=202605, category=headcount_worker, missing=current,previous",Provide monthly headcount for both the event month and previous month before using event-delta allocation.
action,1412000089,202606,headcount_event_delta,"Missing complete monthly headcount driver for event-delta allocation: cc=1412000089, month=202606, previous_month=202605, category=headcount_worker, missing=current,previous",Provide monthly headcount for both the event month and previous month before using event-delta allocation.
action,1412000013,202606,headcount_event_delta,"Missing complete monthly headcount driver for event-delta allocation: cc=1412000013, month=202606, previous_month=202605, category=headcount_worker, missing=current,previous",Provide monthly headcount for both the event month and previous month before using event-delta allocation.
action,1412000080,202606,headcount_event_delta,"Missing complete monthly headcount driver for event-delta allocation: cc=1412000080, month=202606, previous_month=202605, category=headcount_worker, missing=current,previous",Provide monthly headcount for both the event month and previous month before using event-delta allocation.
action,1412000044,202606,headcount_event_delta,"Missing complete monthly headcount driver for event-delta allocation: cc=1412000044, month=202606, previous_month=202605, category=headcount_worker, missing=current,previous",Provide monthly headcount for both the event month and previous month before using event-delta allocation.
action,1412000056,202606,headcount_event_delta,"Missing complete monthly headcount driver for event-delta allocation: cc=1412000056, month=202606, previous_month=202605, category=headcount_worker, missing=current,previous",Provide monthly headcount for both the event month and previous month before using event-delta allocation.
action,1412000018,202606,headcount_event_delta,"Missing complete monthly headcount driver for event-delta allocation: cc=1412000018, month=202606, previous_month=202605, category=headcount_worker, missing=current,previous",Provide monthly headcount for both the event month and previous month before using event-delta allocation.
action,1412000019,202606,headcount_event_delta,"Missing complete monthly headcount driver for event-delta allocation: cc=1412000019, month=202606, previous_month=202605, category=headcount_worker, missing=current,previous",Provide monthly headcount for both the event month and previous month before using event-delta allocation.
action,1412000058,202606,headcount_event_delta,"Missing complete monthly headcount driver for event-delta allocation: cc=1412000058, month=202606, previous_month=202605, category=headcount_worker, missing=current,previous",Provide monthly headcount for both the event month and previous month before using event-delta allocation.
action,1412000042,202606,headcount_event_delta,"Missing complete monthly headcount driver for event-delta allocation: cc=1412000042, month=202606, previous_month=202605, category=headcount_worker, missing=current,previous",Provide monthly headcount for both the event month and previous month before using event-delta allocation.
action,1412000021,202606,headcount_event_delta,"Missing complete monthly headcount driver for event-delta allocation: cc=1412000021, month=202606, previous_month=202605, category=headcount_worker, missing=current,previous",Provide monthly headcount for both the event month and previous month before using event-delta allocation.
action,1412000022,202606,headcount_event_delta,"Missing complete monthly headcount driver for event-delta allocation: cc=1412000022, month=202606, previous_month=202605, category=headcount_worker, missing=current,previous",Provide monthly headcount for both the event month and previous month before using event-delta allocation.
action,1412000024,202606,headcount_event_delta,"Missing complete monthly headcount driver for event-delta allocation: cc=1412000024, month=202606, previous_month=202605, category=headcount_worker, missing=current,previous",Provide monthly headcount for both the event month and previous month before using event-delta allocation.
action,1412000025,202606,headcount_event_delta,"Missing complete monthly headcount driver for event-delta allocation: cc=1412000025, month=202606, previous_month=202605, category=headcount_worker, missing=current,previous",Provide monthly headcount for both the event month and previous month before using event-delta allocation.
action,1412000026,202606,headcount_event_delta,"Missing complete monthly headcount driver for event-delta allocation: cc=1412000026, month=202606, previous_month=202605, category=headcount_worker, missing=current,previous",Provide monthly headcount for both the event month and previous month before using event-delta allocation.
action,1412000028,202606,headcount_event_delta,"Missing complete monthly headcount driver for event-delta allocation: cc=1412000028, month=202606, previous_month=202605, category=headcount_worker, missing=current,previous",Provide monthly headcount for both the event month and previous month before using event-delta allocation.
action,1412000029,202606,headcount_event_delta,"Missing complete monthly headcount driver for event-delta allocation: cc=1412000029, month=202606, previous_month=202605, category=headcount_worker, missing=current,previous",Provide monthly headcount for both the event month and previous month before using event-delta allocation.
action,1412000030,202606,headcount_event_delta,"Missing complete monthly headcount driver for event-delta allocation: cc=1412000030, month=202606, previous_month=202605, category=headcount_worker, missing=current,previous",Provide monthly headcount for both the event month and previous month before using event-delta allocation.
action,1412000086,202606,headcount_event_delta,"Missing complete monthly headcount driver for event-delta allocation: cc=1412000086, month=202606, previous_month=202605, category=headcount_worker, missing=current,previous",Provide monthly headcount for both the event month and previous month before using event-delta allocation.
action,1412000063,202606,headcount_event_delta,"Missing complete monthly headcount driver for event-delta allocation: cc=1412000063, month=202606, previous_month=202605, category=headcount_worker, missing=current,previous",Provide monthly headcount for both the event month and previous month before using event-delta allocation.
action,1412000066,202606,headcount_event_delta,"Missing complete monthly headcount driver for event-delta allocation: cc=1412000066, month=202606, previous_month=202605, category=headcount_worker, missing=current,previous",Provide monthly headcount for both the event month and previous month before using event-delta allocation.
action,1412000035,202606,headcount_event_delta,"Missing complete monthly headcount driver for event-delta allocation: cc=1412000035, month=202606, previous_month=202605, category=headcount_worker, missing=current,previous",Provide monthly headcount for both the event month and previous month before using event-delta allocation.
action,1412000016,202606,headcount_event_delta,"Missing complete monthly headcount driver for event-delta allocation: cc=1412000016, month=202606, previous_month=202605, category=headcount_worker, missing=current,previous",Provide monthly headcount for both the event month and previous month before using event-delta allocation.
action,1412000069,202606,headcount_event_delta,"Missing complete monthly headcount driver for event-delta allocation: cc=1412000069, month=202606, previous_month=202605, category=headcount_worker, missing=current,previous",Provide monthly headcount for both the event month and previous month before using event-delta allocation.
action,1412000070,202606,headcount_event_delta,"Missing complete monthly headcount driver for event-delta allocation: cc=1412000070, month=202606, previous_month=202605, category=headcount_worker, missing=current,previous",Provide monthly headcount for both the event month and previous month before using event-delta allocation.
action,1412000072,202606,headcount_event_delta,"Missing complete monthly headcount driver for event-delta allocation: cc=1412000072, month=202606, previous_month=202605, category=headcount_worker, missing=current,previous",Provide monthly headcount for both the event month and previous month before using event-delta allocation.
action,1412000073,202606,headcount_event_delta,"Missing complete monthly headcount driver for event-delta allocation: cc=1412000073, month=202606, previous_month=202605, category=headcount_worker, missing=current,previous",Provide monthly headcount for both the event month and previous month before using event-delta allocation.
action,1412000104,202606,headcount_event_delta,"Missing complete monthly headcount driver for event-delta allocation: cc=1412000104, month=202606, previous_month=202605, category=headcount_worker, missing=current,previous",Provide monthly headcount for both the event month and previous month before using event-delta allocation.
action,1412000057,202606,headcount_event_delta,"Missing complete monthly headcount driver for event-delta allocation: cc=1412000057, month=202606, previous_month=202605, category=headcount_worker, missing=current,previous",Provide monthly headcount for both the event month and previous month before using event-delta allocation.
action,1412000078,202606,headcount_event_delta,"Missing complete monthly headcount driver for event-delta allocation: cc=1412000078, month=202606, previous_month=202605, category=headcount_worker, missing=current,previous",Provide monthly headcount for both the event month and previous month before using event-delta allocation.
action,1412C00001,202606,headcount_event_delta,"Missing complete monthly headcount driver for event-delta allocation: cc=1412C00001, month=202606, previous_month=202605, category=headcount_worker, missing=current,previous",Provide monthly headcount for both the event month and previous month before using event-delta allocation.
action,1412000081,202606,headcount_event_delta,"Missing complete monthly headcount driver for event-delta allocation: cc=1412000081, month=202606, previous_month=202605, category=headcount_worker, missing=current,previous",Provide monthly headcount for both the event month and previous month before using event-delta allocation.
action,1412000083,202606,headcount_event_delta,"Missing complete monthly headcount driver for event-delta allocation: cc=1412000083, month=202606, previous_month=202605, category=headcount_worker, missing=current,previous",Provide monthly headcount for both the event month and previous month before using event-delta allocation.
action,1412000084,202606,headcount_event_delta,"Missing complete monthly headcount driver for event-delta allocation: cc=1412000084, month=202606, previous_month=202605, category=headcount_worker, missing=current,previous",Provide monthly headcount for both the event month and previous month before using event-delta allocation.
action,1412000087,202606,headcount_event_delta,"Missing complete monthly headcount driver for event-delta allocation: cc=1412000087, month=202606, previous_month=202605, category=headcount_worker, missing=current,previous",Provide monthly headcount for both the event month and previous month before using event-delta allocation.
action,1412000088,202606,headcount_event_delta,"Missing complete monthly headcount driver for event-delta allocation: cc=1412000088, month=202606, previous_month=202605, category=headcount_worker, missing=current,previous",Provide monthly headcount for both the event month and previous month before using event-delta allocation.
action,1412000091,202606,headcount_event_delta,"Missing complete monthly headcount driver for event-delta allocation: cc=1412000091, month=202606, previous_month=202605, category=headcount_worker, missing=current,previous",Provide monthly headcount for both the event month and previous month before using event-delta allocation.
action,1412000092,202606,headcount_event_delta,"Missing complete monthly headcount driver for event-delta allocation: cc=1412000092, month=202606, previous_month=202605, category=headcount_worker, missing=current,previous",Provide monthly headcount for both the event month and previous month before using event-delta allocation.
action,1412000093,202606,headcount_event_delta,"Missing complete monthly headcount driver for event-delta allocation: cc=1412000093, month=202606, previous_month=202605, category=headcount_worker, missing=current,previous",Provide monthly headcount for both the event month and previous month before using event-delta allocation.
action,1412000094,202606,headcount_event_delta,"Missing complete monthly headcount driver for event-delta allocation: cc=1412000094, month=202606, previous_month=202605, category=headcount_worker, missing=current,previous",Provide monthly headcount for both the event month and previous month before using event-delta allocation.
action,1412000096,202606,headcount_event_delta,"Missing complete monthly headcount driver for event-delta allocation: cc=1412000096, month=202606, previous_month=202605, category=headcount_worker, missing=current,previous",Provide monthly headcount for both the event month and previous month before using event-delta allocation.
action,1412000098,202606,headcount_event_delta,"Missing complete monthly headcount driver for event-delta allocation: cc=1412000098, month=202606, previous_month=202605, category=headcount_worker, missing=current,previous",Provide monthly headcount for both the event month and previous month before using event-delta allocation.
action,1412000099,202606,headcount_event_delta,"Missing complete monthly headcount driver for event-delta allocation: cc=1412000099, month=202606, previous_month=202605, category=headcount_worker, missing=current,previous",Provide monthly headcount for both the event month and previous month before using event-delta allocation.
action,1412000101,202606,headcount_event_delta,"Missing complete monthly headcount driver for event-delta allocation: cc=1412000101, month=202606, previous_month=202605, category=headcount_worker, missing=current,previous",Provide monthly headcount for both the event month and previous month before using event-delta allocation.
action,1412000100,202606,headcount_event_delta,"Missing complete monthly headcount driver for event-delta allocation: cc=1412000100, month=202606, previous_month=202605, category=headcount_worker, missing=current,previous",Provide monthly headcount for both the event month and previous month before using event-delta allocation.
action,1412000103,202606,headcount_event_delta,"Missing complete monthly headcount driver for event-delta allocation: cc=1412000103, month=202606, previous_month=202605, category=headcount_worker, missing=current,previous",Provide monthly headcount for both the event month and previous month before using event-delta allocation.
action,1412000105,202606,headcount_event_delta,"Missing complete monthly headcount driver for event-delta allocation: cc=1412000105, month=202606, previous_month=202605, category=headcount_worker, missing=current,previous",Provide monthly headcount for both the event month and previous month before using event-delta allocation.
action,1412000075,202606,headcount_event_delta,"Missing complete monthly headcount driver for event-delta allocation: cc=1412000075, month=202606, previous_month=202605, category=headcount_worker, missing=current,previous",Provide monthly headcount for both the event month and previous month before using event-delta allocation.
action,1412000106,202606,headcount_event_delta,"Missing complete monthly headcount driver for event-delta allocation: cc=1412000106, month=202606, previous_month=202605, category=headcount_worker, missing=current,previous",Provide monthly headcount for both the event month and previous month before using event-delta allocation.
action,1412000039,202606,headcount_event_delta,"Missing complete monthly headcount driver for event-delta allocation: cc=1412000039, month=202606, previous_month=202605, category=headcount_worker, missing=current,previous",Provide monthly headcount for both the event month and previous month before using event-delta allocation.
action,1412000108,202606,headcount_event_delta,"Missing complete monthly headcount driver for event-delta allocation: cc=1412000108, month=202606, previous_month=202605, category=headcount_worker, missing=current,previous",Provide monthly headcount for both the event month and previous month before using event-delta allocation.
action,1412000005,202607,headcount_event_delta,"Missing complete monthly headcount driver for event-delta allocation: cc=1412000005, month=202607, previous_month=202606, category=headcount_worker, missing=current,previous",Provide monthly headcount for both the event month and previous month before using event-delta allocation.
action,1412000062,202607,headcount_event_delta,"Missing complete monthly headcount driver for event-delta allocation: cc=1412000062, month=202607, previous_month=202606, category=headcount_worker, missing=current,previous",Provide monthly headcount for both the event month and previous month before using event-delta allocation.
action,1412000034,202607,headcount_event_delta,"Missing complete monthly headcount driver for event-delta allocation: cc=1412000034, month=202607, previous_month=202606, category=headcount_worker, missing=current,previous",Provide monthly headcount for both the event month and previous month before using event-delta allocation.
action,1412000048,202607,headcount_event_delta,"Missing complete monthly headcount driver for event-delta allocation: cc=1412000048, month=202607, previous_month=202606, category=headcount_worker, missing=current,previous",Provide monthly headcount for both the event month and previous month before using event-delta allocation.
action,1412000055,202607,headcount_event_delta,"Missing complete monthly headcount driver for event-delta allocation: cc=1412000055, month=202607, previous_month=202606, category=headcount_worker, missing=current,previous",Provide monthly headcount for both the event month and previous month before using event-delta allocation.
action,1412000050,202607,headcount_event_delta,"Missing complete monthly headcount driver for event-delta allocation: cc=1412000050, month=202607, previous_month=202606, category=headcount_worker, missing=current,previous",Provide monthly headcount for both the event month and previous month before using event-delta allocation.
action,1412000077,202607,headcount_event_delta,"Missing complete monthly headcount driver for event-delta allocation: cc=1412000077, month=202607, previous_month=202606, category=headcount_worker, missing=current,previous",Provide monthly headcount for both the event month and previous month before using event-delta allocation.
action,1412000053,202607,headcount_event_delta,"Missing complete monthly headcount driver for event-delta allocation: cc=1412000053, month=202607, previous_month=202606, category=headcount_worker, missing=current,previous",Provide monthly headcount for both the event month and previous month before using event-delta allocation.
action,1412000008,202607,headcount_event_delta,"Missing complete monthly headcount driver for event-delta allocation: cc=1412000008, month=202607, previous_month=202606, category=headcount_worker, missing=current,previous",Provide monthly headcount for both the event month and previous month before using event-delta allocation.
action,1412000010,202607,headcount_event_delta,"Missing complete monthly headcount driver for event-delta allocation: cc=1412000010, month=202607, previous_month=202606, category=headcount_worker, missing=current,previous",Provide monthly headcount for both the event month and previous month before using event-delta allocation.
action,1412000054,202607,headcount_event_delta,"Missing complete monthly headcount driver for event-delta allocation: cc=1412000054, month=202607, previous_month=202606, category=headcount_worker, missing=current,previous",Provide monthly headcount for both the event month and previous month before using event-delta allocation.
action,1412000036,202607,headcount_event_delta,"Missing complete monthly headcount driver for event-delta allocation: cc=1412000036, month=202607, previous_month=202606, category=headcount_worker, missing=current,previous",Provide monthly headcount for both the event month and previous month before using event-delta allocation.
action,1412000089,202607,headcount_event_delta,"Missing complete monthly headcount driver for event-delta allocation: cc=1412000089, month=202607, previous_month=202606, category=headcount_worker, missing=current,previous",Provide monthly headcount for both the event month and previous month before using event-delta allocation.
action,1412000013,202607,headcount_event_delta,"Missing complete monthly headcount driver for event-delta allocation: cc=1412000013, month=202607, previous_month=202606, category=headcount_worker, missing=current,previous",Provide monthly headcount for both the event month and previous month before using event-delta allocation.
action,1412000080,202607,headcount_event_delta,"Missing complete monthly headcount driver for event-delta allocation: cc=1412000080, month=202607, previous_month=202606, category=headcount_worker, missing=current,previous",Provide monthly headcount for both the event month and previous month before using event-delta allocation.
action,1412000044,202607,headcount_event_delta,"Missing complete monthly headcount driver for event-delta allocation: cc=1412000044, month=202607, previous_month=202606, category=headcount_worker, missing=current,previous",Provide monthly headcount for both the event month and previous month before using event-delta allocation.
action,1412000056,202607,headcount_event_delta,"Missing complete monthly headcount driver for event-delta allocation: cc=1412000056, month=202607, previous_month=202606, category=headcount_worker, missing=current,previous",Provide monthly headcount for both the event month and previous month before using event-delta allocation.
action,1412000018,202607,headcount_event_delta,"Missing complete monthly headcount driver for event-delta allocation: cc=1412000018, month=202607, previous_month=202606, category=headcount_worker, missing=current,previous",Provide monthly headcount for both the event month and previous month before using event-delta allocation.
action,1412000019,202607,headcount_event_delta,"Missing complete monthly headcount driver for event-delta allocation: cc=1412000019, month=202607, previous_month=202606, category=headcount_worker, missing=current,previous",Provide monthly headcount for both the event month and previous month before using event-delta allocation.
action,1412000058,202607,headcount_event_delta,"Missing complete monthly headcount driver for event-delta allocation: cc=1412000058, month=202607, previous_month=202606, category=headcount_worker, missing=current,previous",Provide monthly headcount for both the event month and previous month before using event-delta allocation.
action,1412000042,202607,headcount_event_delta,"Missing complete monthly headcount driver for event-delta allocation: cc=1412000042, month=202607, previous_month=202606, category=headcount_worker, missing=current,previous",Provide monthly headcount for both the event month and previous month before using event-delta allocation.
action,1412000021,202607,headcount_event_delta,"Missing complete monthly headcount driver for event-delta allocation: cc=1412000021, month=202607, previous_month=202606, category=headcount_worker, missing=current,previous",Provide monthly headcount for both the event month and previous month before using event-delta allocation.
action,1412000022,202607,headcount_event_delta,"Missing complete monthly headcount driver for event-delta allocation: cc=1412000022, month=202607, previous_month=202606, category=headcount_worker, missing=current,previous",Provide monthly headcount for both the event month and previous month before using event-delta allocation.
action,1412000024,202607,headcount_event_delta,"Missing complete monthly headcount driver for event-delta allocation: cc=1412000024, month=202607, previous_month=202606, category=headcount_worker, missing=current,previous",Provide monthly headcount for both the event month and previous month before using event-delta allocation.
action,1412000025,202607,headcount_event_delta,"Missing complete monthly headcount driver for event-delta allocation: cc=1412000025, month=202607, previous_month=202606, category=headcount_worker, missing=current,previous",Provide monthly headcount for both the event month and previous month before using event-delta allocation.
action,1412000026,202607,headcount_event_delta,"Missing complete monthly headcount driver for event-delta allocation: cc=1412000026, month=202607, previous_month=202606, category=headcount_worker, missing=current,previous",Provide monthly headcount for both the event month and previous month before using event-delta allocation.
action,1412000028,202607,headcount_event_delta,"Missing complete monthly headcount driver for event-delta allocation: cc=1412000028, month=202607, previous_month=202606, category=headcount_worker, missing=current,previous",Provide monthly headcount for both the event month and previous month before using event-delta allocation.
action,1412000029,202607,headcount_event_delta,"Missing complete monthly headcount driver for event-delta allocation: cc=1412000029, month=202607, previous_month=202606, category=headcount_worker, missing=current,previous",Provide monthly headcount for both the event month and previous month before using event-delta allocation.
action,1412000030,202607,headcount_event_delta,"Missing complete monthly headcount driver for event-delta allocation: cc=1412000030, month=202607, previous_month=202606, category=headcount_worker, missing=current,previous",Provide monthly headcount for both the event month and previous month before using event-delta allocation.
action,1412000086,202607,headcount_event_delta,"Missing complete monthly headcount driver for event-delta allocation: cc=1412000086, month=202607, previous_month=202606, category=headcount_worker, missing=current,previous",Provide monthly headcount for both the event month and previous month before using event-delta allocation.
action,1412000063,202607,headcount_event_delta,"Missing complete monthly headcount driver for event-delta allocation: cc=1412000063, month=202607, previous_month=202606, category=headcount_worker, missing=current,previous",Provide monthly headcount for both the event month and previous month before using event-delta allocation.
action,1412000066,202607,headcount_event_delta,"Missing complete monthly headcount driver for event-delta allocation: cc=1412000066, month=202607, previous_month=202606, category=headcount_worker, missing=current,previous",Provide monthly headcount for both the event month and previous month before using event-delta allocation.
action,1412000035,202607,headcount_event_delta,"Missing complete monthly headcount driver for event-delta allocation: cc=1412000035, month=202607, previous_month=202606, category=headcount_worker, missing=current,previous",Provide monthly headcount for both the event month and previous month before using event-delta allocation.
action,1412000016,202607,headcount_event_delta,"Missing complete monthly headcount driver for event-delta allocation: cc=1412000016, month=202607, previous_month=202606, category=headcount_worker, missing=current,previous",Provide monthly headcount for both the event month and previous month before using event-delta allocation.
action,1412000069,202607,headcount_event_delta,"Missing complete monthly headcount driver for event-delta allocation: cc=1412000069, month=202607, previous_month=202606, category=headcount_worker, missing=current,previous",Provide monthly headcount for both the event month and previous month before using event-delta allocation.
action,1412000070,202607,headcount_event_delta,"Missing complete monthly headcount driver for event-delta allocation: cc=1412000070, month=202607, previous_month=202606, category=headcount_worker, missing=current,previous",Provide monthly headcount for both the event month and previous month before using event-delta allocation.
action,1412000072,202607,headcount_event_delta,"Missing complete monthly headcount driver for event-delta allocation: cc=1412000072, month=202607, previous_month=202606, category=headcount_worker, missing=current,previous",Provide monthly headcount for both the event month and previous month before using event-delta allocation.
action,1412000073,202607,headcount_event_delta,"Missing complete monthly headcount driver for event-delta allocation: cc=1412000073, month=202607, previous_month=202606, category=headcount_worker, missing=current,previous",Provide monthly headcount for both the event month and previous month before using event-delta allocation.
action,1412000104,202607,headcount_event_delta,"Missing complete monthly headcount driver for event-delta allocation: cc=1412000104, month=202607, previous_month=202606, category=headcount_worker, missing=current,previous",Provide monthly headcount for both the event month and previous month before using event-delta allocation.
action,1412000057,202607,headcount_event_delta,"Missing complete monthly headcount driver for event-delta allocation: cc=1412000057, month=202607, previous_month=202606, category=headcount_worker, missing=current,previous",Provide monthly headcount for both the event month and previous month before using event-delta allocation.
action,1412000078,202607,headcount_event_delta,"Missing complete monthly headcount driver for event-delta allocation: cc=1412000078, month=202607, previous_month=202606, category=headcount_worker, missing=current,previous",Provide monthly headcount for both the event month and previous month before using event-delta allocation.
action,1412C00001,202607,headcount_event_delta,"Missing complete monthly headcount driver for event-delta allocation: cc=1412C00001, month=202607, previous_month=202606, category=headcount_worker, missing=current,previous",Provide monthly headcount for both the event month and previous month before using event-delta allocation.
action,1412000081,202607,headcount_event_delta,"Missing complete monthly headcount driver for event-delta allocation: cc=1412000081, month=202607, previous_month=202606, category=headcount_worker, missing=current,previous",Provide monthly headcount for both the event month and previous month before using event-delta allocation.
action,1412000083,202607,headcount_event_delta,"Missing complete monthly headcount driver for event-delta allocation: cc=1412000083, month=202607, previous_month=202606, category=headcount_worker, missing=current,previous",Provide monthly headcount for both the event month and previous month before using event-delta allocation.
action,1412000084,202607,headcount_event_delta,"Missing complete monthly headcount driver for event-delta allocation: cc=1412000084, month=202607, previous_month=202606, category=headcount_worker, missing=current,previous",Provide monthly headcount for both the event month and previous month before using event-delta allocation.
action,1412000087,202607,headcount_event_delta,"Missing complete monthly headcount driver for event-delta allocation: cc=1412000087, month=202607, previous_month=202606, category=headcount_worker, missing=current,previous",Provide monthly headcount for both the event month and previous month before using event-delta allocation.
action,1412000088,202607,headcount_event_delta,"Missing complete monthly headcount driver for event-delta allocation: cc=1412000088, month=202607, previous_month=202606, category=headcount_worker, missing=current,previous",Provide monthly headcount for both the event month and previous month before using event-delta allocation.
action,1412000091,202607,headcount_event_delta,"Missing complete monthly headcount driver for event-delta allocation: cc=1412000091, month=202607, previous_month=202606, category=headcount_worker, missing=current,previous",Provide monthly headcount for both the event month and previous month before using event-delta allocation.
action,1412000092,202607,headcount_event_delta,"Missing complete monthly headcount driver for event-delta allocation: cc=1412000092, month=202607, previous_month=202606, category=headcount_worker, missing=current,previous",Provide monthly headcount for both the event month and previous month before using event-delta allocation.
action,1412000093,202607,headcount_event_delta,"Missing complete monthly headcount driver for event-delta allocation: cc=1412000093, month=202607, previous_month=202606, category=headcount_worker, missing=current,previous",Provide monthly headcount for both the event month and previous month before using event-delta allocation.
action,1412000094,202607,headcount_event_delta,"Missing complete monthly headcount driver for event-delta allocation: cc=1412000094, month=202607, previous_month=202606, category=headcount_worker, missing=current,previous",Provide monthly headcount for both the event month and previous month before using event-delta allocation.
action,1412000096,202607,headcount_event_delta,"Missing complete monthly headcount driver for event-delta allocation: cc=1412000096, month=202607, previous_month=202606, category=headcount_worker, missing=current,previous",Provide monthly headcount for both the event month and previous month before using event-delta allocation.
action,1412000098,202607,headcount_event_delta,"Missing complete monthly headcount driver for event-delta allocation: cc=1412000098, month=202607, previous_month=202606, category=headcount_worker, missing=current,previous",Provide monthly headcount for both the event month and previous month before using event-delta allocation.
action,1412000099,202607,headcount_event_delta,"Missing complete monthly headcount driver for event-delta allocation: cc=1412000099, month=202607, previous_month=202606, category=headcount_worker, missing=current,previous",Provide monthly headcount for both the event month and previous month before using event-delta allocation.
action,1412000101,202607,headcount_event_delta,"Missing complete monthly headcount driver for event-delta allocation: cc=1412000101, month=202607, previous_month=202606, category=headcount_worker, missing=current,previous",Provide monthly headcount for both the event month and previous month before using event-delta allocation.
action,1412000100,202607,headcount_event_delta,"Missing complete monthly headcount driver for event-delta allocation: cc=1412000100, month=202607, previous_month=202606, category=headcount_worker, missing=current,previous",Provide monthly headcount for both the event month and previous month before using event-delta allocation.
action,1412000103,202607,headcount_event_delta,"Missing complete monthly headcount driver for event-delta allocation: cc=1412000103, month=202607, previous_month=202606, category=headcount_worker, missing=current,previous",Provide monthly headcount for both the event month and previous month before using event-delta allocation.
action,1412000105,202607,headcount_event_delta,"Missing complete monthly headcount driver for event-delta allocation: cc=1412000105, month=202607, previous_month=202606, category=headcount_worker, missing=current,previous",Provide monthly headcount for both the event month and previous month before using event-delta allocation.
action,1412000075,202607,headcount_event_delta,"Missing complete monthly headcount driver for event-delta allocation: cc=1412000075, month=202607, previous_month=202606, category=headcount_worker, missing=current,previous",Provide monthly headcount for both the event month and previous month before using event-delta allocation.
action,1412000106,202607,headcount_event_delta,"Missing complete monthly headcount driver for event-delta allocation: cc=1412000106, month=202607, previous_month=202606, category=headcount_worker, missing=current,previous",Provide monthly headcount for both the event month and previous month before using event-delta allocation.
action,1412000039,202607,headcount_event_delta,"Missing complete monthly headcount driver for event-delta allocation: cc=1412000039, month=202607, previous_month=202606, category=headcount_worker, missing=current,previous",Provide monthly headcount for both the event month and previous month before using event-delta allocation.
action,1412000108,202607,headcount_event_delta,"Missing complete monthly headcount driver for event-delta allocation: cc=1412000108, month=202607, previous_month=202606, category=headcount_worker, missing=current,previous",Provide monthly headcount for both the event month and previous month before using event-delta allocation.
action,1412000005,202608,headcount_event_delta,"Missing complete monthly headcount driver for event-delta allocation: cc=1412000005, month=202608, previous_month=202607, category=headcount_worker, missing=current,previous",Provide monthly headcount for both the event month and previous month before using event-delta allocation.
action,1412000062,202608,headcount_event_delta,"Missing complete monthly headcount driver for event-delta allocation: cc=1412000062, month=202608, previous_month=202607, category=headcount_worker, missing=current,previous",Provide monthly headcount for both the event month and previous month before using event-delta allocation.
action,1412000034,202608,headcount_event_delta,"Missing complete monthly headcount driver for event-delta allocation: cc=1412000034, month=202608, previous_month=202607, category=headcount_worker, missing=current,previous",Provide monthly headcount for both the event month and previous month before using event-delta allocation.
action,1412000048,202608,headcount_event_delta,"Missing complete monthly headcount driver for event-delta allocation: cc=1412000048, month=202608, previous_month=202607, category=headcount_worker, missing=current,previous",Provide monthly headcount for both the event month and previous month before using event-delta allocation.
action,1412000055,202608,headcount_event_delta,"Missing complete monthly headcount driver for event-delta allocation: cc=1412000055, month=202608, previous_month=202607, category=headcount_worker, missing=current,previous",Provide monthly headcount for both the event month and previous month before using event-delta allocation.
action,1412000050,202608,headcount_event_delta,"Missing complete monthly headcount driver for event-delta allocation: cc=1412000050, month=202608, previous_month=202607, category=headcount_worker, missing=current,previous",Provide monthly headcount for both the event month and previous month before using event-delta allocation.
action,1412000077,202608,headcount_event_delta,"Missing complete monthly headcount driver for event-delta allocation: cc=1412000077, month=202608, previous_month=202607, category=headcount_worker, missing=current,previous",Provide monthly headcount for both the event month and previous month before using event-delta allocation.
action,1412000053,202608,headcount_event_delta,"Missing complete monthly headcount driver for event-delta allocation: cc=1412000053, month=202608, previous_month=202607, category=headcount_worker, missing=current,previous",Provide monthly headcount for both the event month and previous month before using event-delta allocation.
action,1412000008,202608,headcount_event_delta,"Missing complete monthly headcount driver for event-delta allocation: cc=1412000008, month=202608, previous_month=202607, category=headcount_worker, missing=current,previous",Provide monthly headcount for both the event month and previous month before using event-delta allocation.
action,1412000010,202608,headcount_event_delta,"Missing complete monthly headcount driver for event-delta allocation: cc=1412000010, month=202608, previous_month=202607, category=headcount_worker, missing=current,previous",Provide monthly headcount for both the event month and previous month before using event-delta allocation.
action,1412000054,202608,headcount_event_delta,"Missing complete monthly headcount driver for event-delta allocation: cc=1412000054, month=202608, previous_month=202607, category=headcount_worker, missing=current,previous",Provide monthly headcount for both the event month and previous month before using event-delta allocation.
action,1412000036,202608,headcount_event_delta,"Missing complete monthly headcount driver for event-delta allocation: cc=1412000036, month=202608, previous_month=202607, category=headcount_worker, missing=current,previous",Provide monthly headcount for both the event month and previous month before using event-delta allocation.
action,1412000089,202608,headcount_event_delta,"Missing complete monthly headcount driver for event-delta allocation: cc=1412000089, month=202608, previous_month=202607, category=headcount_worker, missing=current,previous",Provide monthly headcount for both the event month and previous month before using event-delta allocation.
action,1412000013,202608,headcount_event_delta,"Missing complete monthly headcount driver for event-delta allocation: cc=1412000013, month=202608, previous_month=202607, category=headcount_worker, missing=current,previous",Provide monthly headcount for both the event month and previous month before using event-delta allocation.
action,1412000080,202608,headcount_event_delta,"Missing complete monthly headcount driver for event-delta allocation: cc=1412000080, month=202608, previous_month=202607, category=headcount_worker, missing=current,previous",Provide monthly headcount for both the event month and previous month before using event-delta allocation.
action,1412000044,202608,headcount_event_delta,"Missing complete monthly headcount driver for event-delta allocation: cc=1412000044, month=202608, previous_month=202607, category=headcount_worker, missing=current,previous",Provide monthly headcount for both the event month and previous month before using event-delta allocation.
action,1412000056,202608,headcount_event_delta,"Missing complete monthly headcount driver for event-delta allocation: cc=1412000056, month=202608, previous_month=202607, category=headcount_worker, missing=current,previous",Provide monthly headcount for both the event month and previous month before using event-delta allocation.
action,1412000018,202608,headcount_event_delta,"Missing complete monthly headcount driver for event-delta allocation: cc=1412000018, month=202608, previous_month=202607, category=headcount_worker, missing=current,previous",Provide monthly headcount for both the event month and previous month before using event-delta allocation.
action,1412000019,202608,headcount_event_delta,"Missing complete monthly headcount driver for event-delta allocation: cc=1412000019, month=202608, previous_month=202607, category=headcount_worker, missing=current,previous",Provide monthly headcount for both the event month and previous month before using event-delta allocation.
action,1412000058,202608,headcount_event_delta,"Missing complete monthly headcount driver for event-delta allocation: cc=1412000058, month=202608, previous_month=202607, category=headcount_worker, missing=current,previous",Provide monthly headcount for both the event month and previous month before using event-delta allocation.
action,1412000042,202608,headcount_event_delta,"Missing complete monthly headcount driver for event-delta allocation: cc=1412000042, month=202608, previous_month=202607, category=headcount_worker, missing=current,previous",Provide monthly headcount for both the event month and previous month before using event-delta allocation.
action,1412000021,202608,headcount_event_delta,"Missing complete monthly headcount driver for event-delta allocation: cc=1412000021, month=202608, previous_month=202607, category=headcount_worker, missing=current,previous",Provide monthly headcount for both the event month and previous month before using event-delta allocation.
action,1412000022,202608,headcount_event_delta,"Missing complete monthly headcount driver for event-delta allocation: cc=1412000022, month=202608, previous_month=202607, category=headcount_worker, missing=current,previous",Provide monthly headcount for both the event month and previous month before using event-delta allocation.
action,1412000024,202608,headcount_event_delta,"Missing complete monthly headcount driver for event-delta allocation: cc=1412000024, month=202608, previous_month=202607, category=headcount_worker, missing=current,previous",Provide monthly headcount for both the event month and previous month before using event-delta allocation.
action,1412000025,202608,headcount_event_delta,"Missing complete monthly headcount driver for event-delta allocation: cc=1412000025, month=202608, previous_month=202607, category=headcount_worker, missing=current,previous",Provide monthly headcount for both the event month and previous month before using event-delta allocation.
action,1412000026,202608,headcount_event_delta,"Missing complete monthly headcount driver for event-delta allocation: cc=1412000026, month=202608, previous_month=202607, category=headcount_worker, missing=current,previous",Provide monthly headcount for both the event month and previous month before using event-delta allocation.
action,1412000028,202608,headcount_event_delta,"Missing complete monthly headcount driver for event-delta allocation: cc=1412000028, month=202608, previous_month=202607, category=headcount_worker, missing=current,previous",Provide monthly headcount for both the event month and previous month before using event-delta allocation.
action,1412000029,202608,headcount_event_delta,"Missing complete monthly headcount driver for event-delta allocation: cc=1412000029, month=202608, previous_month=202607, category=headcount_worker, missing=current,previous",Provide monthly headcount for both the event month and previous month before using event-delta allocation.
action,1412000030,202608,headcount_event_delta,"Missing complete monthly headcount driver for event-delta allocation: cc=1412000030, month=202608, previous_month=202607, category=headcount_worker, missing=current,previous",Provide monthly headcount for both the event month and previous month before using event-delta allocation.
action,1412000086,202608,headcount_event_delta,"Missing complete monthly headcount driver for event-delta allocation: cc=1412000086, month=202608, previous_month=202607, category=headcount_worker, missing=current,previous",Provide monthly headcount for both the event month and previous month before using event-delta allocation.
action,1412000063,202608,headcount_event_delta,"Missing complete monthly headcount driver for event-delta allocation: cc=1412000063, month=202608, previous_month=202607, category=headcount_worker, missing=current,previous",Provide monthly headcount for both the event month and previous month before using event-delta allocation.
action,1412000066,202608,headcount_event_delta,"Missing complete monthly headcount driver for event-delta allocation: cc=1412000066, month=202608, previous_month=202607, category=headcount_worker, missing=current,previous",Provide monthly headcount for both the event month and previous month before using event-delta allocation.
action,1412000035,202608,headcount_event_delta,"Missing complete monthly headcount driver for event-delta allocation: cc=1412000035, month=202608, previous_month=202607, category=headcount_worker, missing=current,previous",Provide monthly headcount for both the event month and previous month before using event-delta allocation.
action,1412000016,202608,headcount_event_delta,"Missing complete monthly headcount driver for event-delta allocation: cc=1412000016, month=202608, previous_month=202607, category=headcount_worker, missing=current,previous",Provide monthly headcount for both the event month and previous month before using event-delta allocation.
action,1412000069,202608,headcount_event_delta,"Missing complete monthly headcount driver for event-delta allocation: cc=1412000069, month=202608, previous_month=202607, category=headcount_worker, missing=current,previous",Provide monthly headcount for both the event month and previous month before using event-delta allocation.
action,1412000070,202608,headcount_event_delta,"Missing complete monthly headcount driver for event-delta allocation: cc=1412000070, month=202608, previous_month=202607, category=headcount_worker, missing=current,previous",Provide monthly headcount for both the event month and previous month before using event-delta allocation.
action,1412000072,202608,headcount_event_delta,"Missing complete monthly headcount driver for event-delta allocation: cc=1412000072, month=202608, previous_month=202607, category=headcount_worker, missing=current,previous",Provide monthly headcount for both the event month and previous month before using event-delta allocation.
action,1412000073,202608,headcount_event_delta,"Missing complete monthly headcount driver for event-delta allocation: cc=1412000073, month=202608, previous_month=202607, category=headcount_worker, missing=current,previous",Provide monthly headcount for both the event month and previous month before using event-delta allocation.
action,1412000104,202608,headcount_event_delta,"Missing complete monthly headcount driver for event-delta allocation: cc=1412000104, month=202608, previous_month=202607, category=headcount_worker, missing=current,previous",Provide monthly headcount for both the event month and previous month before using event-delta allocation.
action,1412000057,202608,headcount_event_delta,"Missing complete monthly headcount driver for event-delta allocation: cc=1412000057, month=202608, previous_month=202607, category=headcount_worker, missing=current,previous",Provide monthly headcount for both the event month and previous month before using event-delta allocation.
action,1412000078,202608,headcount_event_delta,"Missing complete monthly headcount driver for event-delta allocation: cc=1412000078, month=202608, previous_month=202607, category=headcount_worker, missing=current,previous",Provide monthly headcount for both the event month and previous month before using event-delta allocation.
action,1412C00001,202608,headcount_event_delta,"Missing complete monthly headcount driver for event-delta allocation: cc=1412C00001, month=202608, previous_month=202607, category=headcount_worker, missing=current,previous",Provide monthly headcount for both the event month and previous month before using event-delta allocation.
action,1412000081,202608,headcount_event_delta,"Missing complete monthly headcount driver for event-delta allocation: cc=1412000081, month=202608, previous_month=202607, category=headcount_worker, missing=current,previous",Provide monthly headcount for both the event month and previous month before using event-delta allocation.
action,1412000083,202608,headcount_event_delta,"Missing complete monthly headcount driver for event-delta allocation: cc=1412000083, month=202608, previous_month=202607, category=headcount_worker, missing=current,previous",Provide monthly headcount for both the event month and previous month before using event-delta allocation.
action,1412000084,202608,headcount_event_delta,"Missing complete monthly headcount driver for event-delta allocation: cc=1412000084, month=202608, previous_month=202607, category=headcount_worker, missing=current,previous",Provide monthly headcount for both the event month and previous month before using event-delta allocation.
action,1412000087,202608,headcount_event_delta,"Missing complete monthly headcount driver for event-delta allocation: cc=1412000087, month=202608, previous_month=202607, category=headcount_worker, missing=current,previous",Provide monthly headcount for both the event month and previous month before using event-delta allocation.
action,1412000088,202608,headcount_event_delta,"Missing complete monthly headcount driver for event-delta allocation: cc=1412000088, month=202608, previous_month=202607, category=headcount_worker, missing=current,previous",Provide monthly headcount for both the event month and previous month before using event-delta allocation.
action,1412000091,202608,headcount_event_delta,"Missing complete monthly headcount driver for event-delta allocation: cc=1412000091, month=202608, previous_month=202607, category=headcount_worker, missing=current,previous",Provide monthly headcount for both the event month and previous month before using event-delta allocation.
action,1412000092,202608,headcount_event_delta,"Missing complete monthly headcount driver for event-delta allocation: cc=1412000092, month=202608, previous_month=202607, category=headcount_worker, missing=current,previous",Provide monthly headcount for both the event month and previous month before using event-delta allocation.
action,1412000093,202608,headcount_event_delta,"Missing complete monthly headcount driver for event-delta allocation: cc=1412000093, month=202608, previous_month=202607, category=headcount_worker, missing=current,previous",Provide monthly headcount for both the event month and previous month before using event-delta allocation.
action,1412000094,202608,headcount_event_delta,"Missing complete monthly headcount driver for event-delta allocation: cc=1412000094, month=202608, previous_month=202607, category=headcount_worker, missing=current,previous",Provide monthly headcount for both the event month and previous month before using event-delta allocation.
action,1412000096,202608,headcount_event_delta,"Missing complete monthly headcount driver for event-delta allocation: cc=1412000096, month=202608, previous_month=202607, category=headcount_worker, missing=current,previous",Provide monthly headcount for both the event month and previous month before using event-delta allocation.
action,1412000098,202608,headcount_event_delta,"Missing complete monthly headcount driver for event-delta allocation: cc=1412000098, month=202608, previous_month=202607, category=headcount_worker, missing=current,previous",Provide monthly headcount for both the event month and previous month before using event-delta allocation.
action,1412000099,202608,headcount_event_delta,"Missing complete monthly headcount driver for event-delta allocation: cc=1412000099, month=202608, previous_month=202607, category=headcount_worker, missing=current,previous",Provide monthly headcount for both the event month and previous month before using event-delta allocation.
action,1412000101,202608,headcount_event_delta,"Missing complete monthly headcount driver for event-delta allocation: cc=1412000101, month=202608, previous_month=202607, category=headcount_worker, missing=current,previous",Provide monthly headcount for both the event month and previous month before using event-delta allocation.
action,1412000100,202608,headcount_event_delta,"Missing complete monthly headcount driver for event-delta allocation: cc=1412000100, month=202608, previous_month=202607, category=headcount_worker, missing=current,previous",Provide monthly headcount for both the event month and previous month before using event-delta allocation.
action,1412000103,202608,headcount_event_delta,"Missing complete monthly headcount driver for event-delta allocation: cc=1412000103, month=202608, previous_month=202607, category=headcount_worker, missing=current,previous",Provide monthly headcount for both the event month and previous month before using event-delta allocation.
action,1412000105,202608,headcount_event_delta,"Missing complete monthly headcount driver for event-delta allocation: cc=1412000105, month=202608, previous_month=202607, category=headcount_worker, missing=current,previous",Provide monthly headcount for both the event month and previous month before using event-delta allocation.
action,1412000075,202608,headcount_event_delta,"Missing complete monthly headcount driver for event-delta allocation: cc=1412000075, month=202608, previous_month=202607, category=headcount_worker, missing=current,previous",Provide monthly headcount for both the event month and previous month before using event-delta allocation.
action,1412000106,202608,headcount_event_delta,"Missing complete monthly headcount driver for event-delta allocation: cc=1412000106, month=202608, previous_month=202607, category=headcount_worker, missing=current,previous",Provide monthly headcount for both the event month and previous month before using event-delta allocation.
action,1412000039,202608,headcount_event_delta,"Missing complete monthly headcount driver for event-delta allocation: cc=1412000039, month=202608, previous_month=202607, category=headcount_worker, missing=current,previous",Provide monthly headcount for both the event month and previous month before using event-delta allocation.
action,1412000108,202608,headcount_event_delta,"Missing complete monthly headcount driver for event-delta allocation: cc=1412000108, month=202608, previous_month=202607, category=headcount_worker, missing=current,previous",Provide monthly headcount for both the event month and previous month before using event-delta allocation.
action,1412000005,202609,headcount_event_delta,"Missing complete monthly headcount driver for event-delta allocation: cc=1412000005, month=202609, previous_month=202608, category=headcount_worker, missing=current,previous",Provide monthly headcount for both the event month and previous month before using event-delta allocation.
action,1412000062,202609,headcount_event_delta,"Missing complete monthly headcount driver for event-delta allocation: cc=1412000062, month=202609, previous_month=202608, category=headcount_worker, missing=current,previous",Provide monthly headcount for both the event month and previous month before using event-delta allocation.
action,1412000034,202609,headcount_event_delta,"Missing complete monthly headcount driver for event-delta allocation: cc=1412000034, month=202609, previous_month=202608, category=headcount_worker, missing=current,previous",Provide monthly headcount for both the event month and previous month before using event-delta allocation.
action,1412000048,202609,headcount_event_delta,"Missing complete monthly headcount driver for event-delta allocation: cc=1412000048, month=202609, previous_month=202608, category=headcount_worker, missing=current,previous",Provide monthly headcount for both the event month and previous month before using event-delta allocation.
action,1412000055,202609,headcount_event_delta,"Missing complete monthly headcount driver for event-delta allocation: cc=1412000055, month=202609, previous_month=202608, category=headcount_worker, missing=current,previous",Provide monthly headcount for both the event month and previous month before using event-delta allocation.
action,1412000050,202609,headcount_event_delta,"Missing complete monthly headcount driver for event-delta allocation: cc=1412000050, month=202609, previous_month=202608, category=headcount_worker, missing=current,previous",Provide monthly headcount for both the event month and previous month before using event-delta allocation.
action,1412000077,202609,headcount_event_delta,"Missing complete monthly headcount driver for event-delta allocation: cc=1412000077, month=202609, previous_month=202608, category=headcount_worker, missing=current,previous",Provide monthly headcount for both the event month and previous month before using event-delta allocation.
action,1412000053,202609,headcount_event_delta,"Missing complete monthly headcount driver for event-delta allocation: cc=1412000053, month=202609, previous_month=202608, category=headcount_worker, missing=current,previous",Provide monthly headcount for both the event month and previous month before using event-delta allocation.
action,1412000008,202609,headcount_event_delta,"Missing complete monthly headcount driver for event-delta allocation: cc=1412000008, month=202609, previous_month=202608, category=headcount_worker, missing=current,previous",Provide monthly headcount for both the event month and previous month before using event-delta allocation.
action,1412000010,202609,headcount_event_delta,"Missing complete monthly headcount driver for event-delta allocation: cc=1412000010, month=202609, previous_month=202608, category=headcount_worker, missing=current,previous",Provide monthly headcount for both the event month and previous month before using event-delta allocation.
action,1412000054,202609,headcount_event_delta,"Missing complete monthly headcount driver for event-delta allocation: cc=1412000054, month=202609, previous_month=202608, category=headcount_worker, missing=current,previous",Provide monthly headcount for both the event month and previous month before using event-delta allocation.
action,1412000036,202609,headcount_event_delta,"Missing complete monthly headcount driver for event-delta allocation: cc=1412000036, month=202609, previous_month=202608, category=headcount_worker, missing=current,previous",Provide monthly headcount for both the event month and previous month before using event-delta allocation.
action,1412000089,202609,headcount_event_delta,"Missing complete monthly headcount driver for event-delta allocation: cc=1412000089, month=202609, previous_month=202608, category=headcount_worker, missing=current,previous",Provide monthly headcount for both the event month and previous month before using event-delta allocation.
action,1412000013,202609,headcount_event_delta,"Missing complete monthly headcount driver for event-delta allocation: cc=1412000013, month=202609, previous_month=202608, category=headcount_worker, missing=current,previous",Provide monthly headcount for both the event month and previous month before using event-delta allocation.
action,1412000080,202609,headcount_event_delta,"Missing complete monthly headcount driver for event-delta allocation: cc=1412000080, month=202609, previous_month=202608, category=headcount_worker, missing=current,previous",Provide monthly headcount for both the event month and previous month before using event-delta allocation.
action,1412000044,202609,headcount_event_delta,"Missing complete monthly headcount driver for event-delta allocation: cc=1412000044, month=202609, previous_month=202608, category=headcount_worker, missing=current,previous",Provide monthly headcount for both the event month and previous month before using event-delta allocation.
action,1412000056,202609,headcount_event_delta,"Missing complete monthly headcount driver for event-delta allocation: cc=1412000056, month=202609, previous_month=202608, category=headcount_worker, missing=current,previous",Provide monthly headcount for both the event month and previous month before using event-delta allocation.
action,1412000018,202609,headcount_event_delta,"Missing complete monthly headcount driver for event-delta allocation: cc=1412000018, month=202609, previous_month=202608, category=headcount_worker, missing=current,previous",Provide monthly headcount for both the event month and previous month before using event-delta allocation.
action,1412000019,202609,headcount_event_delta,"Missing complete monthly headcount driver for event-delta allocation: cc=1412000019, month=202609, previous_month=202608, category=headcount_worker, missing=current,previous",Provide monthly headcount for both the event month and previous month before using event-delta allocation.
action,1412000058,202609,headcount_event_delta,"Missing complete monthly headcount driver for event-delta allocation: cc=1412000058, month=202609, previous_month=202608, category=headcount_worker, missing=current,previous",Provide monthly headcount for both the event month and previous month before using event-delta allocation.
action,1412000042,202609,headcount_event_delta,"Missing complete monthly headcount driver for event-delta allocation: cc=1412000042, month=202609, previous_month=202608, category=headcount_worker, missing=current,previous",Provide monthly headcount for both the event month and previous month before using event-delta allocation.
action,1412000021,202609,headcount_event_delta,"Missing complete monthly headcount driver for event-delta allocation: cc=1412000021, month=202609, previous_month=202608, category=headcount_worker, missing=current,previous",Provide monthly headcount for both the event month and previous month before using event-delta allocation.
action,1412000022,202609,headcount_event_delta,"Missing complete monthly headcount driver for event-delta allocation: cc=1412000022, month=202609, previous_month=202608, category=headcount_worker, missing=current,previous",Provide monthly headcount for both the event month and previous month before using event-delta allocation.
action,1412000024,202609,headcount_event_delta,"Missing complete monthly headcount driver for event-delta allocation: cc=1412000024, month=202609, previous_month=202608, category=headcount_worker, missing=current,previous",Provide monthly headcount for both the event month and previous month before using event-delta allocation.
action,1412000025,202609,headcount_event_delta,"Missing complete monthly headcount driver for event-delta allocation: cc=1412000025, month=202609, previous_month=202608, category=headcount_worker, missing=current,previous",Provide monthly headcount for both the event month and previous month before using event-delta allocation.
action,1412000026,202609,headcount_event_delta,"Missing complete monthly headcount driver for event-delta allocation: cc=1412000026, month=202609, previous_month=202608, category=headcount_worker, missing=current,previous",Provide monthly headcount for both the event month and previous month before using event-delta allocation.
action,1412000028,202609,headcount_event_delta,"Missing complete monthly headcount driver for event-delta allocation: cc=1412000028, month=202609, previous_month=202608, category=headcount_worker, missing=current,previous",Provide monthly headcount for both the event month and previous month before using event-delta allocation.
action,1412000029,202609,headcount_event_delta,"Missing complete monthly headcount driver for event-delta allocation: cc=1412000029, month=202609, previous_month=202608, category=headcount_worker, missing=current,previous",Provide monthly headcount for both the event month and previous month before using event-delta allocation.
action,1412000030,202609,headcount_event_delta,"Missing complete monthly headcount driver for event-delta allocation: cc=1412000030, month=202609, previous_month=202608, category=headcount_worker, missing=current,previous",Provide monthly headcount for both the event month and previous month before using event-delta allocation.
action,1412000086,202609,headcount_event_delta,"Missing complete monthly headcount driver for event-delta allocation: cc=1412000086, month=202609, previous_month=202608, category=headcount_worker, missing=current,previous",Provide monthly headcount for both the event month and previous month before using event-delta allocation.
action,1412000063,202609,headcount_event_delta,"Missing complete monthly headcount driver for event-delta allocation: cc=1412000063, month=202609, previous_month=202608, category=headcount_worker, missing=current,previous",Provide monthly headcount for both the event month and previous month before using event-delta allocation.
action,1412000066,202609,headcount_event_delta,"Missing complete monthly headcount driver for event-delta allocation: cc=1412000066, month=202609, previous_month=202608, category=headcount_worker, missing=current,previous",Provide monthly headcount for both the event month and previous month before using event-delta allocation.
action,1412000035,202609,headcount_event_delta,"Missing complete monthly headcount driver for event-delta allocation: cc=1412000035, month=202609, previous_month=202608, category=headcount_worker, missing=current,previous",Provide monthly headcount for both the event month and previous month before using event-delta allocation.
action,1412000016,202609,headcount_event_delta,"Missing complete monthly headcount driver for event-delta allocation: cc=1412000016, month=202609, previous_month=202608, category=headcount_worker, missing=current,previous",Provide monthly headcount for both the event month and previous month before using event-delta allocation.
action,1412000069,202609,headcount_event_delta,"Missing complete monthly headcount driver for event-delta allocation: cc=1412000069, month=202609, previous_month=202608, category=headcount_worker, missing=current,previous",Provide monthly headcount for both the event month and previous month before using event-delta allocation.
action,1412000070,202609,headcount_event_delta,"Missing complete monthly headcount driver for event-delta allocation: cc=1412000070, month=202609, previous_month=202608, category=headcount_worker, missing=current,previous",Provide monthly headcount for both the event month and previous month before using event-delta allocation.
action,1412000072,202609,headcount_event_delta,"Missing complete monthly headcount driver for event-delta allocation: cc=1412000072, month=202609, previous_month=202608, category=headcount_worker, missing=current,previous",Provide monthly headcount for both the event month and previous month before using event-delta allocation.
action,1412000073,202609,headcount_event_delta,"Missing complete monthly headcount driver for event-delta allocation: cc=1412000073, month=202609, previous_month=202608, category=headcount_worker, missing=current,previous",Provide monthly headcount for both the event month and previous month before using event-delta allocation.
action,1412000104,202609,headcount_event_delta,"Missing complete monthly headcount driver for event-delta allocation: cc=1412000104, month=202609, previous_month=202608, category=headcount_worker, missing=current,previous",Provide monthly headcount for both the event month and previous month before using event-delta allocation.
action,1412000057,202609,headcount_event_delta,"Missing complete monthly headcount driver for event-delta allocation: cc=1412000057, month=202609, previous_month=202608, category=headcount_worker, missing=current,previous",Provide monthly headcount for both the event month and previous month before using event-delta allocation.
action,1412000078,202609,headcount_event_delta,"Missing complete monthly headcount driver for event-delta allocation: cc=1412000078, month=202609, previous_month=202608, category=headcount_worker, missing=current,previous",Provide monthly headcount for both the event month and previous month before using event-delta allocation.
action,1412C00001,202609,headcount_event_delta,"Missing complete monthly headcount driver for event-delta allocation: cc=1412C00001, month=202609, previous_month=202608, category=headcount_worker, missing=current,previous",Provide monthly headcount for both the event month and previous month before using event-delta allocation.
action,1412000081,202609,headcount_event_delta,"Missing complete monthly headcount driver for event-delta allocation: cc=1412000081, month=202609, previous_month=202608, category=headcount_worker, missing=current,previous",Provide monthly headcount for both the event month and previous month before using event-delta allocation.
action,1412000083,202609,headcount_event_delta,"Missing complete monthly headcount driver for event-delta allocation: cc=1412000083, month=202609, previous_month=202608, category=headcount_worker, missing=current,previous",Provide monthly headcount for both the event month and previous month before using event-delta allocation.
action,1412000084,202609,headcount_event_delta,"Missing complete monthly headcount driver for event-delta allocation: cc=1412000084, month=202609, previous_month=202608, category=headcount_worker, missing=current,previous",Provide monthly headcount for both the event month and previous month before using event-delta allocation.
action,1412000087,202609,headcount_event_delta,"Missing complete monthly headcount driver for event-delta allocation: cc=1412000087, month=202609, previous_month=202608, category=headcount_worker, missing=current,previous",Provide monthly headcount for both the event month and previous month before using event-delta allocation.
action,1412000088,202609,headcount_event_delta,"Missing complete monthly headcount driver for event-delta allocation: cc=1412000088, month=202609, previous_month=202608, category=headcount_worker, missing=current,previous",Provide monthly headcount for both the event month and previous month before using event-delta allocation.
action,1412000091,202609,headcount_event_delta,"Missing complete monthly headcount driver for event-delta allocation: cc=1412000091, month=202609, previous_month=202608, category=headcount_worker, missing=current,previous",Provide monthly headcount for both the event month and previous month before using event-delta allocation.
action,1412000092,202609,headcount_event_delta,"Missing complete monthly headcount driver for event-delta allocation: cc=1412000092, month=202609, previous_month=202608, category=headcount_worker, missing=current,previous",Provide monthly headcount for both the event month and previous month before using event-delta allocation.
action,1412000093,202609,headcount_event_delta,"Missing complete monthly headcount driver for event-delta allocation: cc=1412000093, month=202609, previous_month=202608, category=headcount_worker, missing=current,previous",Provide monthly headcount for both the event month and previous month before using event-delta allocation.
action,1412000094,202609,headcount_event_delta,"Missing complete monthly headcount driver for event-delta allocation: cc=1412000094, month=202609, previous_month=202608, category=headcount_worker, missing=current,previous",Provide monthly headcount for both the event month and previous month before using event-delta allocation.
action,1412000096,202609,headcount_event_delta,"Missing complete monthly headcount driver for event-delta allocation: cc=1412000096, month=202609, previous_month=202608, category=headcount_worker, missing=current,previous",Provide monthly headcount for both the event month and previous month before using event-delta allocation.
action,1412000098,202609,headcount_event_delta,"Missing complete monthly headcount driver for event-delta allocation: cc=1412000098, month=202609, previous_month=202608, category=headcount_worker, missing=current,previous",Provide monthly headcount for both the event month and previous month before using event-delta allocation.
action,1412000099,202609,headcount_event_delta,"Missing complete monthly headcount driver for event-delta allocation: cc=1412000099, month=202609, previous_month=202608, category=headcount_worker, missing=current,previous",Provide monthly headcount for both the event month and previous month before using event-delta allocation.
action,1412000101,202609,headcount_event_delta,"Missing complete monthly headcount driver for event-delta allocation: cc=1412000101, month=202609, previous_month=202608, category=headcount_worker, missing=current,previous",Provide monthly headcount for both the event month and previous month before using event-delta allocation.
action,1412000100,202609,headcount_event_delta,"Missing complete monthly headcount driver for event-delta allocation: cc=1412000100, month=202609, previous_month=202608, category=headcount_worker, missing=current,previous",Provide monthly headcount for both the event month and previous month before using event-delta allocation.
action,1412000103,202609,headcount_event_delta,"Missing complete monthly headcount driver for event-delta allocation: cc=1412000103, month=202609, previous_month=202608, category=headcount_worker, missing=current,previous",Provide monthly headcount for both the event month and previous month before using event-delta allocation.
action,1412000105,202609,headcount_event_delta,"Missing complete monthly headcount driver for event-delta allocation: cc=1412000105, month=202609, previous_month=202608, category=headcount_worker, missing=current,previous",Provide monthly headcount for both the event month and previous month before using event-delta allocation.
action,1412000075,202609,headcount_event_delta,"Missing complete monthly headcount driver for event-delta allocation: cc=1412000075, month=202609, previous_month=202608, category=headcount_worker, missing=current,previous",Provide monthly headcount for both the event month and previous month before using event-delta allocation.
action,1412000106,202609,headcount_event_delta,"Missing complete monthly headcount driver for event-delta allocation: cc=1412000106, month=202609, previous_month=202608, category=headcount_worker, missing=current,previous",Provide monthly headcount for both the event month and previous month before using event-delta allocation.
action,1412000039,202609,headcount_event_delta,"Missing complete monthly headcount driver for event-delta allocation: cc=1412000039, month=202609, previous_month=202608, category=headcount_worker, missing=current,previous",Provide monthly headcount for both the event month and previous month before using event-delta allocation.
action,1412000108,202609,headcount_event_delta,"Missing complete monthly headcount driver for event-delta allocation: cc=1412000108, month=202609, previous_month=202608, category=headcount_worker, missing=current,previous",Provide monthly headcount for both the event month and previous month before using event-delta allocation.
action,1412000005,202610,headcount_event_delta,"Missing complete monthly headcount driver for event-delta allocation: cc=1412000005, month=202610, previous_month=202609, category=headcount_worker, missing=current,previous",Provide monthly headcount for both the event month and previous month before using event-delta allocation.
action,1412000062,202610,headcount_event_delta,"Missing complete monthly headcount driver for event-delta allocation: cc=1412000062, month=202610, previous_month=202609, category=headcount_worker, missing=current,previous",Provide monthly headcount for both the event month and previous month before using event-delta allocation.
action,1412000034,202610,headcount_event_delta,"Missing complete monthly headcount driver for event-delta allocation: cc=1412000034, month=202610, previous_month=202609, category=headcount_worker, missing=current,previous",Provide monthly headcount for both the event month and previous month before using event-delta allocation.
action,1412000048,202610,headcount_event_delta,"Missing complete monthly headcount driver for event-delta allocation: cc=1412000048, month=202610, previous_month=202609, category=headcount_worker, missing=current,previous",Provide monthly headcount for both the event month and previous month before using event-delta allocation.
action,1412000055,202610,headcount_event_delta,"Missing complete monthly headcount driver for event-delta allocation: cc=1412000055, month=202610, previous_month=202609, category=headcount_worker, missing=current,previous",Provide monthly headcount for both the event month and previous month before using event-delta allocation.
action,1412000050,202610,headcount_event_delta,"Missing complete monthly headcount driver for event-delta allocation: cc=1412000050, month=202610, previous_month=202609, category=headcount_worker, missing=current,previous",Provide monthly headcount for both the event month and previous month before using event-delta allocation.
action,1412000077,202610,headcount_event_delta,"Missing complete monthly headcount driver for event-delta allocation: cc=1412000077, month=202610, previous_month=202609, category=headcount_worker, missing=current,previous",Provide monthly headcount for both the event month and previous month before using event-delta allocation.
action,1412000053,202610,headcount_event_delta,"Missing complete monthly headcount driver for event-delta allocation: cc=1412000053, month=202610, previous_month=202609, category=headcount_worker, missing=current,previous",Provide monthly headcount for both the event month and previous month before using event-delta allocation.
action,1412000008,202610,headcount_event_delta,"Missing complete monthly headcount driver for event-delta allocation: cc=1412000008, month=202610, previous_month=202609, category=headcount_worker, missing=current,previous",Provide monthly headcount for both the event month and previous month before using event-delta allocation.
action,1412000010,202610,headcount_event_delta,"Missing complete monthly headcount driver for event-delta allocation: cc=1412000010, month=202610, previous_month=202609, category=headcount_worker, missing=current,previous",Provide monthly headcount for both the event month and previous month before using event-delta allocation.
action,1412000054,202610,headcount_event_delta,"Missing complete monthly headcount driver for event-delta allocation: cc=1412000054, month=202610, previous_month=202609, category=headcount_worker, missing=current,previous",Provide monthly headcount for both the event month and previous month before using event-delta allocation.
action,1412000036,202610,headcount_event_delta,"Missing complete monthly headcount driver for event-delta allocation: cc=1412000036, month=202610, previous_month=202609, category=headcount_worker, missing=current,previous",Provide monthly headcount for both the event month and previous month before using event-delta allocation.
action,1412000089,202610,headcount_event_delta,"Missing complete monthly headcount driver for event-delta allocation: cc=1412000089, month=202610, previous_month=202609, category=headcount_worker, missing=current,previous",Provide monthly headcount for both the event month and previous month before using event-delta allocation.
action,1412000013,202610,headcount_event_delta,"Missing complete monthly headcount driver for event-delta allocation: cc=1412000013, month=202610, previous_month=202609, category=headcount_worker, missing=current,previous",Provide monthly headcount for both the event month and previous month before using event-delta allocation.
action,1412000080,202610,headcount_event_delta,"Missing complete monthly headcount driver for event-delta allocation: cc=1412000080, month=202610, previous_month=202609, category=headcount_worker, missing=current,previous",Provide monthly headcount for both the event month and previous month before using event-delta allocation.
action,1412000044,202610,headcount_event_delta,"Missing complete monthly headcount driver for event-delta allocation: cc=1412000044, month=202610, previous_month=202609, category=headcount_worker, missing=current,previous",Provide monthly headcount for both the event month and previous month before using event-delta allocation.
action,1412000056,202610,headcount_event_delta,"Missing complete monthly headcount driver for event-delta allocation: cc=1412000056, month=202610, previous_month=202609, category=headcount_worker, missing=current,previous",Provide monthly headcount for both the event month and previous month before using event-delta allocation.
action,1412000018,202610,headcount_event_delta,"Missing complete monthly headcount driver for event-delta allocation: cc=1412000018, month=202610, previous_month=202609, category=headcount_worker, missing=current,previous",Provide monthly headcount for both the event month and previous month before using event-delta allocation.
action,1412000019,202610,headcount_event_delta,"Missing complete monthly headcount driver for event-delta allocation: cc=1412000019, month=202610, previous_month=202609, category=headcount_worker, missing=current,previous",Provide monthly headcount for both the event month and previous month before using event-delta allocation.
action,1412000058,202610,headcount_event_delta,"Missing complete monthly headcount driver for event-delta allocation: cc=1412000058, month=202610, previous_month=202609, category=headcount_worker, missing=current,previous",Provide monthly headcount for both the event month and previous month before using event-delta allocation.
action,1412000042,202610,headcount_event_delta,"Missing complete monthly headcount driver for event-delta allocation: cc=1412000042, month=202610, previous_month=202609, category=headcount_worker, missing=current,previous",Provide monthly headcount for both the event month and previous month before using event-delta allocation.
action,1412000021,202610,headcount_event_delta,"Missing complete monthly headcount driver for event-delta allocation: cc=1412000021, month=202610, previous_month=202609, category=headcount_worker, missing=current,previous",Provide monthly headcount for both the event month and previous month before using event-delta allocation.
action,1412000022,202610,headcount_event_delta,"Missing complete monthly headcount driver for event-delta allocation: cc=1412000022, month=202610, previous_month=202609, category=headcount_worker, missing=current,previous",Provide monthly headcount for both the event month and previous month before using event-delta allocation.
action,1412000024,202610,headcount_event_delta,"Missing complete monthly headcount driver for event-delta allocation: cc=1412000024, month=202610, previous_month=202609, category=headcount_worker, missing=current,previous",Provide monthly headcount for both the event month and previous month before using event-delta allocation.
action,1412000025,202610,headcount_event_delta,"Missing complete monthly headcount driver for event-delta allocation: cc=1412000025, month=202610, previous_month=202609, category=headcount_worker, missing=current,previous",Provide monthly headcount for both the event month and previous month before using event-delta allocation.
action,1412000026,202610,headcount_event_delta,"Missing complete monthly headcount driver for event-delta allocation: cc=1412000026, month=202610, previous_month=202609, category=headcount_worker, missing=current,previous",Provide monthly headcount for both the event month and previous month before using event-delta allocation.
action,1412000028,202610,headcount_event_delta,"Missing complete monthly headcount driver for event-delta allocation: cc=1412000028, month=202610, previous_month=202609, category=headcount_worker, missing=current,previous",Provide monthly headcount for both the event month and previous month before using event-delta allocation.
action,1412000029,202610,headcount_event_delta,"Missing complete monthly headcount driver for event-delta allocation: cc=1412000029, month=202610, previous_month=202609, category=headcount_worker, missing=current,previous",Provide monthly headcount for both the event month and previous month before using event-delta allocation.
action,1412000030,202610,headcount_event_delta,"Missing complete monthly headcount driver for event-delta allocation: cc=1412000030, month=202610, previous_month=202609, category=headcount_worker, missing=current,previous",Provide monthly headcount for both the event month and previous month before using event-delta allocation.
action,1412000086,202610,headcount_event_delta,"Missing complete monthly headcount driver for event-delta allocation: cc=1412000086, month=202610, previous_month=202609, category=headcount_worker, missing=current,previous",Provide monthly headcount for both the event month and previous month before using event-delta allocation.
action,1412000063,202610,headcount_event_delta,"Missing complete monthly headcount driver for event-delta allocation: cc=1412000063, month=202610, previous_month=202609, category=headcount_worker, missing=current,previous",Provide monthly headcount for both the event month and previous month before using event-delta allocation.
action,1412000066,202610,headcount_event_delta,"Missing complete monthly headcount driver for event-delta allocation: cc=1412000066, month=202610, previous_month=202609, category=headcount_worker, missing=current,previous",Provide monthly headcount for both the event month and previous month before using event-delta allocation.
action,1412000035,202610,headcount_event_delta,"Missing complete monthly headcount driver for event-delta allocation: cc=1412000035, month=202610, previous_month=202609, category=headcount_worker, missing=current,previous",Provide monthly headcount for both the event month and previous month before using event-delta allocation.
action,1412000016,202610,headcount_event_delta,"Missing complete monthly headcount driver for event-delta allocation: cc=1412000016, month=202610, previous_month=202609, category=headcount_worker, missing=current,previous",Provide monthly headcount for both the event month and previous month before using event-delta allocation.
action,1412000069,202610,headcount_event_delta,"Missing complete monthly headcount driver for event-delta allocation: cc=1412000069, month=202610, previous_month=202609, category=headcount_worker, missing=current,previous",Provide monthly headcount for both the event month and previous month before using event-delta allocation.
action,1412000070,202610,headcount_event_delta,"Missing complete monthly headcount driver for event-delta allocation: cc=1412000070, month=202610, previous_month=202609, category=headcount_worker, missing=current,previous",Provide monthly headcount for both the event month and previous month before using event-delta allocation.
action,1412000072,202610,headcount_event_delta,"Missing complete monthly headcount driver for event-delta allocation: cc=1412000072, month=202610, previous_month=202609, category=headcount_worker, missing=current,previous",Provide monthly headcount for both the event month and previous month before using event-delta allocation.
action,1412000073,202610,headcount_event_delta,"Missing complete monthly headcount driver for event-delta allocation: cc=1412000073, month=202610, previous_month=202609, category=headcount_worker, missing=current,previous",Provide monthly headcount for both the event month and previous month before using event-delta allocation.
action,1412000104,202610,headcount_event_delta,"Missing complete monthly headcount driver for event-delta allocation: cc=1412000104, month=202610, previous_month=202609, category=headcount_worker, missing=current,previous",Provide monthly headcount for both the event month and previous month before using event-delta allocation.
action,1412000057,202610,headcount_event_delta,"Missing complete monthly headcount driver for event-delta allocation: cc=1412000057, month=202610, previous_month=202609, category=headcount_worker, missing=current,previous",Provide monthly headcount for both the event month and previous month before using event-delta allocation.
action,1412000078,202610,headcount_event_delta,"Missing complete monthly headcount driver for event-delta allocation: cc=1412000078, month=202610, previous_month=202609, category=headcount_worker, missing=current,previous",Provide monthly headcount for both the event month and previous month before using event-delta allocation.
action,1412C00001,202610,headcount_event_delta,"Missing complete monthly headcount driver for event-delta allocation: cc=1412C00001, month=202610, previous_month=202609, category=headcount_worker, missing=current,previous",Provide monthly headcount for both the event month and previous month before using event-delta allocation.
action,1412000081,202610,headcount_event_delta,"Missing complete monthly headcount driver for event-delta allocation: cc=1412000081, month=202610, previous_month=202609, category=headcount_worker, missing=current,previous",Provide monthly headcount for both the event month and previous month before using event-delta allocation.
action,1412000083,202610,headcount_event_delta,"Missing complete monthly headcount driver for event-delta allocation: cc=1412000083, month=202610, previous_month=202609, category=headcount_worker, missing=current,previous",Provide monthly headcount for both the event month and previous month before using event-delta allocation.
action,1412000084,202610,headcount_event_delta,"Missing complete monthly headcount driver for event-delta allocation: cc=1412000084, month=202610, previous_month=202609, category=headcount_worker, missing=current,previous",Provide monthly headcount for both the event month and previous month before using event-delta allocation.
action,1412000087,202610,headcount_event_delta,"Missing complete monthly headcount driver for event-delta allocation: cc=1412000087, month=202610, previous_month=202609, category=headcount_worker, missing=current,previous",Provide monthly headcount for both the event month and previous month before using event-delta allocation.
action,1412000088,202610,headcount_event_delta,"Missing complete monthly headcount driver for event-delta allocation: cc=1412000088, month=202610, previous_month=202609, category=headcount_worker, missing=current,previous",Provide monthly headcount for both the event month and previous month before using event-delta allocation.
action,1412000091,202610,headcount_event_delta,"Missing complete monthly headcount driver for event-delta allocation: cc=1412000091, month=202610, previous_month=202609, category=headcount_worker, missing=current,previous",Provide monthly headcount for both the event month and previous month before using event-delta allocation.
action,1412000092,202610,headcount_event_delta,"Missing complete monthly headcount driver for event-delta allocation: cc=1412000092, month=202610, previous_month=202609, category=headcount_worker, missing=current,previous",Provide monthly headcount for both the event month and previous month before using event-delta allocation.
action,1412000093,202610,headcount_event_delta,"Missing complete monthly headcount driver for event-delta allocation: cc=1412000093, month=202610, previous_month=202609, category=headcount_worker, missing=current,previous",Provide monthly headcount for both the event month and previous month before using event-delta allocation.
action,1412000094,202610,headcount_event_delta,"Missing complete monthly headcount driver for event-delta allocation: cc=1412000094, month=202610, previous_month=202609, category=headcount_worker, missing=current,previous",Provide monthly headcount for both the event month and previous month before using event-delta allocation.
action,1412000096,202610,headcount_event_delta,"Missing complete monthly headcount driver for event-delta allocation: cc=1412000096, month=202610, previous_month=202609, category=headcount_worker, missing=current,previous",Provide monthly headcount for both the event month and previous month before using event-delta allocation.
action,1412000098,202610,headcount_event_delta,"Missing complete monthly headcount driver for event-delta allocation: cc=1412000098, month=202610, previous_month=202609, category=headcount_worker, missing=current,previous",Provide monthly headcount for both the event month and previous month before using event-delta allocation.
action,1412000099,202610,headcount_event_delta,"Missing complete monthly headcount driver for event-delta allocation: cc=1412000099, month=202610, previous_month=202609, category=headcount_worker, missing=current,previous",Provide monthly headcount for both the event month and previous month before using event-delta allocation.
action,1412000101,202610,headcount_event_delta,"Missing complete monthly headcount driver for event-delta allocation: cc=1412000101, month=202610, previous_month=202609, category=headcount_worker, missing=current,previous",Provide monthly headcount for both the event month and previous month before using event-delta allocation.
action,1412000100,202610,headcount_event_delta,"Missing complete monthly headcount driver for event-delta allocation: cc=1412000100, month=202610, previous_month=202609, category=headcount_worker, missing=current,previous",Provide monthly headcount for both the event month and previous month before using event-delta allocation.
action,1412000103,202610,headcount_event_delta,"Missing complete monthly headcount driver for event-delta allocation: cc=1412000103, month=202610, previous_month=202609, category=headcount_worker, missing=current,previous",Provide monthly headcount for both the event month and previous month before using event-delta allocation.
action,1412000105,202610,headcount_event_delta,"Missing complete monthly headcount driver for event-delta allocation: cc=1412000105, month=202610, previous_month=202609, category=headcount_worker, missing=current,previous",Provide monthly headcount for both the event month and previous month before using event-delta allocation.
action,1412000075,202610,headcount_event_delta,"Missing complete monthly headcount driver for event-delta allocation: cc=1412000075, month=202610, previous_month=202609, category=headcount_worker, missing=current,previous",Provide monthly headcount for both the event month and previous month before using event-delta allocation.
action,1412000106,202610,headcount_event_delta,"Missing complete monthly headcount driver for event-delta allocation: cc=1412000106, month=202610, previous_month=202609, category=headcount_worker, missing=current,previous",Provide monthly headcount for both the event month and previous month before using event-delta allocation.
action,1412000039,202610,headcount_event_delta,"Missing complete monthly headcount driver for event-delta allocation: cc=1412000039, month=202610, previous_month=202609, category=headcount_worker, missing=current,previous",Provide monthly headcount for both the event month and previous month before using event-delta allocation.
action,1412000108,202610,headcount_event_delta,"Missing complete monthly headcount driver for event-delta allocation: cc=1412000108, month=202610, previous_month=202609, category=headcount_worker, missing=current,previous",Provide monthly headcount for both the event month and previous month before using event-delta allocation.
action,1412000005,202611,headcount_event_delta,"Missing complete monthly headcount driver for event-delta allocation: cc=1412000005, month=202611, previous_month=202610, category=headcount_worker, missing=current,previous",Provide monthly headcount for both the event month and previous month before using event-delta allocation.
action,1412000062,202611,headcount_event_delta,"Missing complete monthly headcount driver for event-delta allocation: cc=1412000062, month=202611, previous_month=202610, category=headcount_worker, missing=current,previous",Provide monthly headcount for both the event month and previous month before using event-delta allocation.
action,1412000034,202611,headcount_event_delta,"Missing complete monthly headcount driver for event-delta allocation: cc=1412000034, month=202611, previous_month=202610, category=headcount_worker, missing=current,previous",Provide monthly headcount for both the event month and previous month before using event-delta allocation.
action,1412000048,202611,headcount_event_delta,"Missing complete monthly headcount driver for event-delta allocation: cc=1412000048, month=202611, previous_month=202610, category=headcount_worker, missing=current,previous",Provide monthly headcount for both the event month and previous month before using event-delta allocation.
action,1412000055,202611,headcount_event_delta,"Missing complete monthly headcount driver for event-delta allocation: cc=1412000055, month=202611, previous_month=202610, category=headcount_worker, missing=current,previous",Provide monthly headcount for both the event month and previous month before using event-delta allocation.
action,1412000050,202611,headcount_event_delta,"Missing complete monthly headcount driver for event-delta allocation: cc=1412000050, month=202611, previous_month=202610, category=headcount_worker, missing=current,previous",Provide monthly headcount for both the event month and previous month before using event-delta allocation.
action,1412000077,202611,headcount_event_delta,"Missing complete monthly headcount driver for event-delta allocation: cc=1412000077, month=202611, previous_month=202610, category=headcount_worker, missing=current,previous",Provide monthly headcount for both the event month and previous month before using event-delta allocation.
action,1412000053,202611,headcount_event_delta,"Missing complete monthly headcount driver for event-delta allocation: cc=1412000053, month=202611, previous_month=202610, category=headcount_worker, missing=current,previous",Provide monthly headcount for both the event month and previous month before using event-delta allocation.
action,1412000008,202611,headcount_event_delta,"Missing complete monthly headcount driver for event-delta allocation: cc=1412000008, month=202611, previous_month=202610, category=headcount_worker, missing=current,previous",Provide monthly headcount for both the event month and previous month before using event-delta allocation.
action,1412000010,202611,headcount_event_delta,"Missing complete monthly headcount driver for event-delta allocation: cc=1412000010, month=202611, previous_month=202610, category=headcount_worker, missing=current,previous",Provide monthly headcount for both the event month and previous month before using event-delta allocation.
action,1412000054,202611,headcount_event_delta,"Missing complete monthly headcount driver for event-delta allocation: cc=1412000054, month=202611, previous_month=202610, category=headcount_worker, missing=current,previous",Provide monthly headcount for both the event month and previous month before using event-delta allocation.
action,1412000036,202611,headcount_event_delta,"Missing complete monthly headcount driver for event-delta allocation: cc=1412000036, month=202611, previous_month=202610, category=headcount_worker, missing=current,previous",Provide monthly headcount for both the event month and previous month before using event-delta allocation.
action,1412000089,202611,headcount_event_delta,"Missing complete monthly headcount driver for event-delta allocation: cc=1412000089, month=202611, previous_month=202610, category=headcount_worker, missing=current,previous",Provide monthly headcount for both the event month and previous month before using event-delta allocation.
action,1412000013,202611,headcount_event_delta,"Missing complete monthly headcount driver for event-delta allocation: cc=1412000013, month=202611, previous_month=202610, category=headcount_worker, missing=current,previous",Provide monthly headcount for both the event month and previous month before using event-delta allocation.
action,1412000080,202611,headcount_event_delta,"Missing complete monthly headcount driver for event-delta allocation: cc=1412000080, month=202611, previous_month=202610, category=headcount_worker, missing=current,previous",Provide monthly headcount for both the event month and previous month before using event-delta allocation.
action,1412000044,202611,headcount_event_delta,"Missing complete monthly headcount driver for event-delta allocation: cc=1412000044, month=202611, previous_month=202610, category=headcount_worker, missing=current,previous",Provide monthly headcount for both the event month and previous month before using event-delta allocation.
action,1412000056,202611,headcount_event_delta,"Missing complete monthly headcount driver for event-delta allocation: cc=1412000056, month=202611, previous_month=202610, category=headcount_worker, missing=current,previous",Provide monthly headcount for both the event month and previous month before using event-delta allocation.
action,1412000018,202611,headcount_event_delta,"Missing complete monthly headcount driver for event-delta allocation: cc=1412000018, month=202611, previous_month=202610, category=headcount_worker, missing=current,previous",Provide monthly headcount for both the event month and previous month before using event-delta allocation.
action,1412000019,202611,headcount_event_delta,"Missing complete monthly headcount driver for event-delta allocation: cc=1412000019, month=202611, previous_month=202610, category=headcount_worker, missing=current,previous",Provide monthly headcount for both the event month and previous month before using event-delta allocation.
action,1412000058,202611,headcount_event_delta,"Missing complete monthly headcount driver for event-delta allocation: cc=1412000058, month=202611, previous_month=202610, category=headcount_worker, missing=current,previous",Provide monthly headcount for both the event month and previous month before using event-delta allocation.
action,1412000042,202611,headcount_event_delta,"Missing complete monthly headcount driver for event-delta allocation: cc=1412000042, month=202611, previous_month=202610, category=headcount_worker, missing=current,previous",Provide monthly headcount for both the event month and previous month before using event-delta allocation.
action,1412000021,202611,headcount_event_delta,"Missing complete monthly headcount driver for event-delta allocation: cc=1412000021, month=202611, previous_month=202610, category=headcount_worker, missing=current,previous",Provide monthly headcount for both the event month and previous month before using event-delta allocation.
action,1412000022,202611,headcount_event_delta,"Missing complete monthly headcount driver for event-delta allocation: cc=1412000022, month=202611, previous_month=202610, category=headcount_worker, missing=current,previous",Provide monthly headcount for both the event month and previous month before using event-delta allocation.
action,1412000024,202611,headcount_event_delta,"Missing complete monthly headcount driver for event-delta allocation: cc=1412000024, month=202611, previous_month=202610, category=headcount_worker, missing=current,previous",Provide monthly headcount for both the event month and previous month before using event-delta allocation.
action,1412000025,202611,headcount_event_delta,"Missing complete monthly headcount driver for event-delta allocation: cc=1412000025, month=202611, previous_month=202610, category=headcount_worker, missing=current,previous",Provide monthly headcount for both the event month and previous month before using event-delta allocation.
action,1412000026,202611,headcount_event_delta,"Missing complete monthly headcount driver for event-delta allocation: cc=1412000026, month=202611, previous_month=202610, category=headcount_worker, missing=current,previous",Provide monthly headcount for both the event month and previous month before using event-delta allocation.
action,1412000028,202611,headcount_event_delta,"Missing complete monthly headcount driver for event-delta allocation: cc=1412000028, month=202611, previous_month=202610, category=headcount_worker, missing=current,previous",Provide monthly headcount for both the event month and previous month before using event-delta allocation.
action,1412000029,202611,headcount_event_delta,"Missing complete monthly headcount driver for event-delta allocation: cc=1412000029, month=202611, previous_month=202610, category=headcount_worker, missing=current,previous",Provide monthly headcount for both the event month and previous month before using event-delta allocation.
action,1412000030,202611,headcount_event_delta,"Missing complete monthly headcount driver for event-delta allocation: cc=1412000030, month=202611, previous_month=202610, category=headcount_worker, missing=current,previous",Provide monthly headcount for both the event month and previous month before using event-delta allocation.
action,1412000086,202611,headcount_event_delta,"Missing complete monthly headcount driver for event-delta allocation: cc=1412000086, month=202611, previous_month=202610, category=headcount_worker, missing=current,previous",Provide monthly headcount for both the event month and previous month before using event-delta allocation.
action,1412000063,202611,headcount_event_delta,"Missing complete monthly headcount driver for event-delta allocation: cc=1412000063, month=202611, previous_month=202610, category=headcount_worker, missing=current,previous",Provide monthly headcount for both the event month and previous month before using event-delta allocation.
action,1412000066,202611,headcount_event_delta,"Missing complete monthly headcount driver for event-delta allocation: cc=1412000066, month=202611, previous_month=202610, category=headcount_worker, missing=current,previous",Provide monthly headcount for both the event month and previous month before using event-delta allocation.
action,1412000035,202611,headcount_event_delta,"Missing complete monthly headcount driver for event-delta allocation: cc=1412000035, month=202611, previous_month=202610, category=headcount_worker, missing=current,previous",Provide monthly headcount for both the event month and previous month before using event-delta allocation.
action,1412000016,202611,headcount_event_delta,"Missing complete monthly headcount driver for event-delta allocation: cc=1412000016, month=202611, previous_month=202610, category=headcount_worker, missing=current,previous",Provide monthly headcount for both the event month and previous month before using event-delta allocation.
action,1412000069,202611,headcount_event_delta,"Missing complete monthly headcount driver for event-delta allocation: cc=1412000069, month=202611, previous_month=202610, category=headcount_worker, missing=current,previous",Provide monthly headcount for both the event month and previous month before using event-delta allocation.
action,1412000070,202611,headcount_event_delta,"Missing complete monthly headcount driver for event-delta allocation: cc=1412000070, month=202611, previous_month=202610, category=headcount_worker, missing=current,previous",Provide monthly headcount for both the event month and previous month before using event-delta allocation.
action,1412000072,202611,headcount_event_delta,"Missing complete monthly headcount driver for event-delta allocation: cc=1412000072, month=202611, previous_month=202610, category=headcount_worker, missing=current,previous",Provide monthly headcount for both the event month and previous month before using event-delta allocation.
action,1412000073,202611,headcount_event_delta,"Missing complete monthly headcount driver for event-delta allocation: cc=1412000073, month=202611, previous_month=202610, category=headcount_worker, missing=current,previous",Provide monthly headcount for both the event month and previous month before using event-delta allocation.
action,1412000104,202611,headcount_event_delta,"Missing complete monthly headcount driver for event-delta allocation: cc=1412000104, month=202611, previous_month=202610, category=headcount_worker, missing=current,previous",Provide monthly headcount for both the event month and previous month before using event-delta allocation.
action,1412000057,202611,headcount_event_delta,"Missing complete monthly headcount driver for event-delta allocation: cc=1412000057, month=202611, previous_month=202610, category=headcount_worker, missing=current,previous",Provide monthly headcount for both the event month and previous month before using event-delta allocation.
action,1412000078,202611,headcount_event_delta,"Missing complete monthly headcount driver for event-delta allocation: cc=1412000078, month=202611, previous_month=202610, category=headcount_worker, missing=current,previous",Provide monthly headcount for both the event month and previous month before using event-delta allocation.
action,1412C00001,202611,headcount_event_delta,"Missing complete monthly headcount driver for event-delta allocation: cc=1412C00001, month=202611, previous_month=202610, category=headcount_worker, missing=current,previous",Provide monthly headcount for both the event month and previous month before using event-delta allocation.
action,1412000081,202611,headcount_event_delta,"Missing complete monthly headcount driver for event-delta allocation: cc=1412000081, month=202611, previous_month=202610, category=headcount_worker, missing=current,previous",Provide monthly headcount for both the event month and previous month before using event-delta allocation.
action,1412000083,202611,headcount_event_delta,"Missing complete monthly headcount driver for event-delta allocation: cc=1412000083, month=202611, previous_month=202610, category=headcount_worker, missing=current,previous",Provide monthly headcount for both the event month and previous month before using event-delta allocation.
action,1412000084,202611,headcount_event_delta,"Missing complete monthly headcount driver for event-delta allocation: cc=1412000084, month=202611, previous_month=202610, category=headcount_worker, missing=current,previous",Provide monthly headcount for both the event month and previous month before using event-delta allocation.
action,1412000087,202611,headcount_event_delta,"Missing complete monthly headcount driver for event-delta allocation: cc=1412000087, month=202611, previous_month=202610, category=headcount_worker, missing=current,previous",Provide monthly headcount for both the event month and previous month before using event-delta allocation.
action,1412000088,202611,headcount_event_delta,"Missing complete monthly headcount driver for event-delta allocation: cc=1412000088, month=202611, previous_month=202610, category=headcount_worker, missing=current,previous",Provide monthly headcount for both the event month and previous month before using event-delta allocation.
action,1412000091,202611,headcount_event_delta,"Missing complete monthly headcount driver for event-delta allocation: cc=1412000091, month=202611, previous_month=202610, category=headcount_worker, missing=current,previous",Provide monthly headcount for both the event month and previous month before using event-delta allocation.
action,1412000092,202611,headcount_event_delta,"Missing complete monthly headcount driver for event-delta allocation: cc=1412000092, month=202611, previous_month=202610, category=headcount_worker, missing=current,previous",Provide monthly headcount for both the event month and previous month before using event-delta allocation.
action,1412000093,202611,headcount_event_delta,"Missing complete monthly headcount driver for event-delta allocation: cc=1412000093, month=202611, previous_month=202610, category=headcount_worker, missing=current,previous",Provide monthly headcount for both the event month and previous month before using event-delta allocation.
action,1412000094,202611,headcount_event_delta,"Missing complete monthly headcount driver for event-delta allocation: cc=1412000094, month=202611, previous_month=202610, category=headcount_worker, missing=current,previous",Provide monthly headcount for both the event month and previous month before using event-delta allocation.
action,1412000096,202611,headcount_event_delta,"Missing complete monthly headcount driver for event-delta allocation: cc=1412000096, month=202611, previous_month=202610, category=headcount_worker, missing=current,previous",Provide monthly headcount for both the event month and previous month before using event-delta allocation.
action,1412000098,202611,headcount_event_delta,"Missing complete monthly headcount driver for event-delta allocation: cc=1412000098, month=202611, previous_month=202610, category=headcount_worker, missing=current,previous",Provide monthly headcount for both the event month and previous month before using event-delta allocation.
action,1412000099,202611,headcount_event_delta,"Missing complete monthly headcount driver for event-delta allocation: cc=1412000099, month=202611, previous_month=202610, category=headcount_worker, missing=current,previous",Provide monthly headcount for both the event month and previous month before using event-delta allocation.
action,1412000101,202611,headcount_event_delta,"Missing complete monthly headcount driver for event-delta allocation: cc=1412000101, month=202611, previous_month=202610, category=headcount_worker, missing=current,previous",Provide monthly headcount for both the event month and previous month before using event-delta allocation.
action,1412000100,202611,headcount_event_delta,"Missing complete monthly headcount driver for event-delta allocation: cc=1412000100, month=202611, previous_month=202610, category=headcount_worker, missing=current,previous",Provide monthly headcount for both the event month and previous month before using event-delta allocation.
action,1412000103,202611,headcount_event_delta,"Missing complete monthly headcount driver for event-delta allocation: cc=1412000103, month=202611, previous_month=202610, category=headcount_worker, missing=current,previous",Provide monthly headcount for both the event month and previous month before using event-delta allocation.
action,1412000105,202611,headcount_event_delta,"Missing complete monthly headcount driver for event-delta allocation: cc=1412000105, month=202611, previous_month=202610, category=headcount_worker, missing=current,previous",Provide monthly headcount for both the event month and previous month before using event-delta allocation.
action,1412000075,202611,headcount_event_delta,"Missing complete monthly headcount driver for event-delta allocation: cc=1412000075, month=202611, previous_month=202610, category=headcount_worker, missing=current,previous",Provide monthly headcount for both the event month and previous month before using event-delta allocation.
action,1412000106,202611,headcount_event_delta,"Missing complete monthly headcount driver for event-delta allocation: cc=1412000106, month=202611, previous_month=202610, category=headcount_worker, missing=current,previous",Provide monthly headcount for both the event month and previous month before using event-delta allocation.
action,1412000039,202611,headcount_event_delta,"Missing complete monthly headcount driver for event-delta allocation: cc=1412000039, month=202611, previous_month=202610, category=headcount_worker, missing=current,previous",Provide monthly headcount for both the event month and previous month before using event-delta allocation.
action,1412000108,202611,headcount_event_delta,"Missing complete monthly headcount driver for event-delta allocation: cc=1412000108, month=202611, previous_month=202610, category=headcount_worker, missing=current,previous",Provide monthly headcount for both the event month and previous month before using event-delta allocation.
action,1412000005,202612,headcount_event_delta,"Missing complete monthly headcount driver for event-delta allocation: cc=1412000005, month=202612, previous_month=202611, category=headcount_worker, missing=current,previous",Provide monthly headcount for both the event month and previous month before using event-delta allocation.
action,1412000062,202612,headcount_event_delta,"Missing complete monthly headcount driver for event-delta allocation: cc=1412000062, month=202612, previous_month=202611, category=headcount_worker, missing=current,previous",Provide monthly headcount for both the event month and previous month before using event-delta allocation.
action,1412000034,202612,headcount_event_delta,"Missing complete monthly headcount driver for event-delta allocation: cc=1412000034, month=202612, previous_month=202611, category=headcount_worker, missing=current,previous",Provide monthly headcount for both the event month and previous month before using event-delta allocation.
action,1412000048,202612,headcount_event_delta,"Missing complete monthly headcount driver for event-delta allocation: cc=1412000048, month=202612, previous_month=202611, category=headcount_worker, missing=current,previous",Provide monthly headcount for both the event month and previous month before using event-delta allocation.
action,1412000055,202612,headcount_event_delta,"Missing complete monthly headcount driver for event-delta allocation: cc=1412000055, month=202612, previous_month=202611, category=headcount_worker, missing=current,previous",Provide monthly headcount for both the event month and previous month before using event-delta allocation.
action,1412000050,202612,headcount_event_delta,"Missing complete monthly headcount driver for event-delta allocation: cc=1412000050, month=202612, previous_month=202611, category=headcount_worker, missing=current,previous",Provide monthly headcount for both the event month and previous month before using event-delta allocation.
action,1412000077,202612,headcount_event_delta,"Missing complete monthly headcount driver for event-delta allocation: cc=1412000077, month=202612, previous_month=202611, category=headcount_worker, missing=current,previous",Provide monthly headcount for both the event month and previous month before using event-delta allocation.
action,1412000053,202612,headcount_event_delta,"Missing complete monthly headcount driver for event-delta allocation: cc=1412000053, month=202612, previous_month=202611, category=headcount_worker, missing=current,previous",Provide monthly headcount for both the event month and previous month before using event-delta allocation.
action,1412000008,202612,headcount_event_delta,"Missing complete monthly headcount driver for event-delta allocation: cc=1412000008, month=202612, previous_month=202611, category=headcount_worker, missing=current,previous",Provide monthly headcount for both the event month and previous month before using event-delta allocation.
action,1412000010,202612,headcount_event_delta,"Missing complete monthly headcount driver for event-delta allocation: cc=1412000010, month=202612, previous_month=202611, category=headcount_worker, missing=current,previous",Provide monthly headcount for both the event month and previous month before using event-delta allocation.
action,1412000054,202612,headcount_event_delta,"Missing complete monthly headcount driver for event-delta allocation: cc=1412000054, month=202612, previous_month=202611, category=headcount_worker, missing=current,previous",Provide monthly headcount for both the event month and previous month before using event-delta allocation.
action,1412000036,202612,headcount_event_delta,"Missing complete monthly headcount driver for event-delta allocation: cc=1412000036, month=202612, previous_month=202611, category=headcount_worker, missing=current,previous",Provide monthly headcount for both the event month and previous month before using event-delta allocation.
action,1412000089,202612,headcount_event_delta,"Missing complete monthly headcount driver for event-delta allocation: cc=1412000089, month=202612, previous_month=202611, category=headcount_worker, missing=current,previous",Provide monthly headcount for both the event month and previous month before using event-delta allocation.
action,1412000013,202612,headcount_event_delta,"Missing complete monthly headcount driver for event-delta allocation: cc=1412000013, month=202612, previous_month=202611, category=headcount_worker, missing=current,previous",Provide monthly headcount for both the event month and previous month before using event-delta allocation.
action,1412000080,202612,headcount_event_delta,"Missing complete monthly headcount driver for event-delta allocation: cc=1412000080, month=202612, previous_month=202611, category=headcount_worker, missing=current,previous",Provide monthly headcount for both the event month and previous month before using event-delta allocation.
action,1412000044,202612,headcount_event_delta,"Missing complete monthly headcount driver for event-delta allocation: cc=1412000044, month=202612, previous_month=202611, category=headcount_worker, missing=current,previous",Provide monthly headcount for both the event month and previous month before using event-delta allocation.
action,1412000056,202612,headcount_event_delta,"Missing complete monthly headcount driver for event-delta allocation: cc=1412000056, month=202612, previous_month=202611, category=headcount_worker, missing=current,previous",Provide monthly headcount for both the event month and previous month before using event-delta allocation.
action,1412000018,202612,headcount_event_delta,"Missing complete monthly headcount driver for event-delta allocation: cc=1412000018, month=202612, previous_month=202611, category=headcount_worker, missing=current,previous",Provide monthly headcount for both the event month and previous month before using event-delta allocation.
action,1412000019,202612,headcount_event_delta,"Missing complete monthly headcount driver for event-delta allocation: cc=1412000019, month=202612, previous_month=202611, category=headcount_worker, missing=current,previous",Provide monthly headcount for both the event month and previous month before using event-delta allocation.
action,1412000058,202612,headcount_event_delta,"Missing complete monthly headcount driver for event-delta allocation: cc=1412000058, month=202612, previous_month=202611, category=headcount_worker, missing=current,previous",Provide monthly headcount for both the event month and previous month before using event-delta allocation.
action,1412000042,202612,headcount_event_delta,"Missing complete monthly headcount driver for event-delta allocation: cc=1412000042, month=202612, previous_month=202611, category=headcount_worker, missing=current,previous",Provide monthly headcount for both the event month and previous month before using event-delta allocation.
action,1412000021,202612,headcount_event_delta,"Missing complete monthly headcount driver for event-delta allocation: cc=1412000021, month=202612, previous_month=202611, category=headcount_worker, missing=current,previous",Provide monthly headcount for both the event month and previous month before using event-delta allocation.
action,1412000022,202612,headcount_event_delta,"Missing complete monthly headcount driver for event-delta allocation: cc=1412000022, month=202612, previous_month=202611, category=headcount_worker, missing=current,previous",Provide monthly headcount for both the event month and previous month before using event-delta allocation.
action,1412000024,202612,headcount_event_delta,"Missing complete monthly headcount driver for event-delta allocation: cc=1412000024, month=202612, previous_month=202611, category=headcount_worker, missing=current,previous",Provide monthly headcount for both the event month and previous month before using event-delta allocation.
action,1412000025,202612,headcount_event_delta,"Missing complete monthly headcount driver for event-delta allocation: cc=1412000025, month=202612, previous_month=202611, category=headcount_worker, missing=current,previous",Provide monthly headcount for both the event month and previous month before using event-delta allocation.
action,1412000026,202612,headcount_event_delta,"Missing complete monthly headcount driver for event-delta allocation: cc=1412000026, month=202612, previous_month=202611, category=headcount_worker, missing=current,previous",Provide monthly headcount for both the event month and previous month before using event-delta allocation.
action,1412000028,202612,headcount_event_delta,"Missing complete monthly headcount driver for event-delta allocation: cc=1412000028, month=202612, previous_month=202611, category=headcount_worker, missing=current,previous",Provide monthly headcount for both the event month and previous month before using event-delta allocation.
action,1412000029,202612,headcount_event_delta,"Missing complete monthly headcount driver for event-delta allocation: cc=1412000029, month=202612, previous_month=202611, category=headcount_worker, missing=current,previous",Provide monthly headcount for both the event month and previous month before using event-delta allocation.
action,1412000030,202612,headcount_event_delta,"Missing complete monthly headcount driver for event-delta allocation: cc=1412000030, month=202612, previous_month=202611, category=headcount_worker, missing=current,previous",Provide monthly headcount for both the event month and previous month before using event-delta allocation.
action,1412000086,202612,headcount_event_delta,"Missing complete monthly headcount driver for event-delta allocation: cc=1412000086, month=202612, previous_month=202611, category=headcount_worker, missing=current,previous",Provide monthly headcount for both the event month and previous month before using event-delta allocation.
action,1412000063,202612,headcount_event_delta,"Missing complete monthly headcount driver for event-delta allocation: cc=1412000063, month=202612, previous_month=202611, category=headcount_worker, missing=current,previous",Provide monthly headcount for both the event month and previous month before using event-delta allocation.
action,1412000066,202612,headcount_event_delta,"Missing complete monthly headcount driver for event-delta allocation: cc=1412000066, month=202612, previous_month=202611, category=headcount_worker, missing=current,previous",Provide monthly headcount for both the event month and previous month before using event-delta allocation.
action,1412000035,202612,headcount_event_delta,"Missing complete monthly headcount driver for event-delta allocation: cc=1412000035, month=202612, previous_month=202611, category=headcount_worker, missing=current,previous",Provide monthly headcount for both the event month and previous month before using event-delta allocation.
action,1412000016,202612,headcount_event_delta,"Missing complete monthly headcount driver for event-delta allocation: cc=1412000016, month=202612, previous_month=202611, category=headcount_worker, missing=current,previous",Provide monthly headcount for both the event month and previous month before using event-delta allocation.
action,1412000069,202612,headcount_event_delta,"Missing complete monthly headcount driver for event-delta allocation: cc=1412000069, month=202612, previous_month=202611, category=headcount_worker, missing=current,previous",Provide monthly headcount for both the event month and previous month before using event-delta allocation.
action,1412000070,202612,headcount_event_delta,"Missing complete monthly headcount driver for event-delta allocation: cc=1412000070, month=202612, previous_month=202611, category=headcount_worker, missing=current,previous",Provide monthly headcount for both the event month and previous month before using event-delta allocation.
action,1412000072,202612,headcount_event_delta,"Missing complete monthly headcount driver for event-delta allocation: cc=1412000072, month=202612, previous_month=202611, category=headcount_worker, missing=current,previous",Provide monthly headcount for both the event month and previous month before using event-delta allocation.
action,1412000073,202612,headcount_event_delta,"Missing complete monthly headcount driver for event-delta allocation: cc=1412000073, month=202612, previous_month=202611, category=headcount_worker, missing=current,previous",Provide monthly headcount for both the event month and previous month before using event-delta allocation.
action,1412000104,202612,headcount_event_delta,"Missing complete monthly headcount driver for event-delta allocation: cc=1412000104, month=202612, previous_month=202611, category=headcount_worker, missing=current,previous",Provide monthly headcount for both the event month and previous month before using event-delta allocation.
action,1412000057,202612,headcount_event_delta,"Missing complete monthly headcount driver for event-delta allocation: cc=1412000057, month=202612, previous_month=202611, category=headcount_worker, missing=current,previous",Provide monthly headcount for both the event month and previous month before using event-delta allocation.
action,1412000078,202612,headcount_event_delta,"Missing complete monthly headcount driver for event-delta allocation: cc=1412000078, month=202612, previous_month=202611, category=headcount_worker, missing=current,previous",Provide monthly headcount for both the event month and previous month before using event-delta allocation.
action,1412C00001,202612,headcount_event_delta,"Missing complete monthly headcount driver for event-delta allocation: cc=1412C00001, month=202612, previous_month=202611, category=headcount_worker, missing=current,previous",Provide monthly headcount for both the event month and previous month before using event-delta allocation.
action,1412000081,202612,headcount_event_delta,"Missing complete monthly headcount driver for event-delta allocation: cc=1412000081, month=202612, previous_month=202611, category=headcount_worker, missing=current,previous",Provide monthly headcount for both the event month and previous month before using event-delta allocation.
action,1412000083,202612,headcount_event_delta,"Missing complete monthly headcount driver for event-delta allocation: cc=1412000083, month=202612, previous_month=202611, category=headcount_worker, missing=current,previous",Provide monthly headcount for both the event month and previous month before using event-delta allocation.
action,1412000084,202612,headcount_event_delta,"Missing complete monthly headcount driver for event-delta allocation: cc=1412000084, month=202612, previous_month=202611, category=headcount_worker, missing=current,previous",Provide monthly headcount for both the event month and previous month before using event-delta allocation.
action,1412000087,202612,headcount_event_delta,"Missing complete monthly headcount driver for event-delta allocation: cc=1412000087, month=202612, previous_month=202611, category=headcount_worker, missing=current,previous",Provide monthly headcount for both the event month and previous month before using event-delta allocation.
action,1412000088,202612,headcount_event_delta,"Missing complete monthly headcount driver for event-delta allocation: cc=1412000088, month=202612, previous_month=202611, category=headcount_worker, missing=current,previous",Provide monthly headcount for both the event month and previous month before using event-delta allocation.
action,1412000091,202612,headcount_event_delta,"Missing complete monthly headcount driver for event-delta allocation: cc=1412000091, month=202612, previous_month=202611, category=headcount_worker, missing=current,previous",Provide monthly headcount for both the event month and previous month before using event-delta allocation.
action,1412000092,202612,headcount_event_delta,"Missing complete monthly headcount driver for event-delta allocation: cc=1412000092, month=202612, previous_month=202611, category=headcount_worker, missing=current,previous",Provide monthly headcount for both the event month and previous month before using event-delta allocation.
action,1412000093,202612,headcount_event_delta,"Missing complete monthly headcount driver for event-delta allocation: cc=1412000093, month=202612, previous_month=202611, category=headcount_worker, missing=current,previous",Provide monthly headcount for both the event month and previous month before using event-delta allocation.
action,1412000094,202612,headcount_event_delta,"Missing complete monthly headcount driver for event-delta allocation: cc=1412000094, month=202612, previous_month=202611, category=headcount_worker, missing=current,previous",Provide monthly headcount for both the event month and previous month before using event-delta allocation.
action,1412000096,202612,headcount_event_delta,"Missing complete monthly headcount driver for event-delta allocation: cc=1412000096, month=202612, previous_month=202611, category=headcount_worker, missing=current,previous",Provide monthly headcount for both the event month and previous month before using event-delta allocation.
action,1412000098,202612,headcount_event_delta,"Missing complete monthly headcount driver for event-delta allocation: cc=1412000098, month=202612, previous_month=202611, category=headcount_worker, missing=current,previous",Provide monthly headcount for both the event month and previous month before using event-delta allocation.
action,1412000099,202612,headcount_event_delta,"Missing complete monthly headcount driver for event-delta allocation: cc=1412000099, month=202612, previous_month=202611, category=headcount_worker, missing=current,previous",Provide monthly headcount for both the event month and previous month before using event-delta allocation.
action,1412000101,202612,headcount_event_delta,"Missing complete monthly headcount driver for event-delta allocation: cc=1412000101, month=202612, previous_month=202611, category=headcount_worker, missing=current,previous",Provide monthly headcount for both the event month and previous month before using event-delta allocation.
action,1412000100,202612,headcount_event_delta,"Missing complete monthly headcount driver for event-delta allocation: cc=1412000100, month=202612, previous_month=202611, category=headcount_worker, missing=current,previous",Provide monthly headcount for both the event month and previous month before using event-delta allocation.
action,1412000103,202612,headcount_event_delta,"Missing complete monthly headcount driver for event-delta allocation: cc=1412000103, month=202612, previous_month=202611, category=headcount_worker, missing=current,previous",Provide monthly headcount for both the event month and previous month before using event-delta allocation.
action,1412000105,202612,headcount_event_delta,"Missing complete monthly headcount driver for event-delta allocation: cc=1412000105, month=202612, previous_month=202611, category=headcount_worker, missing=current,previous",Provide monthly headcount for both the event month and previous month before using event-delta allocation.
action,1412000075,202612,headcount_event_delta,"Missing complete monthly headcount driver for event-delta allocation: cc=1412000075, month=202612, previous_month=202611, category=headcount_worker, missing=current,previous",Provide monthly headcount for both the event month and previous month before using event-delta allocation.
action,1412000106,202612,headcount_event_delta,"Missing complete monthly headcount driver for event-delta allocation: cc=1412000106, month=202612, previous_month=202611, category=headcount_worker, missing=current,previous",Provide monthly headcount for both the event month and previous month before using event-delta allocation.
action,1412000039,202612,headcount_event_delta,"Missing complete monthly headcount driver for event-delta allocation: cc=1412000039, month=202612, previous_month=202611, category=headcount_worker, missing=current,previous",Provide monthly headcount for both the event month and previous month before using event-delta allocation.
action,1412000108,202612,headcount_event_delta,"Missing complete monthly headcount driver for event-delta allocation: cc=1412000108, month=202612, previous_month=202611, category=headcount_worker, missing=current,previous",Provide monthly headcount for both the event month and previous month before using event-delta allocation.
action,1412000005,202701,headcount_event_delta,"Missing complete monthly headcount driver for event-delta allocation: cc=1412000005, month=202701, previous_month=202612, category=headcount_worker, missing=current,previous",Provide monthly headcount for both the event month and previous month before using event-delta allocation.
action,1412000062,202701,headcount_event_delta,"Missing complete monthly headcount driver for event-delta allocation: cc=1412000062, month=202701, previous_month=202612, category=headcount_worker, missing=current,previous",Provide monthly headcount for both the event month and previous month before using event-delta allocation.
action,1412000034,202701,headcount_event_delta,"Missing complete monthly headcount driver for event-delta allocation: cc=1412000034, month=202701, previous_month=202612, category=headcount_worker, missing=current,previous",Provide monthly headcount for both the event month and previous month before using event-delta allocation.
action,1412000048,202701,headcount_event_delta,"Missing complete monthly headcount driver for event-delta allocation: cc=1412000048, month=202701, previous_month=202612, category=headcount_worker, missing=current,previous",Provide monthly headcount for both the event month and previous month before using event-delta allocation.
action,1412000055,202701,headcount_event_delta,"Missing complete monthly headcount driver for event-delta allocation: cc=1412000055, month=202701, previous_month=202612, category=headcount_worker, missing=current,previous",Provide monthly headcount for both the event month and previous month before using event-delta allocation.
action,1412000050,202701,headcount_event_delta,"Missing complete monthly headcount driver for event-delta allocation: cc=1412000050, month=202701, previous_month=202612, category=headcount_worker, missing=current,previous",Provide monthly headcount for both the event month and previous month before using event-delta allocation.
action,1412000077,202701,headcount_event_delta,"Missing complete monthly headcount driver for event-delta allocation: cc=1412000077, month=202701, previous_month=202612, category=headcount_worker, missing=current,previous",Provide monthly headcount for both the event month and previous month before using event-delta allocation.
action,1412000053,202701,headcount_event_delta,"Missing complete monthly headcount driver for event-delta allocation: cc=1412000053, month=202701, previous_month=202612, category=headcount_worker, missing=current,previous",Provide monthly headcount for both the event month and previous month before using event-delta allocation.
action,1412000008,202701,headcount_event_delta,"Missing complete monthly headcount driver for event-delta allocation: cc=1412000008, month=202701, previous_month=202612, category=headcount_worker, missing=current,previous",Provide monthly headcount for both the event month and previous month before using event-delta allocation.
action,1412000010,202701,headcount_event_delta,"Missing complete monthly headcount driver for event-delta allocation: cc=1412000010, month=202701, previous_month=202612, category=headcount_worker, missing=current,previous",Provide monthly headcount for both the event month and previous month before using event-delta allocation.
action,1412000054,202701,headcount_event_delta,"Missing complete monthly headcount driver for event-delta allocation: cc=1412000054, month=202701, previous_month=202612, category=headcount_worker, missing=current,previous",Provide monthly headcount for both the event month and previous month before using event-delta allocation.
action,1412000036,202701,headcount_event_delta,"Missing complete monthly headcount driver for event-delta allocation: cc=1412000036, month=202701, previous_month=202612, category=headcount_worker, missing=current,previous",Provide monthly headcount for both the event month and previous month before using event-delta allocation.
action,1412000089,202701,headcount_event_delta,"Missing complete monthly headcount driver for event-delta allocation: cc=1412000089, month=202701, previous_month=202612, category=headcount_worker, missing=current,previous",Provide monthly headcount for both the event month and previous month before using event-delta allocation.
action,1412000013,202701,headcount_event_delta,"Missing complete monthly headcount driver for event-delta allocation: cc=1412000013, month=202701, previous_month=202612, category=headcount_worker, missing=current,previous",Provide monthly headcount for both the event month and previous month before using event-delta allocation.
action,1412000080,202701,headcount_event_delta,"Missing complete monthly headcount driver for event-delta allocation: cc=1412000080, month=202701, previous_month=202612, category=headcount_worker, missing=current,previous",Provide monthly headcount for both the event month and previous month before using event-delta allocation.
action,1412000044,202701,headcount_event_delta,"Missing complete monthly headcount driver for event-delta allocation: cc=1412000044, month=202701, previous_month=202612, category=headcount_worker, missing=current,previous",Provide monthly headcount for both the event month and previous month before using event-delta allocation.
action,1412000056,202701,headcount_event_delta,"Missing complete monthly headcount driver for event-delta allocation: cc=1412000056, month=202701, previous_month=202612, category=headcount_worker, missing=current,previous",Provide monthly headcount for both the event month and previous month before using event-delta allocation.
action,1412000018,202701,headcount_event_delta,"Missing complete monthly headcount driver for event-delta allocation: cc=1412000018, month=202701, previous_month=202612, category=headcount_worker, missing=current,previous",Provide monthly headcount for both the event month and previous month before using event-delta allocation.
action,1412000019,202701,headcount_event_delta,"Missing complete monthly headcount driver for event-delta allocation: cc=1412000019, month=202701, previous_month=202612, category=headcount_worker, missing=current,previous",Provide monthly headcount for both the event month and previous month before using event-delta allocation.
action,1412000058,202701,headcount_event_delta,"Missing complete monthly headcount driver for event-delta allocation: cc=1412000058, month=202701, previous_month=202612, category=headcount_worker, missing=current,previous",Provide monthly headcount for both the event month and previous month before using event-delta allocation.
action,1412000042,202701,headcount_event_delta,"Missing complete monthly headcount driver for event-delta allocation: cc=1412000042, month=202701, previous_month=202612, category=headcount_worker, missing=current,previous",Provide monthly headcount for both the event month and previous month before using event-delta allocation.
action,1412000021,202701,headcount_event_delta,"Missing complete monthly headcount driver for event-delta allocation: cc=1412000021, month=202701, previous_month=202612, category=headcount_worker, missing=current,previous",Provide monthly headcount for both the event month and previous month before using event-delta allocation.
action,1412000022,202701,headcount_event_delta,"Missing complete monthly headcount driver for event-delta allocation: cc=1412000022, month=202701, previous_month=202612, category=headcount_worker, missing=current,previous",Provide monthly headcount for both the event month and previous month before using event-delta allocation.
action,1412000024,202701,headcount_event_delta,"Missing complete monthly headcount driver for event-delta allocation: cc=1412000024, month=202701, previous_month=202612, category=headcount_worker, missing=current,previous",Provide monthly headcount for both the event month and previous month before using event-delta allocation.
action,1412000025,202701,headcount_event_delta,"Missing complete monthly headcount driver for event-delta allocation: cc=1412000025, month=202701, previous_month=202612, category=headcount_worker, missing=current,previous",Provide monthly headcount for both the event month and previous month before using event-delta allocation.
action,1412000026,202701,headcount_event_delta,"Missing complete monthly headcount driver for event-delta allocation: cc=1412000026, month=202701, previous_month=202612, category=headcount_worker, missing=current,previous",Provide monthly headcount for both the event month and previous month before using event-delta allocation.
action,1412000028,202701,headcount_event_delta,"Missing complete monthly headcount driver for event-delta allocation: cc=1412000028, month=202701, previous_month=202612, category=headcount_worker, missing=current,previous",Provide monthly headcount for both the event month and previous month before using event-delta allocation.
action,1412000029,202701,headcount_event_delta,"Missing complete monthly headcount driver for event-delta allocation: cc=1412000029, month=202701, previous_month=202612, category=headcount_worker, missing=current,previous",Provide monthly headcount for both the event month and previous month before using event-delta allocation.
action,1412000030,202701,headcount_event_delta,"Missing complete monthly headcount driver for event-delta allocation: cc=1412000030, month=202701, previous_month=202612, category=headcount_worker, missing=current,previous",Provide monthly headcount for both the event month and previous month before using event-delta allocation.
action,1412000086,202701,headcount_event_delta,"Missing complete monthly headcount driver for event-delta allocation: cc=1412000086, month=202701, previous_month=202612, category=headcount_worker, missing=current,previous",Provide monthly headcount for both the event month and previous month before using event-delta allocation.
action,1412000063,202701,headcount_event_delta,"Missing complete monthly headcount driver for event-delta allocation: cc=1412000063, month=202701, previous_month=202612, category=headcount_worker, missing=current,previous",Provide monthly headcount for both the event month and previous month before using event-delta allocation.
action,1412000066,202701,headcount_event_delta,"Missing complete monthly headcount driver for event-delta allocation: cc=1412000066, month=202701, previous_month=202612, category=headcount_worker, missing=current,previous",Provide monthly headcount for both the event month and previous month before using event-delta allocation.
action,1412000035,202701,headcount_event_delta,"Missing complete monthly headcount driver for event-delta allocation: cc=1412000035, month=202701, previous_month=202612, category=headcount_worker, missing=current,previous",Provide monthly headcount for both the event month and previous month before using event-delta allocation.
action,1412000016,202701,headcount_event_delta,"Missing complete monthly headcount driver for event-delta allocation: cc=1412000016, month=202701, previous_month=202612, category=headcount_worker, missing=current,previous",Provide monthly headcount for both the event month and previous month before using event-delta allocation.
action,1412000069,202701,headcount_event_delta,"Missing complete monthly headcount driver for event-delta allocation: cc=1412000069, month=202701, previous_month=202612, category=headcount_worker, missing=current,previous",Provide monthly headcount for both the event month and previous month before using event-delta allocation.
action,1412000070,202701,headcount_event_delta,"Missing complete monthly headcount driver for event-delta allocation: cc=1412000070, month=202701, previous_month=202612, category=headcount_worker, missing=current,previous",Provide monthly headcount for both the event month and previous month before using event-delta allocation.
action,1412000072,202701,headcount_event_delta,"Missing complete monthly headcount driver for event-delta allocation: cc=1412000072, month=202701, previous_month=202612, category=headcount_worker, missing=current,previous",Provide monthly headcount for both the event month and previous month before using event-delta allocation.
action,1412000073,202701,headcount_event_delta,"Missing complete monthly headcount driver for event-delta allocation: cc=1412000073, month=202701, previous_month=202612, category=headcount_worker, missing=current,previous",Provide monthly headcount for both the event month and previous month before using event-delta allocation.
action,1412000104,202701,headcount_event_delta,"Missing complete monthly headcount driver for event-delta allocation: cc=1412000104, month=202701, previous_month=202612, category=headcount_worker, missing=current,previous",Provide monthly headcount for both the event month and previous month before using event-delta allocation.
action,1412000057,202701,headcount_event_delta,"Missing complete monthly headcount driver for event-delta allocation: cc=1412000057, month=202701, previous_month=202612, category=headcount_worker, missing=current,previous",Provide monthly headcount for both the event month and previous month before using event-delta allocation.
action,1412000078,202701,headcount_event_delta,"Missing complete monthly headcount driver for event-delta allocation: cc=1412000078, month=202701, previous_month=202612, category=headcount_worker, missing=current,previous",Provide monthly headcount for both the event month and previous month before using event-delta allocation.
action,1412C00001,202701,headcount_event_delta,"Missing complete monthly headcount driver for event-delta allocation: cc=1412C00001, month=202701, previous_month=202612, category=headcount_worker, missing=current,previous",Provide monthly headcount for both the event month and previous month before using event-delta allocation.
action,1412000081,202701,headcount_event_delta,"Missing complete monthly headcount driver for event-delta allocation: cc=1412000081, month=202701, previous_month=202612, category=headcount_worker, missing=current,previous",Provide monthly headcount for both the event month and previous month before using event-delta allocation.
action,1412000083,202701,headcount_event_delta,"Missing complete monthly headcount driver for event-delta allocation: cc=1412000083, month=202701, previous_month=202612, category=headcount_worker, missing=current,previous",Provide monthly headcount for both the event month and previous month before using event-delta allocation.
action,1412000084,202701,headcount_event_delta,"Missing complete monthly headcount driver for event-delta allocation: cc=1412000084, month=202701, previous_month=202612, category=headcount_worker, missing=current,previous",Provide monthly headcount for both the event month and previous month before using event-delta allocation.
action,1412000087,202701,headcount_event_delta,"Missing complete monthly headcount driver for event-delta allocation: cc=1412000087, month=202701, previous_month=202612, category=headcount_worker, missing=current,previous",Provide monthly headcount for both the event month and previous month before using event-delta allocation.
action,1412000088,202701,headcount_event_delta,"Missing complete monthly headcount driver for event-delta allocation: cc=1412000088, month=202701, previous_month=202612, category=headcount_worker, missing=current,previous",Provide monthly headcount for both the event month and previous month before using event-delta allocation.
action,1412000091,202701,headcount_event_delta,"Missing complete monthly headcount driver for event-delta allocation: cc=1412000091, month=202701, previous_month=202612, category=headcount_worker, missing=current,previous",Provide monthly headcount for both the event month and previous month before using event-delta allocation.
action,1412000092,202701,headcount_event_delta,"Missing complete monthly headcount driver for event-delta allocation: cc=1412000092, month=202701, previous_month=202612, category=headcount_worker, missing=current,previous",Provide monthly headcount for both the event month and previous month before using event-delta allocation.
action,1412000093,202701,headcount_event_delta,"Missing complete monthly headcount driver for event-delta allocation: cc=1412000093, month=202701, previous_month=202612, category=headcount_worker, missing=current,previous",Provide monthly headcount for both the event month and previous month before using event-delta allocation.
action,1412000094,202701,headcount_event_delta,"Missing complete monthly headcount driver for event-delta allocation: cc=1412000094, month=202701, previous_month=202612, category=headcount_worker, missing=current,previous",Provide monthly headcount for both the event month and previous month before using event-delta allocation.
action,1412000096,202701,headcount_event_delta,"Missing complete monthly headcount driver for event-delta allocation: cc=1412000096, month=202701, previous_month=202612, category=headcount_worker, missing=current,previous",Provide monthly headcount for both the event month and previous month before using event-delta allocation.
action,1412000098,202701,headcount_event_delta,"Missing complete monthly headcount driver for event-delta allocation: cc=1412000098, month=202701, previous_month=202612, category=headcount_worker, missing=current,previous",Provide monthly headcount for both the event month and previous month before using event-delta allocation.
action,1412000099,202701,headcount_event_delta,"Missing complete monthly headcount driver for event-delta allocation: cc=1412000099, month=202701, previous_month=202612, category=headcount_worker, missing=current,previous",Provide monthly headcount for both the event month and previous month before using event-delta allocation.
action,1412000101,202701,headcount_event_delta,"Missing complete monthly headcount driver for event-delta allocation: cc=1412000101, month=202701, previous_month=202612, category=headcount_worker, missing=current,previous",Provide monthly headcount for both the event month and previous month before using event-delta allocation.
action,1412000100,202701,headcount_event_delta,"Missing complete monthly headcount driver for event-delta allocation: cc=1412000100, month=202701, previous_month=202612, category=headcount_worker, missing=current,previous",Provide monthly headcount for both the event month and previous month before using event-delta allocation.
action,1412000103,202701,headcount_event_delta,"Missing complete monthly headcount driver for event-delta allocation: cc=1412000103, month=202701, previous_month=202612, category=headcount_worker, missing=current,previous",Provide monthly headcount for both the event month and previous month before using event-delta allocation.
action,1412000105,202701,headcount_event_delta,"Missing complete monthly headcount driver for event-delta allocation: cc=1412000105, month=202701, previous_month=202612, category=headcount_worker, missing=current,previous",Provide monthly headcount for both the event month and previous month before using event-delta allocation.
action,1412000075,202701,headcount_event_delta,"Missing complete monthly headcount driver for event-delta allocation: cc=1412000075, month=202701, previous_month=202612, category=headcount_worker, missing=current,previous",Provide monthly headcount for both the event month and previous month before using event-delta allocation.
action,1412000106,202701,headcount_event_delta,"Missing complete monthly headcount driver for event-delta allocation: cc=1412000106, month=202701, previous_month=202612, category=headcount_worker, missing=current,previous",Provide monthly headcount for both the event month and previous month before using event-delta allocation.
action,1412000039,202701,headcount_event_delta,"Missing complete monthly headcount driver for event-delta allocation: cc=1412000039, month=202701, previous_month=202612, category=headcount_worker, missing=current,previous",Provide monthly headcount for both the event month and previous month before using event-delta allocation.
action,1412000108,202701,headcount_event_delta,"Missing complete monthly headcount driver for event-delta allocation: cc=1412000108, month=202701, previous_month=202612, category=headcount_worker, missing=current,previous",Provide monthly headcount for both the event month and previous month before using event-delta allocation.
action,1412000005,202702,headcount_event_delta,"Missing complete monthly headcount driver for event-delta allocation: cc=1412000005, month=202702, previous_month=202701, category=headcount_worker, missing=current,previous",Provide monthly headcount for both the event month and previous month before using event-delta allocation.
action,1412000062,202702,headcount_event_delta,"Missing complete monthly headcount driver for event-delta allocation: cc=1412000062, month=202702, previous_month=202701, category=headcount_worker, missing=current,previous",Provide monthly headcount for both the event month and previous month before using event-delta allocation.
action,1412000034,202702,headcount_event_delta,"Missing complete monthly headcount driver for event-delta allocation: cc=1412000034, month=202702, previous_month=202701, category=headcount_worker, missing=current,previous",Provide monthly headcount for both the event month and previous month before using event-delta allocation.
action,1412000048,202702,headcount_event_delta,"Missing complete monthly headcount driver for event-delta allocation: cc=1412000048, month=202702, previous_month=202701, category=headcount_worker, missing=current,previous",Provide monthly headcount for both the event month and previous month before using event-delta allocation.
action,1412000055,202702,headcount_event_delta,"Missing complete monthly headcount driver for event-delta allocation: cc=1412000055, month=202702, previous_month=202701, category=headcount_worker, missing=current,previous",Provide monthly headcount for both the event month and previous month before using event-delta allocation.
action,1412000050,202702,headcount_event_delta,"Missing complete monthly headcount driver for event-delta allocation: cc=1412000050, month=202702, previous_month=202701, category=headcount_worker, missing=current,previous",Provide monthly headcount for both the event month and previous month before using event-delta allocation.
action,1412000077,202702,headcount_event_delta,"Missing complete monthly headcount driver for event-delta allocation: cc=1412000077, month=202702, previous_month=202701, category=headcount_worker, missing=current,previous",Provide monthly headcount for both the event month and previous month before using event-delta allocation.
action,1412000053,202702,headcount_event_delta,"Missing complete monthly headcount driver for event-delta allocation: cc=1412000053, month=202702, previous_month=202701, category=headcount_worker, missing=current,previous",Provide monthly headcount for both the event month and previous month before using event-delta allocation.
action,1412000008,202702,headcount_event_delta,"Missing complete monthly headcount driver for event-delta allocation: cc=1412000008, month=202702, previous_month=202701, category=headcount_worker, missing=current,previous",Provide monthly headcount for both the event month and previous month before using event-delta allocation.
action,1412000010,202702,headcount_event_delta,"Missing complete monthly headcount driver for event-delta allocation: cc=1412000010, month=202702, previous_month=202701, category=headcount_worker, missing=current,previous",Provide monthly headcount for both the event month and previous month before using event-delta allocation.
action,1412000054,202702,headcount_event_delta,"Missing complete monthly headcount driver for event-delta allocation: cc=1412000054, month=202702, previous_month=202701, category=headcount_worker, missing=current,previous",Provide monthly headcount for both the event month and previous month before using event-delta allocation.
action,1412000036,202702,headcount_event_delta,"Missing complete monthly headcount driver for event-delta allocation: cc=1412000036, month=202702, previous_month=202701, category=headcount_worker, missing=current,previous",Provide monthly headcount for both the event month and previous month before using event-delta allocation.
action,1412000089,202702,headcount_event_delta,"Missing complete monthly headcount driver for event-delta allocation: cc=1412000089, month=202702, previous_month=202701, category=headcount_worker, missing=current,previous",Provide monthly headcount for both the event month and previous month before using event-delta allocation.
action,1412000013,202702,headcount_event_delta,"Missing complete monthly headcount driver for event-delta allocation: cc=1412000013, month=202702, previous_month=202701, category=headcount_worker, missing=current,previous",Provide monthly headcount for both the event month and previous month before using event-delta allocation.
action,1412000080,202702,headcount_event_delta,"Missing complete monthly headcount driver for event-delta allocation: cc=1412000080, month=202702, previous_month=202701, category=headcount_worker, missing=current,previous",Provide monthly headcount for both the event month and previous month before using event-delta allocation.
action,1412000044,202702,headcount_event_delta,"Missing complete monthly headcount driver for event-delta allocation: cc=1412000044, month=202702, previous_month=202701, category=headcount_worker, missing=current,previous",Provide monthly headcount for both the event month and previous month before using event-delta allocation.
action,1412000056,202702,headcount_event_delta,"Missing complete monthly headcount driver for event-delta allocation: cc=1412000056, month=202702, previous_month=202701, category=headcount_worker, missing=current,previous",Provide monthly headcount for both the event month and previous month before using event-delta allocation.
action,1412000018,202702,headcount_event_delta,"Missing complete monthly headcount driver for event-delta allocation: cc=1412000018, month=202702, previous_month=202701, category=headcount_worker, missing=current,previous",Provide monthly headcount for both the event month and previous month before using event-delta allocation.
action,1412000019,202702,headcount_event_delta,"Missing complete monthly headcount driver for event-delta allocation: cc=1412000019, month=202702, previous_month=202701, category=headcount_worker, missing=current,previous",Provide monthly headcount for both the event month and previous month before using event-delta allocation.
action,1412000058,202702,headcount_event_delta,"Missing complete monthly headcount driver for event-delta allocation: cc=1412000058, month=202702, previous_month=202701, category=headcount_worker, missing=current,previous",Provide monthly headcount for both the event month and previous month before using event-delta allocation.
action,1412000042,202702,headcount_event_delta,"Missing complete monthly headcount driver for event-delta allocation: cc=1412000042, month=202702, previous_month=202701, category=headcount_worker, missing=current,previous",Provide monthly headcount for both the event month and previous month before using event-delta allocation.
action,1412000021,202702,headcount_event_delta,"Missing complete monthly headcount driver for event-delta allocation: cc=1412000021, month=202702, previous_month=202701, category=headcount_worker, missing=current,previous",Provide monthly headcount for both the event month and previous month before using event-delta allocation.
action,1412000022,202702,headcount_event_delta,"Missing complete monthly headcount driver for event-delta allocation: cc=1412000022, month=202702, previous_month=202701, category=headcount_worker, missing=current,previous",Provide monthly headcount for both the event month and previous month before using event-delta allocation.
action,1412000024,202702,headcount_event_delta,"Missing complete monthly headcount driver for event-delta allocation: cc=1412000024, month=202702, previous_month=202701, category=headcount_worker, missing=current,previous",Provide monthly headcount for both the event month and previous month before using event-delta allocation.
action,1412000025,202702,headcount_event_delta,"Missing complete monthly headcount driver for event-delta allocation: cc=1412000025, month=202702, previous_month=202701, category=headcount_worker, missing=current,previous",Provide monthly headcount for both the event month and previous month before using event-delta allocation.
action,1412000026,202702,headcount_event_delta,"Missing complete monthly headcount driver for event-delta allocation: cc=1412000026, month=202702, previous_month=202701, category=headcount_worker, missing=current,previous",Provide monthly headcount for both the event month and previous month before using event-delta allocation.
action,1412000028,202702,headcount_event_delta,"Missing complete monthly headcount driver for event-delta allocation: cc=1412000028, month=202702, previous_month=202701, category=headcount_worker, missing=current,previous",Provide monthly headcount for both the event month and previous month before using event-delta allocation.
action,1412000029,202702,headcount_event_delta,"Missing complete monthly headcount driver for event-delta allocation: cc=1412000029, month=202702, previous_month=202701, category=headcount_worker, missing=current,previous",Provide monthly headcount for both the event month and previous month before using event-delta allocation.
action,1412000030,202702,headcount_event_delta,"Missing complete monthly headcount driver for event-delta allocation: cc=1412000030, month=202702, previous_month=202701, category=headcount_worker, missing=current,previous",Provide monthly headcount for both the event month and previous month before using event-delta allocation.
action,1412000086,202702,headcount_event_delta,"Missing complete monthly headcount driver for event-delta allocation: cc=1412000086, month=202702, previous_month=202701, category=headcount_worker, missing=current,previous",Provide monthly headcount for both the event month and previous month before using event-delta allocation.
action,1412000063,202702,headcount_event_delta,"Missing complete monthly headcount driver for event-delta allocation: cc=1412000063, month=202702, previous_month=202701, category=headcount_worker, missing=current,previous",Provide monthly headcount for both the event month and previous month before using event-delta allocation.
action,1412000066,202702,headcount_event_delta,"Missing complete monthly headcount driver for event-delta allocation: cc=1412000066, month=202702, previous_month=202701, category=headcount_worker, missing=current,previous",Provide monthly headcount for both the event month and previous month before using event-delta allocation.
action,1412000035,202702,headcount_event_delta,"Missing complete monthly headcount driver for event-delta allocation: cc=1412000035, month=202702, previous_month=202701, category=headcount_worker, missing=current,previous",Provide monthly headcount for both the event month and previous month before using event-delta allocation.
action,1412000016,202702,headcount_event_delta,"Missing complete monthly headcount driver for event-delta allocation: cc=1412000016, month=202702, previous_month=202701, category=headcount_worker, missing=current,previous",Provide monthly headcount for both the event month and previous month before using event-delta allocation.
action,1412000069,202702,headcount_event_delta,"Missing complete monthly headcount driver for event-delta allocation: cc=1412000069, month=202702, previous_month=202701, category=headcount_worker, missing=current,previous",Provide monthly headcount for both the event month and previous month before using event-delta allocation.
action,1412000070,202702,headcount_event_delta,"Missing complete monthly headcount driver for event-delta allocation: cc=1412000070, month=202702, previous_month=202701, category=headcount_worker, missing=current,previous",Provide monthly headcount for both the event month and previous month before using event-delta allocation.
action,1412000072,202702,headcount_event_delta,"Missing complete monthly headcount driver for event-delta allocation: cc=1412000072, month=202702, previous_month=202701, category=headcount_worker, missing=current,previous",Provide monthly headcount for both the event month and previous month before using event-delta allocation.
action,1412000073,202702,headcount_event_delta,"Missing complete monthly headcount driver for event-delta allocation: cc=1412000073, month=202702, previous_month=202701, category=headcount_worker, missing=current,previous",Provide monthly headcount for both the event month and previous month before using event-delta allocation.
action,1412000104,202702,headcount_event_delta,"Missing complete monthly headcount driver for event-delta allocation: cc=1412000104, month=202702, previous_month=202701, category=headcount_worker, missing=current,previous",Provide monthly headcount for both the event month and previous month before using event-delta allocation.
action,1412000057,202702,headcount_event_delta,"Missing complete monthly headcount driver for event-delta allocation: cc=1412000057, month=202702, previous_month=202701, category=headcount_worker, missing=current,previous",Provide monthly headcount for both the event month and previous month before using event-delta allocation.
action,1412000078,202702,headcount_event_delta,"Missing complete monthly headcount driver for event-delta allocation: cc=1412000078, month=202702, previous_month=202701, category=headcount_worker, missing=current,previous",Provide monthly headcount for both the event month and previous month before using event-delta allocation.
action,1412C00001,202702,headcount_event_delta,"Missing complete monthly headcount driver for event-delta allocation: cc=1412C00001, month=202702, previous_month=202701, category=headcount_worker, missing=current,previous",Provide monthly headcount for both the event month and previous month before using event-delta allocation.
action,1412000081,202702,headcount_event_delta,"Missing complete monthly headcount driver for event-delta allocation: cc=1412000081, month=202702, previous_month=202701, category=headcount_worker, missing=current,previous",Provide monthly headcount for both the event month and previous month before using event-delta allocation.
action,1412000083,202702,headcount_event_delta,"Missing complete monthly headcount driver for event-delta allocation: cc=1412000083, month=202702, previous_month=202701, category=headcount_worker, missing=current,previous",Provide monthly headcount for both the event month and previous month before using event-delta allocation.
action,1412000084,202702,headcount_event_delta,"Missing complete monthly headcount driver for event-delta allocation: cc=1412000084, month=202702, previous_month=202701, category=headcount_worker, missing=current,previous",Provide monthly headcount for both the event month and previous month before using event-delta allocation.
action,1412000087,202702,headcount_event_delta,"Missing complete monthly headcount driver for event-delta allocation: cc=1412000087, month=202702, previous_month=202701, category=headcount_worker, missing=current,previous",Provide monthly headcount for both the event month and previous month before using event-delta allocation.
action,1412000088,202702,headcount_event_delta,"Missing complete monthly headcount driver for event-delta allocation: cc=1412000088, month=202702, previous_month=202701, category=headcount_worker, missing=current,previous",Provide monthly headcount for both the event month and previous month before using event-delta allocation.
action,1412000091,202702,headcount_event_delta,"Missing complete monthly headcount driver for event-delta allocation: cc=1412000091, month=202702, previous_month=202701, category=headcount_worker, missing=current,previous",Provide monthly headcount for both the event month and previous month before using event-delta allocation.
action,1412000092,202702,headcount_event_delta,"Missing complete monthly headcount driver for event-delta allocation: cc=1412000092, month=202702, previous_month=202701, category=headcount_worker, missing=current,previous",Provide monthly headcount for both the event month and previous month before using event-delta allocation.
action,1412000093,202702,headcount_event_delta,"Missing complete monthly headcount driver for event-delta allocation: cc=1412000093, month=202702, previous_month=202701, category=headcount_worker, missing=current,previous",Provide monthly headcount for both the event month and previous month before using event-delta allocation.
action,1412000094,202702,headcount_event_delta,"Missing complete monthly headcount driver for event-delta allocation: cc=1412000094, month=202702, previous_month=202701, category=headcount_worker, missing=current,previous",Provide monthly headcount for both the event month and previous month before using event-delta allocation.
action,1412000096,202702,headcount_event_delta,"Missing complete monthly headcount driver for event-delta allocation: cc=1412000096, month=202702, previous_month=202701, category=headcount_worker, missing=current,previous",Provide monthly headcount for both the event month and previous month before using event-delta allocation.
action,1412000098,202702,headcount_event_delta,"Missing complete monthly headcount driver for event-delta allocation: cc=1412000098, month=202702, previous_month=202701, category=headcount_worker, missing=current,previous",Provide monthly headcount for both the event month and previous month before using event-delta allocation.
action,1412000099,202702,headcount_event_delta,"Missing complete monthly headcount driver for event-delta allocation: cc=1412000099, month=202702, previous_month=202701, category=headcount_worker, missing=current,previous",Provide monthly headcount for both the event month and previous month before using event-delta allocation.
action,1412000101,202702,headcount_event_delta,"Missing complete monthly headcount driver for event-delta allocation: cc=1412000101, month=202702, previous_month=202701, category=headcount_worker, missing=current,previous",Provide monthly headcount for both the event month and previous month before using event-delta allocation.
action,1412000100,202702,headcount_event_delta,"Missing complete monthly headcount driver for event-delta allocation: cc=1412000100, month=202702, previous_month=202701, category=headcount_worker, missing=current,previous",Provide monthly headcount for both the event month and previous month before using event-delta allocation.
action,1412000103,202702,headcount_event_delta,"Missing complete monthly headcount driver for event-delta allocation: cc=1412000103, month=202702, previous_month=202701, category=headcount_worker, missing=current,previous",Provide monthly headcount for both the event month and previous month before using event-delta allocation.
action,1412000105,202702,headcount_event_delta,"Missing complete monthly headcount driver for event-delta allocation: cc=1412000105, month=202702, previous_month=202701, category=headcount_worker, missing=current,previous",Provide monthly headcount for both the event month and previous month before using event-delta allocation.
action,1412000075,202702,headcount_event_delta,"Missing complete monthly headcount driver for event-delta allocation: cc=1412000075, month=202702, previous_month=202701, category=headcount_worker, missing=current,previous",Provide monthly headcount for both the event month and previous month before using event-delta allocation.
action,1412000106,202702,headcount_event_delta,"Missing complete monthly headcount driver for event-delta allocation: cc=1412000106, month=202702, previous_month=202701, category=headcount_worker, missing=current,previous",Provide monthly headcount for both the event month and previous month before using event-delta allocation.
action,1412000039,202702,headcount_event_delta,"Missing complete monthly headcount driver for event-delta allocation: cc=1412000039, month=202702, previous_month=202701, category=headcount_worker, missing=current,previous",Provide monthly headcount for both the event month and previous month before using event-delta allocation.
action,1412000108,202702,headcount_event_delta,"Missing complete monthly headcount driver for event-delta allocation: cc=1412000108, month=202702, previous_month=202701, category=headcount_worker, missing=current,previous",Provide monthly headcount for both the event month and previous month before using event-delta allocation.
action,1412000005,202703,headcount_event_delta,"Missing complete monthly headcount driver for event-delta allocation: cc=1412000005, month=202703, previous_month=202702, category=headcount_worker, missing=current,previous",Provide monthly headcount for both the event month and previous month before using event-delta allocation.
action,1412000062,202703,headcount_event_delta,"Missing complete monthly headcount driver for event-delta allocation: cc=1412000062, month=202703, previous_month=202702, category=headcount_worker, missing=current,previous",Provide monthly headcount for both the event month and previous month before using event-delta allocation.
action,1412000034,202703,headcount_event_delta,"Missing complete monthly headcount driver for event-delta allocation: cc=1412000034, month=202703, previous_month=202702, category=headcount_worker, missing=current,previous",Provide monthly headcount for both the event month and previous month before using event-delta allocation.
action,1412000048,202703,headcount_event_delta,"Missing complete monthly headcount driver for event-delta allocation: cc=1412000048, month=202703, previous_month=202702, category=headcount_worker, missing=current,previous",Provide monthly headcount for both the event month and previous month before using event-delta allocation.
action,1412000055,202703,headcount_event_delta,"Missing complete monthly headcount driver for event-delta allocation: cc=1412000055, month=202703, previous_month=202702, category=headcount_worker, missing=current,previous",Provide monthly headcount for both the event month and previous month before using event-delta allocation.
action,1412000050,202703,headcount_event_delta,"Missing complete monthly headcount driver for event-delta allocation: cc=1412000050, month=202703, previous_month=202702, category=headcount_worker, missing=current,previous",Provide monthly headcount for both the event month and previous month before using event-delta allocation.
action,1412000077,202703,headcount_event_delta,"Missing complete monthly headcount driver for event-delta allocation: cc=1412000077, month=202703, previous_month=202702, category=headcount_worker, missing=current,previous",Provide monthly headcount for both the event month and previous month before using event-delta allocation.
action,1412000053,202703,headcount_event_delta,"Missing complete monthly headcount driver for event-delta allocation: cc=1412000053, month=202703, previous_month=202702, category=headcount_worker, missing=current,previous",Provide monthly headcount for both the event month and previous month before using event-delta allocation.
action,1412000008,202703,headcount_event_delta,"Missing complete monthly headcount driver for event-delta allocation: cc=1412000008, month=202703, previous_month=202702, category=headcount_worker, missing=current,previous",Provide monthly headcount for both the event month and previous month before using event-delta allocation.
action,1412000010,202703,headcount_event_delta,"Missing complete monthly headcount driver for event-delta allocation: cc=1412000010, month=202703, previous_month=202702, category=headcount_worker, missing=current,previous",Provide monthly headcount for both the event month and previous month before using event-delta allocation.
action,1412000054,202703,headcount_event_delta,"Missing complete monthly headcount driver for event-delta allocation: cc=1412000054, month=202703, previous_month=202702, category=headcount_worker, missing=current,previous",Provide monthly headcount for both the event month and previous month before using event-delta allocation.
action,1412000036,202703,headcount_event_delta,"Missing complete monthly headcount driver for event-delta allocation: cc=1412000036, month=202703, previous_month=202702, category=headcount_worker, missing=current,previous",Provide monthly headcount for both the event month and previous month before using event-delta allocation.
action,1412000089,202703,headcount_event_delta,"Missing complete monthly headcount driver for event-delta allocation: cc=1412000089, month=202703, previous_month=202702, category=headcount_worker, missing=current,previous",Provide monthly headcount for both the event month and previous month before using event-delta allocation.
action,1412000013,202703,headcount_event_delta,"Missing complete monthly headcount driver for event-delta allocation: cc=1412000013, month=202703, previous_month=202702, category=headcount_worker, missing=current,previous",Provide monthly headcount for both the event month and previous month before using event-delta allocation.
action,1412000080,202703,headcount_event_delta,"Missing complete monthly headcount driver for event-delta allocation: cc=1412000080, month=202703, previous_month=202702, category=headcount_worker, missing=current,previous",Provide monthly headcount for both the event month and previous month before using event-delta allocation.
action,1412000044,202703,headcount_event_delta,"Missing complete monthly headcount driver for event-delta allocation: cc=1412000044, month=202703, previous_month=202702, category=headcount_worker, missing=current,previous",Provide monthly headcount for both the event month and previous month before using event-delta allocation.
action,1412000056,202703,headcount_event_delta,"Missing complete monthly headcount driver for event-delta allocation: cc=1412000056, month=202703, previous_month=202702, category=headcount_worker, missing=current,previous",Provide monthly headcount for both the event month and previous month before using event-delta allocation.
action,1412000018,202703,headcount_event_delta,"Missing complete monthly headcount driver for event-delta allocation: cc=1412000018, month=202703, previous_month=202702, category=headcount_worker, missing=current,previous",Provide monthly headcount for both the event month and previous month before using event-delta allocation.
action,1412000019,202703,headcount_event_delta,"Missing complete monthly headcount driver for event-delta allocation: cc=1412000019, month=202703, previous_month=202702, category=headcount_worker, missing=current,previous",Provide monthly headcount for both the event month and previous month before using event-delta allocation.
action,1412000058,202703,headcount_event_delta,"Missing complete monthly headcount driver for event-delta allocation: cc=1412000058, month=202703, previous_month=202702, category=headcount_worker, missing=current,previous",Provide monthly headcount for both the event month and previous month before using event-delta allocation.
action,1412000042,202703,headcount_event_delta,"Missing complete monthly headcount driver for event-delta allocation: cc=1412000042, month=202703, previous_month=202702, category=headcount_worker, missing=current,previous",Provide monthly headcount for both the event month and previous month before using event-delta allocation.
action,1412000021,202703,headcount_event_delta,"Missing complete monthly headcount driver for event-delta allocation: cc=1412000021, month=202703, previous_month=202702, category=headcount_worker, missing=current,previous",Provide monthly headcount for both the event month and previous month before using event-delta allocation.
action,1412000022,202703,headcount_event_delta,"Missing complete monthly headcount driver for event-delta allocation: cc=1412000022, month=202703, previous_month=202702, category=headcount_worker, missing=current,previous",Provide monthly headcount for both the event month and previous month before using event-delta allocation.
action,1412000024,202703,headcount_event_delta,"Missing complete monthly headcount driver for event-delta allocation: cc=1412000024, month=202703, previous_month=202702, category=headcount_worker, missing=current,previous",Provide monthly headcount for both the event month and previous month before using event-delta allocation.
action,1412000025,202703,headcount_event_delta,"Missing complete monthly headcount driver for event-delta allocation: cc=1412000025, month=202703, previous_month=202702, category=headcount_worker, missing=current,previous",Provide monthly headcount for both the event month and previous month before using event-delta allocation.
action,1412000026,202703,headcount_event_delta,"Missing complete monthly headcount driver for event-delta allocation: cc=1412000026, month=202703, previous_month=202702, category=headcount_worker, missing=current,previous",Provide monthly headcount for both the event month and previous month before using event-delta allocation.
action,1412000028,202703,headcount_event_delta,"Missing complete monthly headcount driver for event-delta allocation: cc=1412000028, month=202703, previous_month=202702, category=headcount_worker, missing=current,previous",Provide monthly headcount for both the event month and previous month before using event-delta allocation.
action,1412000029,202703,headcount_event_delta,"Missing complete monthly headcount driver for event-delta allocation: cc=1412000029, month=202703, previous_month=202702, category=headcount_worker, missing=current,previous",Provide monthly headcount for both the event month and previous month before using event-delta allocation.
action,1412000030,202703,headcount_event_delta,"Missing complete monthly headcount driver for event-delta allocation: cc=1412000030, month=202703, previous_month=202702, category=headcount_worker, missing=current,previous",Provide monthly headcount for both the event month and previous month before using event-delta allocation.
action,1412000086,202703,headcount_event_delta,"Missing complete monthly headcount driver for event-delta allocation: cc=1412000086, month=202703, previous_month=202702, category=headcount_worker, missing=current,previous",Provide monthly headcount for both the event month and previous month before using event-delta allocation.
action,1412000063,202703,headcount_event_delta,"Missing complete monthly headcount driver for event-delta allocation: cc=1412000063, month=202703, previous_month=202702, category=headcount_worker, missing=current,previous",Provide monthly headcount for both the event month and previous month before using event-delta allocation.
action,1412000066,202703,headcount_event_delta,"Missing complete monthly headcount driver for event-delta allocation: cc=1412000066, month=202703, previous_month=202702, category=headcount_worker, missing=current,previous",Provide monthly headcount for both the event month and previous month before using event-delta allocation.
action,1412000035,202703,headcount_event_delta,"Missing complete monthly headcount driver for event-delta allocation: cc=1412000035, month=202703, previous_month=202702, category=headcount_worker, missing=current,previous",Provide monthly headcount for both the event month and previous month before using event-delta allocation.
action,1412000016,202703,headcount_event_delta,"Missing complete monthly headcount driver for event-delta allocation: cc=1412000016, month=202703, previous_month=202702, category=headcount_worker, missing=current,previous",Provide monthly headcount for both the event month and previous month before using event-delta allocation.
action,1412000069,202703,headcount_event_delta,"Missing complete monthly headcount driver for event-delta allocation: cc=1412000069, month=202703, previous_month=202702, category=headcount_worker, missing=current,previous",Provide monthly headcount for both the event month and previous month before using event-delta allocation.
action,1412000070,202703,headcount_event_delta,"Missing complete monthly headcount driver for event-delta allocation: cc=1412000070, month=202703, previous_month=202702, category=headcount_worker, missing=current,previous",Provide monthly headcount for both the event month and previous month before using event-delta allocation.
action,1412000072,202703,headcount_event_delta,"Missing complete monthly headcount driver for event-delta allocation: cc=1412000072, month=202703, previous_month=202702, category=headcount_worker, missing=current,previous",Provide monthly headcount for both the event month and previous month before using event-delta allocation.
action,1412000073,202703,headcount_event_delta,"Missing complete monthly headcount driver for event-delta allocation: cc=1412000073, month=202703, previous_month=202702, category=headcount_worker, missing=current,previous",Provide monthly headcount for both the event month and previous month before using event-delta allocation.
action,1412000104,202703,headcount_event_delta,"Missing complete monthly headcount driver for event-delta allocation: cc=1412000104, month=202703, previous_month=202702, category=headcount_worker, missing=current,previous",Provide monthly headcount for both the event month and previous month before using event-delta allocation.
action,1412000057,202703,headcount_event_delta,"Missing complete monthly headcount driver for event-delta allocation: cc=1412000057, month=202703, previous_month=202702, category=headcount_worker, missing=current,previous",Provide monthly headcount for both the event month and previous month before using event-delta allocation.
action,1412000078,202703,headcount_event_delta,"Missing complete monthly headcount driver for event-delta allocation: cc=1412000078, month=202703, previous_month=202702, category=headcount_worker, missing=current,previous",Provide monthly headcount for both the event month and previous month before using event-delta allocation.
action,1412C00001,202703,headcount_event_delta,"Missing complete monthly headcount driver for event-delta allocation: cc=1412C00001, month=202703, previous_month=202702, category=headcount_worker, missing=current,previous",Provide monthly headcount for both the event month and previous month before using event-delta allocation.
action,1412000081,202703,headcount_event_delta,"Missing complete monthly headcount driver for event-delta allocation: cc=1412000081, month=202703, previous_month=202702, category=headcount_worker, missing=current,previous",Provide monthly headcount for both the event month and previous month before using event-delta allocation.
action,1412000083,202703,headcount_event_delta,"Missing complete monthly headcount driver for event-delta allocation: cc=1412000083, month=202703, previous_month=202702, category=headcount_worker, missing=current,previous",Provide monthly headcount for both the event month and previous month before using event-delta allocation.
action,1412000084,202703,headcount_event_delta,"Missing complete monthly headcount driver for event-delta allocation: cc=1412000084, month=202703, previous_month=202702, category=headcount_worker, missing=current,previous",Provide monthly headcount for both the event month and previous month before using event-delta allocation.
action,1412000087,202703,headcount_event_delta,"Missing complete monthly headcount driver for event-delta allocation: cc=1412000087, month=202703, previous_month=202702, category=headcount_worker, missing=current,previous",Provide monthly headcount for both the event month and previous month before using event-delta allocation.
action,1412000088,202703,headcount_event_delta,"Missing complete monthly headcount driver for event-delta allocation: cc=1412000088, month=202703, previous_month=202702, category=headcount_worker, missing=current,previous",Provide monthly headcount for both the event month and previous month before using event-delta allocation.
action,1412000091,202703,headcount_event_delta,"Missing complete monthly headcount driver for event-delta allocation: cc=1412000091, month=202703, previous_month=202702, category=headcount_worker, missing=current,previous",Provide monthly headcount for both the event month and previous month before using event-delta allocation.
action,1412000092,202703,headcount_event_delta,"Missing complete monthly headcount driver for event-delta allocation: cc=1412000092, month=202703, previous_month=202702, category=headcount_worker, missing=current,previous",Provide monthly headcount for both the event month and previous month before using event-delta allocation.
action,1412000093,202703,headcount_event_delta,"Missing complete monthly headcount driver for event-delta allocation: cc=1412000093, month=202703, previous_month=202702, category=headcount_worker, missing=current,previous",Provide monthly headcount for both the event month and previous month before using event-delta allocation.
action,1412000094,202703,headcount_event_delta,"Missing complete monthly headcount driver for event-delta allocation: cc=1412000094, month=202703, previous_month=202702, category=headcount_worker, missing=current,previous",Provide monthly headcount for both the event month and previous month before using event-delta allocation.
action,1412000096,202703,headcount_event_delta,"Missing complete monthly headcount driver for event-delta allocation: cc=1412000096, month=202703, previous_month=202702, category=headcount_worker, missing=current,previous",Provide monthly headcount for both the event month and previous month before using event-delta allocation.
action,1412000098,202703,headcount_event_delta,"Missing complete monthly headcount driver for event-delta allocation: cc=1412000098, month=202703, previous_month=202702, category=headcount_worker, missing=current,previous",Provide monthly headcount for both the event month and previous month before using event-delta allocation.
action,1412000099,202703,headcount_event_delta,"Missing complete monthly headcount driver for event-delta allocation: cc=1412000099, month=202703, previous_month=202702, category=headcount_worker, missing=current,previous",Provide monthly headcount for both the event month and previous month before using event-delta allocation.
action,1412000101,202703,headcount_event_delta,"Missing complete monthly headcount driver for event-delta allocation: cc=1412000101, month=202703, previous_month=202702, category=headcount_worker, missing=current,previous",Provide monthly headcount for both the event month and previous month before using event-delta allocation.
action,1412000100,202703,headcount_event_delta,"Missing complete monthly headcount driver for event-delta allocation: cc=1412000100, month=202703, previous_month=202702, category=headcount_worker, missing=current,previous",Provide monthly headcount for both the event month and previous month before using event-delta allocation.
action,1412000103,202703,headcount_event_delta,"Missing complete monthly headcount driver for event-delta allocation: cc=1412000103, month=202703, previous_month=202702, category=headcount_worker, missing=current,previous",Provide monthly headcount for both the event month and previous month before using event-delta allocation.
action,1412000105,202703,headcount_event_delta,"Missing complete monthly headcount driver for event-delta allocation: cc=1412000105, month=202703, previous_month=202702, category=headcount_worker, missing=current,previous",Provide monthly headcount for both the event month and previous month before using event-delta allocation.
action,1412000075,202703,headcount_event_delta,"Missing complete monthly headcount driver for event-delta allocation: cc=1412000075, month=202703, previous_month=202702, category=headcount_worker, missing=current,previous",Provide monthly headcount for both the event month and previous month before using event-delta allocation.
action,1412000106,202703,headcount_event_delta,"Missing complete monthly headcount driver for event-delta allocation: cc=1412000106, month=202703, previous_month=202702, category=headcount_worker, missing=current,previous",Provide monthly headcount for both the event month and previous month before using event-delta allocation.
action,1412000039,202703,headcount_event_delta,"Missing complete monthly headcount driver for event-delta allocation: cc=1412000039, month=202703, previous_month=202702, category=headcount_worker, missing=current,previous",Provide monthly headcount for both the event month and previous month before using event-delta allocation.
action,1412000108,202703,headcount_event_delta,"Missing complete monthly headcount driver for event-delta allocation: cc=1412000108, month=202703, previous_month=202702, category=headcount_worker, missing=current,previous",Provide monthly headcount for both the event month and previous month before using event-delta allocation.
action,1412000005,202604,headcount_event_delta,"Missing complete monthly headcount driver for event-delta allocation: cc=1412000005, month=202604, previous_month=202603, category=headcount_staff, missing=current,previous",Provide monthly headcount for both the event month and previous month before using event-delta allocation.
action,1412000062,202604,headcount_event_delta,"Missing complete monthly headcount driver for event-delta allocation: cc=1412000062, month=202604, previous_month=202603, category=headcount_staff, missing=current,previous",Provide monthly headcount for both the event month and previous month before using event-delta allocation.
action,1412000034,202604,headcount_event_delta,"Missing complete monthly headcount driver for event-delta allocation: cc=1412000034, month=202604, previous_month=202603, category=headcount_staff, missing=current,previous",Provide monthly headcount for both the event month and previous month before using event-delta allocation.
action,1412000048,202604,headcount_event_delta,"Missing complete monthly headcount driver for event-delta allocation: cc=1412000048, month=202604, previous_month=202603, category=headcount_staff, missing=current,previous",Provide monthly headcount for both the event month and previous month before using event-delta allocation.
action,1412000055,202604,headcount_event_delta,"Missing complete monthly headcount driver for event-delta allocation: cc=1412000055, month=202604, previous_month=202603, category=headcount_staff, missing=current,previous",Provide monthly headcount for both the event month and previous month before using event-delta allocation.
action,1412000050,202604,headcount_event_delta,"Missing complete monthly headcount driver for event-delta allocation: cc=1412000050, month=202604, previous_month=202603, category=headcount_staff, missing=current,previous",Provide monthly headcount for both the event month and previous month before using event-delta allocation.
action,1412000077,202604,headcount_event_delta,"Missing complete monthly headcount driver for event-delta allocation: cc=1412000077, month=202604, previous_month=202603, category=headcount_staff, missing=current,previous",Provide monthly headcount for both the event month and previous month before using event-delta allocation.
action,1412000053,202604,headcount_event_delta,"Missing complete monthly headcount driver for event-delta allocation: cc=1412000053, month=202604, previous_month=202603, category=headcount_staff, missing=current,previous",Provide monthly headcount for both the event month and previous month before using event-delta allocation.
action,1412000008,202604,headcount_event_delta,"Missing complete monthly headcount driver for event-delta allocation: cc=1412000008, month=202604, previous_month=202603, category=headcount_staff, missing=current,previous",Provide monthly headcount for both the event month and previous month before using event-delta allocation.
action,1412000010,202604,headcount_event_delta,"Missing complete monthly headcount driver for event-delta allocation: cc=1412000010, month=202604, previous_month=202603, category=headcount_staff, missing=current,previous",Provide monthly headcount for both the event month and previous month before using event-delta allocation.
action,1412000054,202604,headcount_event_delta,"Missing complete monthly headcount driver for event-delta allocation: cc=1412000054, month=202604, previous_month=202603, category=headcount_staff, missing=current,previous",Provide monthly headcount for both the event month and previous month before using event-delta allocation.
action,1412000036,202604,headcount_event_delta,"Missing complete monthly headcount driver for event-delta allocation: cc=1412000036, month=202604, previous_month=202603, category=headcount_staff, missing=current,previous",Provide monthly headcount for both the event month and previous month before using event-delta allocation.
action,1412000089,202604,headcount_event_delta,"Missing complete monthly headcount driver for event-delta allocation: cc=1412000089, month=202604, previous_month=202603, category=headcount_staff, missing=current,previous",Provide monthly headcount for both the event month and previous month before using event-delta allocation.
action,1412000013,202604,headcount_event_delta,"Missing complete monthly headcount driver for event-delta allocation: cc=1412000013, month=202604, previous_month=202603, category=headcount_staff, missing=current,previous",Provide monthly headcount for both the event month and previous month before using event-delta allocation.
action,1412000080,202604,headcount_event_delta,"Missing complete monthly headcount driver for event-delta allocation: cc=1412000080, month=202604, previous_month=202603, category=headcount_staff, missing=current,previous",Provide monthly headcount for both the event month and previous month before using event-delta allocation.
action,1412000044,202604,headcount_event_delta,"Missing complete monthly headcount driver for event-delta allocation: cc=1412000044, month=202604, previous_month=202603, category=headcount_staff, missing=current,previous",Provide monthly headcount for both the event month and previous month before using event-delta allocation.
action,1412000056,202604,headcount_event_delta,"Missing complete monthly headcount driver for event-delta allocation: cc=1412000056, month=202604, previous_month=202603, category=headcount_staff, missing=current,previous",Provide monthly headcount for both the event month and previous month before using event-delta allocation.
action,1412000018,202604,headcount_event_delta,"Missing complete monthly headcount driver for event-delta allocation: cc=1412000018, month=202604, previous_month=202603, category=headcount_staff, missing=current,previous",Provide monthly headcount for both the event month and previous month before using event-delta allocation.
action,1412000019,202604,headcount_event_delta,"Missing complete monthly headcount driver for event-delta allocation: cc=1412000019, month=202604, previous_month=202603, category=headcount_staff, missing=current,previous",Provide monthly headcount for both the event month and previous month before using event-delta allocation.
action,1412000058,202604,headcount_event_delta,"Missing complete monthly headcount driver for event-delta allocation: cc=1412000058, month=202604, previous_month=202603, category=headcount_staff, missing=current,previous",Provide monthly headcount for both the event month and previous month before using event-delta allocation.
action,1412000042,202604,headcount_event_delta,"Missing complete monthly headcount driver for event-delta allocation: cc=1412000042, month=202604, previous_month=202603, category=headcount_staff, missing=current,previous",Provide monthly headcount for both the event month and previous month before using event-delta allocation.
action,1412000021,202604,headcount_event_delta,"Missing complete monthly headcount driver for event-delta allocation: cc=1412000021, month=202604, previous_month=202603, category=headcount_staff, missing=current,previous",Provide monthly headcount for both the event month and previous month before using event-delta allocation.
action,1412000022,202604,headcount_event_delta,"Missing complete monthly headcount driver for event-delta allocation: cc=1412000022, month=202604, previous_month=202603, category=headcount_staff, missing=current,previous",Provide monthly headcount for both the event month and previous month before using event-delta allocation.
action,1412000024,202604,headcount_event_delta,"Missing complete monthly headcount driver for event-delta allocation: cc=1412000024, month=202604, previous_month=202603, category=headcount_staff, missing=current,previous",Provide monthly headcount for both the event month and previous month before using event-delta allocation.
action,1412000025,202604,headcount_event_delta,"Missing complete monthly headcount driver for event-delta allocation: cc=1412000025, month=202604, previous_month=202603, category=headcount_staff, missing=current,previous",Provide monthly headcount for both the event month and previous month before using event-delta allocation.
action,1412000026,202604,headcount_event_delta,"Missing complete monthly headcount driver for event-delta allocation: cc=1412000026, month=202604, previous_month=202603, category=headcount_staff, missing=current,previous",Provide monthly headcount for both the event month and previous month before using event-delta allocation.
action,1412000028,202604,headcount_event_delta,"Missing complete monthly headcount driver for event-delta allocation: cc=1412000028, month=202604, previous_month=202603, category=headcount_staff, missing=current,previous",Provide monthly headcount for both the event month and previous month before using event-delta allocation.
action,1412000029,202604,headcount_event_delta,"Missing complete monthly headcount driver for event-delta allocation: cc=1412000029, month=202604, previous_month=202603, category=headcount_staff, missing=current,previous",Provide monthly headcount for both the event month and previous month before using event-delta allocation.
action,1412000030,202604,headcount_event_delta,"Missing complete monthly headcount driver for event-delta allocation: cc=1412000030, month=202604, previous_month=202603, category=headcount_staff, missing=current,previous",Provide monthly headcount for both the event month and previous month before using event-delta allocation.
action,1412000086,202604,headcount_event_delta,"Missing complete monthly headcount driver for event-delta allocation: cc=1412000086, month=202604, previous_month=202603, category=headcount_staff, missing=current,previous",Provide monthly headcount for both the event month and previous month before using event-delta allocation.
action,1412000063,202604,headcount_event_delta,"Missing complete monthly headcount driver for event-delta allocation: cc=1412000063, month=202604, previous_month=202603, category=headcount_staff, missing=current,previous",Provide monthly headcount for both the event month and previous month before using event-delta allocation.
action,1412000066,202604,headcount_event_delta,"Missing complete monthly headcount driver for event-delta allocation: cc=1412000066, month=202604, previous_month=202603, category=headcount_staff, missing=current,previous",Provide monthly headcount for both the event month and previous month before using event-delta allocation.
action,1412000035,202604,headcount_event_delta,"Missing complete monthly headcount driver for event-delta allocation: cc=1412000035, month=202604, previous_month=202603, category=headcount_staff, missing=current,previous",Provide monthly headcount for both the event month and previous month before using event-delta allocation.
action,1412000016,202604,headcount_event_delta,"Missing complete monthly headcount driver for event-delta allocation: cc=1412000016, month=202604, previous_month=202603, category=headcount_staff, missing=current,previous",Provide monthly headcount for both the event month and previous month before using event-delta allocation.
action,1412000069,202604,headcount_event_delta,"Missing complete monthly headcount driver for event-delta allocation: cc=1412000069, month=202604, previous_month=202603, category=headcount_staff, missing=current,previous",Provide monthly headcount for both the event month and previous month before using event-delta allocation.
action,1412000070,202604,headcount_event_delta,"Missing complete monthly headcount driver for event-delta allocation: cc=1412000070, month=202604, previous_month=202603, category=headcount_staff, missing=current,previous",Provide monthly headcount for both the event month and previous month before using event-delta allocation.
action,1412000072,202604,headcount_event_delta,"Missing complete monthly headcount driver for event-delta allocation: cc=1412000072, month=202604, previous_month=202603, category=headcount_staff, missing=current,previous",Provide monthly headcount for both the event month and previous month before using event-delta allocation.
action,1412000073,202604,headcount_event_delta,"Missing complete monthly headcount driver for event-delta allocation: cc=1412000073, month=202604, previous_month=202603, category=headcount_staff, missing=current,previous",Provide monthly headcount for both the event month and previous month before using event-delta allocation.
action,1412000104,202604,headcount_event_delta,"Missing complete monthly headcount driver for event-delta allocation: cc=1412000104, month=202604, previous_month=202603, category=headcount_staff, missing=current,previous",Provide monthly headcount for both the event month and previous month before using event-delta allocation.
action,1412000057,202604,headcount_event_delta,"Missing complete monthly headcount driver for event-delta allocation: cc=1412000057, month=202604, previous_month=202603, category=headcount_staff, missing=current,previous",Provide monthly headcount for both the event month and previous month before using event-delta allocation.
action,1412000078,202604,headcount_event_delta,"Missing complete monthly headcount driver for event-delta allocation: cc=1412000078, month=202604, previous_month=202603, category=headcount_staff, missing=current,previous",Provide monthly headcount for both the event month and previous month before using event-delta allocation.
action,1412C00001,202604,headcount_event_delta,"Missing complete monthly headcount driver for event-delta allocation: cc=1412C00001, month=202604, previous_month=202603, category=headcount_staff, missing=current,previous",Provide monthly headcount for both the event month and previous month before using event-delta allocation.
action,1412000081,202604,headcount_event_delta,"Missing complete monthly headcount driver for event-delta allocation: cc=1412000081, month=202604, previous_month=202603, category=headcount_staff, missing=current,previous",Provide monthly headcount for both the event month and previous month before using event-delta allocation.
action,1412000083,202604,headcount_event_delta,"Missing complete monthly headcount driver for event-delta allocation: cc=1412000083, month=202604, previous_month=202603, category=headcount_staff, missing=current,previous",Provide monthly headcount for both the event month and previous month before using event-delta allocation.
action,1412000084,202604,headcount_event_delta,"Missing complete monthly headcount driver for event-delta allocation: cc=1412000084, month=202604, previous_month=202603, category=headcount_staff, missing=current,previous",Provide monthly headcount for both the event month and previous month before using event-delta allocation.
action,1412000087,202604,headcount_event_delta,"Missing complete monthly headcount driver for event-delta allocation: cc=1412000087, month=202604, previous_month=202603, category=headcount_staff, missing=current,previous",Provide monthly headcount for both the event month and previous month before using event-delta allocation.
action,1412000088,202604,headcount_event_delta,"Missing complete monthly headcount driver for event-delta allocation: cc=1412000088, month=202604, previous_month=202603, category=headcount_staff, missing=current,previous",Provide monthly headcount for both the event month and previous month before using event-delta allocation.
action,1412000091,202604,headcount_event_delta,"Missing complete monthly headcount driver for event-delta allocation: cc=1412000091, month=202604, previous_month=202603, category=headcount_staff, missing=current,previous",Provide monthly headcount for both the event month and previous month before using event-delta allocation.
action,1412000092,202604,headcount_event_delta,"Missing complete monthly headcount driver for event-delta allocation: cc=1412000092, month=202604, previous_month=202603, category=headcount_staff, missing=current,previous",Provide monthly headcount for both the event month and previous month before using event-delta allocation.
action,1412000093,202604,headcount_event_delta,"Missing complete monthly headcount driver for event-delta allocation: cc=1412000093, month=202604, previous_month=202603, category=headcount_staff, missing=current,previous",Provide monthly headcount for both the event month and previous month before using event-delta allocation.
action,1412000094,202604,headcount_event_delta,"Missing complete monthly headcount driver for event-delta allocation: cc=1412000094, month=202604, previous_month=202603, category=headcount_staff, missing=current,previous",Provide monthly headcount for both the event month and previous month before using event-delta allocation.
action,1412000096,202604,headcount_event_delta,"Missing complete monthly headcount driver for event-delta allocation: cc=1412000096, month=202604, previous_month=202603, category=headcount_staff, missing=current,previous",Provide monthly headcount for both the event month and previous month before using event-delta allocation.
action,1412000098,202604,headcount_event_delta,"Missing complete monthly headcount driver for event-delta allocation: cc=1412000098, month=202604, previous_month=202603, category=headcount_staff, missing=current,previous",Provide monthly headcount for both the event month and previous month before using event-delta allocation.
action,1412000099,202604,headcount_event_delta,"Missing complete monthly headcount driver for event-delta allocation: cc=1412000099, month=202604, previous_month=202603, category=headcount_staff, missing=current,previous",Provide monthly headcount for both the event month and previous month before using event-delta allocation.
action,1412000101,202604,headcount_event_delta,"Missing complete monthly headcount driver for event-delta allocation: cc=1412000101, month=202604, previous_month=202603, category=headcount_staff, missing=current,previous",Provide monthly headcount for both the event month and previous month before using event-delta allocation.
action,1412000100,202604,headcount_event_delta,"Missing complete monthly headcount driver for event-delta allocation: cc=1412000100, month=202604, previous_month=202603, category=headcount_staff, missing=current,previous",Provide monthly headcount for both the event month and previous month before using event-delta allocation.
action,1412000103,202604,headcount_event_delta,"Missing complete monthly headcount driver for event-delta allocation: cc=1412000103, month=202604, previous_month=202603, category=headcount_staff, missing=current,previous",Provide monthly headcount for both the event month and previous month before using event-delta allocation.
action,1412000105,202604,headcount_event_delta,"Missing complete monthly headcount driver for event-delta allocation: cc=1412000105, month=202604, previous_month=202603, category=headcount_staff, missing=current,previous",Provide monthly headcount for both the event month and previous month before using event-delta allocation.
action,1412000075,202604,headcount_event_delta,"Missing complete monthly headcount driver for event-delta allocation: cc=1412000075, month=202604, previous_month=202603, category=headcount_staff, missing=current,previous",Provide monthly headcount for both the event month and previous month before using event-delta allocation.
action,1412000106,202604,headcount_event_delta,"Missing complete monthly headcount driver for event-delta allocation: cc=1412000106, month=202604, previous_month=202603, category=headcount_staff, missing=current,previous",Provide monthly headcount for both the event month and previous month before using event-delta allocation.
action,1412000039,202604,headcount_event_delta,"Missing complete monthly headcount driver for event-delta allocation: cc=1412000039, month=202604, previous_month=202603, category=headcount_staff, missing=current,previous",Provide monthly headcount for both the event month and previous month before using event-delta allocation.
action,1412000108,202604,headcount_event_delta,"Missing complete monthly headcount driver for event-delta allocation: cc=1412000108, month=202604, previous_month=202603, category=headcount_staff, missing=current,previous",Provide monthly headcount for both the event month and previous month before using event-delta allocation.
action,1412000005,202605,headcount_event_delta,"Missing complete monthly headcount driver for event-delta allocation: cc=1412000005, month=202605, previous_month=202604, category=headcount_staff, missing=current,previous",Provide monthly headcount for both the event month and previous month before using event-delta allocation.
action,1412000062,202605,headcount_event_delta,"Missing complete monthly headcount driver for event-delta allocation: cc=1412000062, month=202605, previous_month=202604, category=headcount_staff, missing=current,previous",Provide monthly headcount for both the event month and previous month before using event-delta allocation.
action,1412000034,202605,headcount_event_delta,"Missing complete monthly headcount driver for event-delta allocation: cc=1412000034, month=202605, previous_month=202604, category=headcount_staff, missing=current,previous",Provide monthly headcount for both the event month and previous month before using event-delta allocation.
action,1412000048,202605,headcount_event_delta,"Missing complete monthly headcount driver for event-delta allocation: cc=1412000048, month=202605, previous_month=202604, category=headcount_staff, missing=current,previous",Provide monthly headcount for both the event month and previous month before using event-delta allocation.
action,1412000055,202605,headcount_event_delta,"Missing complete monthly headcount driver for event-delta allocation: cc=1412000055, month=202605, previous_month=202604, category=headcount_staff, missing=current,previous",Provide monthly headcount for both the event month and previous month before using event-delta allocation.
action,1412000050,202605,headcount_event_delta,"Missing complete monthly headcount driver for event-delta allocation: cc=1412000050, month=202605, previous_month=202604, category=headcount_staff, missing=current,previous",Provide monthly headcount for both the event month and previous month before using event-delta allocation.
action,1412000077,202605,headcount_event_delta,"Missing complete monthly headcount driver for event-delta allocation: cc=1412000077, month=202605, previous_month=202604, category=headcount_staff, missing=current,previous",Provide monthly headcount for both the event month and previous month before using event-delta allocation.
action,1412000053,202605,headcount_event_delta,"Missing complete monthly headcount driver for event-delta allocation: cc=1412000053, month=202605, previous_month=202604, category=headcount_staff, missing=current,previous",Provide monthly headcount for both the event month and previous month before using event-delta allocation.
action,1412000008,202605,headcount_event_delta,"Missing complete monthly headcount driver for event-delta allocation: cc=1412000008, month=202605, previous_month=202604, category=headcount_staff, missing=current,previous",Provide monthly headcount for both the event month and previous month before using event-delta allocation.
action,1412000010,202605,headcount_event_delta,"Missing complete monthly headcount driver for event-delta allocation: cc=1412000010, month=202605, previous_month=202604, category=headcount_staff, missing=current,previous",Provide monthly headcount for both the event month and previous month before using event-delta allocation.
action,1412000054,202605,headcount_event_delta,"Missing complete monthly headcount driver for event-delta allocation: cc=1412000054, month=202605, previous_month=202604, category=headcount_staff, missing=current,previous",Provide monthly headcount for both the event month and previous month before using event-delta allocation.
action,1412000036,202605,headcount_event_delta,"Missing complete monthly headcount driver for event-delta allocation: cc=1412000036, month=202605, previous_month=202604, category=headcount_staff, missing=current,previous",Provide monthly headcount for both the event month and previous month before using event-delta allocation.
action,1412000089,202605,headcount_event_delta,"Missing complete monthly headcount driver for event-delta allocation: cc=1412000089, month=202605, previous_month=202604, category=headcount_staff, missing=current,previous",Provide monthly headcount for both the event month and previous month before using event-delta allocation.
action,1412000013,202605,headcount_event_delta,"Missing complete monthly headcount driver for event-delta allocation: cc=1412000013, month=202605, previous_month=202604, category=headcount_staff, missing=current,previous",Provide monthly headcount for both the event month and previous month before using event-delta allocation.
action,1412000080,202605,headcount_event_delta,"Missing complete monthly headcount driver for event-delta allocation: cc=1412000080, month=202605, previous_month=202604, category=headcount_staff, missing=current,previous",Provide monthly headcount for both the event month and previous month before using event-delta allocation.
action,1412000044,202605,headcount_event_delta,"Missing complete monthly headcount driver for event-delta allocation: cc=1412000044, month=202605, previous_month=202604, category=headcount_staff, missing=current,previous",Provide monthly headcount for both the event month and previous month before using event-delta allocation.
action,1412000056,202605,headcount_event_delta,"Missing complete monthly headcount driver for event-delta allocation: cc=1412000056, month=202605, previous_month=202604, category=headcount_staff, missing=current,previous",Provide monthly headcount for both the event month and previous month before using event-delta allocation.
action,1412000018,202605,headcount_event_delta,"Missing complete monthly headcount driver for event-delta allocation: cc=1412000018, month=202605, previous_month=202604, category=headcount_staff, missing=current,previous",Provide monthly headcount for both the event month and previous month before using event-delta allocation.
action,1412000019,202605,headcount_event_delta,"Missing complete monthly headcount driver for event-delta allocation: cc=1412000019, month=202605, previous_month=202604, category=headcount_staff, missing=current,previous",Provide monthly headcount for both the event month and previous month before using event-delta allocation.
action,1412000058,202605,headcount_event_delta,"Missing complete monthly headcount driver for event-delta allocation: cc=1412000058, month=202605, previous_month=202604, category=headcount_staff, missing=current,previous",Provide monthly headcount for both the event month and previous month before using event-delta allocation.
action,1412000042,202605,headcount_event_delta,"Missing complete monthly headcount driver for event-delta allocation: cc=1412000042, month=202605, previous_month=202604, category=headcount_staff, missing=current,previous",Provide monthly headcount for both the event month and previous month before using event-delta allocation.
action,1412000021,202605,headcount_event_delta,"Missing complete monthly headcount driver for event-delta allocation: cc=1412000021, month=202605, previous_month=202604, category=headcount_staff, missing=current,previous",Provide monthly headcount for both the event month and previous month before using event-delta allocation.
action,1412000022,202605,headcount_event_delta,"Missing complete monthly headcount driver for event-delta allocation: cc=1412000022, month=202605, previous_month=202604, category=headcount_staff, missing=current,previous",Provide monthly headcount for both the event month and previous month before using event-delta allocation.
action,1412000024,202605,headcount_event_delta,"Missing complete monthly headcount driver for event-delta allocation: cc=1412000024, month=202605, previous_month=202604, category=headcount_staff, missing=current,previous",Provide monthly headcount for both the event month and previous month before using event-delta allocation.
action,1412000025,202605,headcount_event_delta,"Missing complete monthly headcount driver for event-delta allocation: cc=1412000025, month=202605, previous_month=202604, category=headcount_staff, missing=current,previous",Provide monthly headcount for both the event month and previous month before using event-delta allocation.
action,1412000026,202605,headcount_event_delta,"Missing complete monthly headcount driver for event-delta allocation: cc=1412000026, month=202605, previous_month=202604, category=headcount_staff, missing=current,previous",Provide monthly headcount for both the event month and previous month before using event-delta allocation.
action,1412000028,202605,headcount_event_delta,"Missing complete monthly headcount driver for event-delta allocation: cc=1412000028, month=202605, previous_month=202604, category=headcount_staff, missing=current,previous",Provide monthly headcount for both the event month and previous month before using event-delta allocation.
action,1412000029,202605,headcount_event_delta,"Missing complete monthly headcount driver for event-delta allocation: cc=1412000029, month=202605, previous_month=202604, category=headcount_staff, missing=current,previous",Provide monthly headcount for both the event month and previous month before using event-delta allocation.
action,1412000030,202605,headcount_event_delta,"Missing complete monthly headcount driver for event-delta allocation: cc=1412000030, month=202605, previous_month=202604, category=headcount_staff, missing=current,previous",Provide monthly headcount for both the event month and previous month before using event-delta allocation.
action,1412000086,202605,headcount_event_delta,"Missing complete monthly headcount driver for event-delta allocation: cc=1412000086, month=202605, previous_month=202604, category=headcount_staff, missing=current,previous",Provide monthly headcount for both the event month and previous month before using event-delta allocation.
action,1412000063,202605,headcount_event_delta,"Missing complete monthly headcount driver for event-delta allocation: cc=1412000063, month=202605, previous_month=202604, category=headcount_staff, missing=current,previous",Provide monthly headcount for both the event month and previous month before using event-delta allocation.
action,1412000066,202605,headcount_event_delta,"Missing complete monthly headcount driver for event-delta allocation: cc=1412000066, month=202605, previous_month=202604, category=headcount_staff, missing=current,previous",Provide monthly headcount for both the event month and previous month before using event-delta allocation.
action,1412000035,202605,headcount_event_delta,"Missing complete monthly headcount driver for event-delta allocation: cc=1412000035, month=202605, previous_month=202604, category=headcount_staff, missing=current,previous",Provide monthly headcount for both the event month and previous month before using event-delta allocation.
action,1412000016,202605,headcount_event_delta,"Missing complete monthly headcount driver for event-delta allocation: cc=1412000016, month=202605, previous_month=202604, category=headcount_staff, missing=current,previous",Provide monthly headcount for both the event month and previous month before using event-delta allocation.
action,1412000069,202605,headcount_event_delta,"Missing complete monthly headcount driver for event-delta allocation: cc=1412000069, month=202605, previous_month=202604, category=headcount_staff, missing=current,previous",Provide monthly headcount for both the event month and previous month before using event-delta allocation.
action,1412000070,202605,headcount_event_delta,"Missing complete monthly headcount driver for event-delta allocation: cc=1412000070, month=202605, previous_month=202604, category=headcount_staff, missing=current,previous",Provide monthly headcount for both the event month and previous month before using event-delta allocation.
action,1412000072,202605,headcount_event_delta,"Missing complete monthly headcount driver for event-delta allocation: cc=1412000072, month=202605, previous_month=202604, category=headcount_staff, missing=current,previous",Provide monthly headcount for both the event month and previous month before using event-delta allocation.
action,1412000073,202605,headcount_event_delta,"Missing complete monthly headcount driver for event-delta allocation: cc=1412000073, month=202605, previous_month=202604, category=headcount_staff, missing=current,previous",Provide monthly headcount for both the event month and previous month before using event-delta allocation.
action,1412000104,202605,headcount_event_delta,"Missing complete monthly headcount driver for event-delta allocation: cc=1412000104, month=202605, previous_month=202604, category=headcount_staff, missing=current,previous",Provide monthly headcount for both the event month and previous month before using event-delta allocation.
action,1412000057,202605,headcount_event_delta,"Missing complete monthly headcount driver for event-delta allocation: cc=1412000057, month=202605, previous_month=202604, category=headcount_staff, missing=current,previous",Provide monthly headcount for both the event month and previous month before using event-delta allocation.
action,1412000078,202605,headcount_event_delta,"Missing complete monthly headcount driver for event-delta allocation: cc=1412000078, month=202605, previous_month=202604, category=headcount_staff, missing=current,previous",Provide monthly headcount for both the event month and previous month before using event-delta allocation.
action,1412C00001,202605,headcount_event_delta,"Missing complete monthly headcount driver for event-delta allocation: cc=1412C00001, month=202605, previous_month=202604, category=headcount_staff, missing=current,previous",Provide monthly headcount for both the event month and previous month before using event-delta allocation.
action,1412000081,202605,headcount_event_delta,"Missing complete monthly headcount driver for event-delta allocation: cc=1412000081, month=202605, previous_month=202604, category=headcount_staff, missing=current,previous",Provide monthly headcount for both the event month and previous month before using event-delta allocation.
action,1412000083,202605,headcount_event_delta,"Missing complete monthly headcount driver for event-delta allocation: cc=1412000083, month=202605, previous_month=202604, category=headcount_staff, missing=current,previous",Provide monthly headcount for both the event month and previous month before using event-delta allocation.
action,1412000084,202605,headcount_event_delta,"Missing complete monthly headcount driver for event-delta allocation: cc=1412000084, month=202605, previous_month=202604, category=headcount_staff, missing=current,previous",Provide monthly headcount for both the event month and previous month before using event-delta allocation.
action,1412000087,202605,headcount_event_delta,"Missing complete monthly headcount driver for event-delta allocation: cc=1412000087, month=202605, previous_month=202604, category=headcount_staff, missing=current,previous",Provide monthly headcount for both the event month and previous month before using event-delta allocation.
action,1412000088,202605,headcount_event_delta,"Missing complete monthly headcount driver for event-delta allocation: cc=1412000088, month=202605, previous_month=202604, category=headcount_staff, missing=current,previous",Provide monthly headcount for both the event month and previous month before using event-delta allocation.
action,1412000091,202605,headcount_event_delta,"Missing complete monthly headcount driver for event-delta allocation: cc=1412000091, month=202605, previous_month=202604, category=headcount_staff, missing=current,previous",Provide monthly headcount for both the event month and previous month before using event-delta allocation.
action,1412000092,202605,headcount_event_delta,"Missing complete monthly headcount driver for event-delta allocation: cc=1412000092, month=202605, previous_month=202604, category=headcount_staff, missing=current,previous",Provide monthly headcount for both the event month and previous month before using event-delta allocation.
action,1412000093,202605,headcount_event_delta,"Missing complete monthly headcount driver for event-delta allocation: cc=1412000093, month=202605, previous_month=202604, category=headcount_staff, missing=current,previous",Provide monthly headcount for both the event month and previous month before using event-delta allocation.
action,1412000094,202605,headcount_event_delta,"Missing complete monthly headcount driver for event-delta allocation: cc=1412000094, month=202605, previous_month=202604, category=headcount_staff, missing=current,previous",Provide monthly headcount for both the event month and previous month before using event-delta allocation.
action,1412000096,202605,headcount_event_delta,"Missing complete monthly headcount driver for event-delta allocation: cc=1412000096, month=202605, previous_month=202604, category=headcount_staff, missing=current,previous",Provide monthly headcount for both the event month and previous month before using event-delta allocation.
action,1412000098,202605,headcount_event_delta,"Missing complete monthly headcount driver for event-delta allocation: cc=1412000098, month=202605, previous_month=202604, category=headcount_staff, missing=current,previous",Provide monthly headcount for both the event month and previous month before using event-delta allocation.
action,1412000099,202605,headcount_event_delta,"Missing complete monthly headcount driver for event-delta allocation: cc=1412000099, month=202605, previous_month=202604, category=headcount_staff, missing=current,previous",Provide monthly headcount for both the event month and previous month before using event-delta allocation.
action,1412000101,202605,headcount_event_delta,"Missing complete monthly headcount driver for event-delta allocation: cc=1412000101, month=202605, previous_month=202604, category=headcount_staff, missing=current,previous",Provide monthly headcount for both the event month and previous month before using event-delta allocation.
action,1412000100,202605,headcount_event_delta,"Missing complete monthly headcount driver for event-delta allocation: cc=1412000100, month=202605, previous_month=202604, category=headcount_staff, missing=current,previous",Provide monthly headcount for both the event month and previous month before using event-delta allocation.
action,1412000103,202605,headcount_event_delta,"Missing complete monthly headcount driver for event-delta allocation: cc=1412000103, month=202605, previous_month=202604, category=headcount_staff, missing=current,previous",Provide monthly headcount for both the event month and previous month before using event-delta allocation.
action,1412000105,202605,headcount_event_delta,"Missing complete monthly headcount driver for event-delta allocation: cc=1412000105, month=202605, previous_month=202604, category=headcount_staff, missing=current,previous",Provide monthly headcount for both the event month and previous month before using event-delta allocation.
action,1412000075,202605,headcount_event_delta,"Missing complete monthly headcount driver for event-delta allocation: cc=1412000075, month=202605, previous_month=202604, category=headcount_staff, missing=current,previous",Provide monthly headcount for both the event month and previous month before using event-delta allocation.
action,1412000106,202605,headcount_event_delta,"Missing complete monthly headcount driver for event-delta allocation: cc=1412000106, month=202605, previous_month=202604, category=headcount_staff, missing=current,previous",Provide monthly headcount for both the event month and previous month before using event-delta allocation.
action,1412000039,202605,headcount_event_delta,"Missing complete monthly headcount driver for event-delta allocation: cc=1412000039, month=202605, previous_month=202604, category=headcount_staff, missing=current,previous",Provide monthly headcount for both the event month and previous month before using event-delta allocation.
action,1412000108,202605,headcount_event_delta,"Missing complete monthly headcount driver for event-delta allocation: cc=1412000108, month=202605, previous_month=202604, category=headcount_staff, missing=current,previous",Provide monthly headcount for both the event month and previous month before using event-delta allocation.
action,1412000005,202606,headcount_event_delta,"Missing complete monthly headcount driver for event-delta allocation: cc=1412000005, month=202606, previous_month=202605, category=headcount_staff, missing=current,previous",Provide monthly headcount for both the event month and previous month before using event-delta allocation.
action,1412000062,202606,headcount_event_delta,"Missing complete monthly headcount driver for event-delta allocation: cc=1412000062, month=202606, previous_month=202605, category=headcount_staff, missing=current,previous",Provide monthly headcount for both the event month and previous month before using event-delta allocation.
action,1412000034,202606,headcount_event_delta,"Missing complete monthly headcount driver for event-delta allocation: cc=1412000034, month=202606, previous_month=202605, category=headcount_staff, missing=current,previous",Provide monthly headcount for both the event month and previous month before using event-delta allocation.
action,1412000048,202606,headcount_event_delta,"Missing complete monthly headcount driver for event-delta allocation: cc=1412000048, month=202606, previous_month=202605, category=headcount_staff, missing=current,previous",Provide monthly headcount for both the event month and previous month before using event-delta allocation.
action,1412000055,202606,headcount_event_delta,"Missing complete monthly headcount driver for event-delta allocation: cc=1412000055, month=202606, previous_month=202605, category=headcount_staff, missing=current,previous",Provide monthly headcount for both the event month and previous month before using event-delta allocation.
action,1412000050,202606,headcount_event_delta,"Missing complete monthly headcount driver for event-delta allocation: cc=1412000050, month=202606, previous_month=202605, category=headcount_staff, missing=current,previous",Provide monthly headcount for both the event month and previous month before using event-delta allocation.
action,1412000077,202606,headcount_event_delta,"Missing complete monthly headcount driver for event-delta allocation: cc=1412000077, month=202606, previous_month=202605, category=headcount_staff, missing=current,previous",Provide monthly headcount for both the event month and previous month before using event-delta allocation.
action,1412000053,202606,headcount_event_delta,"Missing complete monthly headcount driver for event-delta allocation: cc=1412000053, month=202606, previous_month=202605, category=headcount_staff, missing=current,previous",Provide monthly headcount for both the event month and previous month before using event-delta allocation.
action,1412000008,202606,headcount_event_delta,"Missing complete monthly headcount driver for event-delta allocation: cc=1412000008, month=202606, previous_month=202605, category=headcount_staff, missing=current,previous",Provide monthly headcount for both the event month and previous month before using event-delta allocation.
action,1412000010,202606,headcount_event_delta,"Missing complete monthly headcount driver for event-delta allocation: cc=1412000010, month=202606, previous_month=202605, category=headcount_staff, missing=current,previous",Provide monthly headcount for both the event month and previous month before using event-delta allocation.
action,1412000054,202606,headcount_event_delta,"Missing complete monthly headcount driver for event-delta allocation: cc=1412000054, month=202606, previous_month=202605, category=headcount_staff, missing=current,previous",Provide monthly headcount for both the event month and previous month before using event-delta allocation.
action,1412000036,202606,headcount_event_delta,"Missing complete monthly headcount driver for event-delta allocation: cc=1412000036, month=202606, previous_month=202605, category=headcount_staff, missing=current,previous",Provide monthly headcount for both the event month and previous month before using event-delta allocation.
action,1412000089,202606,headcount_event_delta,"Missing complete monthly headcount driver for event-delta allocation: cc=1412000089, month=202606, previous_month=202605, category=headcount_staff, missing=current,previous",Provide monthly headcount for both the event month and previous month before using event-delta allocation.
action,1412000013,202606,headcount_event_delta,"Missing complete monthly headcount driver for event-delta allocation: cc=1412000013, month=202606, previous_month=202605, category=headcount_staff, missing=current,previous",Provide monthly headcount for both the event month and previous month before using event-delta allocation.
action,1412000080,202606,headcount_event_delta,"Missing complete monthly headcount driver for event-delta allocation: cc=1412000080, month=202606, previous_month=202605, category=headcount_staff, missing=current,previous",Provide monthly headcount for both the event month and previous month before using event-delta allocation.
action,1412000044,202606,headcount_event_delta,"Missing complete monthly headcount driver for event-delta allocation: cc=1412000044, month=202606, previous_month=202605, category=headcount_staff, missing=current,previous",Provide monthly headcount for both the event month and previous month before using event-delta allocation.
action,1412000056,202606,headcount_event_delta,"Missing complete monthly headcount driver for event-delta allocation: cc=1412000056, month=202606, previous_month=202605, category=headcount_staff, missing=current,previous",Provide monthly headcount for both the event month and previous month before using event-delta allocation.
action,1412000018,202606,headcount_event_delta,"Missing complete monthly headcount driver for event-delta allocation: cc=1412000018, month=202606, previous_month=202605, category=headcount_staff, missing=current,previous",Provide monthly headcount for both the event month and previous month before using event-delta allocation.
action,1412000019,202606,headcount_event_delta,"Missing complete monthly headcount driver for event-delta allocation: cc=1412000019, month=202606, previous_month=202605, category=headcount_staff, missing=current,previous",Provide monthly headcount for both the event month and previous month before using event-delta allocation.
action,1412000058,202606,headcount_event_delta,"Missing complete monthly headcount driver for event-delta allocation: cc=1412000058, month=202606, previous_month=202605, category=headcount_staff, missing=current,previous",Provide monthly headcount for both the event month and previous month before using event-delta allocation.
action,1412000042,202606,headcount_event_delta,"Missing complete monthly headcount driver for event-delta allocation: cc=1412000042, month=202606, previous_month=202605, category=headcount_staff, missing=current,previous",Provide monthly headcount for both the event month and previous month before using event-delta allocation.
action,1412000021,202606,headcount_event_delta,"Missing complete monthly headcount driver for event-delta allocation: cc=1412000021, month=202606, previous_month=202605, category=headcount_staff, missing=current,previous",Provide monthly headcount for both the event month and previous month before using event-delta allocation.
action,1412000022,202606,headcount_event_delta,"Missing complete monthly headcount driver for event-delta allocation: cc=1412000022, month=202606, previous_month=202605, category=headcount_staff, missing=current,previous",Provide monthly headcount for both the event month and previous month before using event-delta allocation.
action,1412000024,202606,headcount_event_delta,"Missing complete monthly headcount driver for event-delta allocation: cc=1412000024, month=202606, previous_month=202605, category=headcount_staff, missing=current,previous",Provide monthly headcount for both the event month and previous month before using event-delta allocation.
action,1412000025,202606,headcount_event_delta,"Missing complete monthly headcount driver for event-delta allocation: cc=1412000025, month=202606, previous_month=202605, category=headcount_staff, missing=current,previous",Provide monthly headcount for both the event month and previous month before using event-delta allocation.
action,1412000026,202606,headcount_event_delta,"Missing complete monthly headcount driver for event-delta allocation: cc=1412000026, month=202606, previous_month=202605, category=headcount_staff, missing=current,previous",Provide monthly headcount for both the event month and previous month before using event-delta allocation.
action,1412000028,202606,headcount_event_delta,"Missing complete monthly headcount driver for event-delta allocation: cc=1412000028, month=202606, previous_month=202605, category=headcount_staff, missing=current,previous",Provide monthly headcount for both the event month and previous month before using event-delta allocation.
action,1412000029,202606,headcount_event_delta,"Missing complete monthly headcount driver for event-delta allocation: cc=1412000029, month=202606, previous_month=202605, category=headcount_staff, missing=current,previous",Provide monthly headcount for both the event month and previous month before using event-delta allocation.
action,1412000030,202606,headcount_event_delta,"Missing complete monthly headcount driver for event-delta allocation: cc=1412000030, month=202606, previous_month=202605, category=headcount_staff, missing=current,previous",Provide monthly headcount for both the event month and previous month before using event-delta allocation.
action,1412000086,202606,headcount_event_delta,"Missing complete monthly headcount driver for event-delta allocation: cc=1412000086, month=202606, previous_month=202605, category=headcount_staff, missing=current,previous",Provide monthly headcount for both the event month and previous month before using event-delta allocation.
action,1412000063,202606,headcount_event_delta,"Missing complete monthly headcount driver for event-delta allocation: cc=1412000063, month=202606, previous_month=202605, category=headcount_staff, missing=current,previous",Provide monthly headcount for both the event month and previous month before using event-delta allocation.
action,1412000066,202606,headcount_event_delta,"Missing complete monthly headcount driver for event-delta allocation: cc=1412000066, month=202606, previous_month=202605, category=headcount_staff, missing=current,previous",Provide monthly headcount for both the event month and previous month before using event-delta allocation.
action,1412000035,202606,headcount_event_delta,"Missing complete monthly headcount driver for event-delta allocation: cc=1412000035, month=202606, previous_month=202605, category=headcount_staff, missing=current,previous",Provide monthly headcount for both the event month and previous month before using event-delta allocation.
action,1412000016,202606,headcount_event_delta,"Missing complete monthly headcount driver for event-delta allocation: cc=1412000016, month=202606, previous_month=202605, category=headcount_staff, missing=current,previous",Provide monthly headcount for both the event month and previous month before using event-delta allocation.
action,1412000069,202606,headcount_event_delta,"Missing complete monthly headcount driver for event-delta allocation: cc=1412000069, month=202606, previous_month=202605, category=headcount_staff, missing=current,previous",Provide monthly headcount for both the event month and previous month before using event-delta allocation.
action,1412000070,202606,headcount_event_delta,"Missing complete monthly headcount driver for event-delta allocation: cc=1412000070, month=202606, previous_month=202605, category=headcount_staff, missing=current,previous",Provide monthly headcount for both the event month and previous month before using event-delta allocation.
action,1412000072,202606,headcount_event_delta,"Missing complete monthly headcount driver for event-delta allocation: cc=1412000072, month=202606, previous_month=202605, category=headcount_staff, missing=current,previous",Provide monthly headcount for both the event month and previous month before using event-delta allocation.
action,1412000073,202606,headcount_event_delta,"Missing complete monthly headcount driver for event-delta allocation: cc=1412000073, month=202606, previous_month=202605, category=headcount_staff, missing=current,previous",Provide monthly headcount for both the event month and previous month before using event-delta allocation.
action,1412000104,202606,headcount_event_delta,"Missing complete monthly headcount driver for event-delta allocation: cc=1412000104, month=202606, previous_month=202605, category=headcount_staff, missing=current,previous",Provide monthly headcount for both the event month and previous month before using event-delta allocation.
action,1412000057,202606,headcount_event_delta,"Missing complete monthly headcount driver for event-delta allocation: cc=1412000057, month=202606, previous_month=202605, category=headcount_staff, missing=current,previous",Provide monthly headcount for both the event month and previous month before using event-delta allocation.
action,1412000078,202606,headcount_event_delta,"Missing complete monthly headcount driver for event-delta allocation: cc=1412000078, month=202606, previous_month=202605, category=headcount_staff, missing=current,previous",Provide monthly headcount for both the event month and previous month before using event-delta allocation.
action,1412C00001,202606,headcount_event_delta,"Missing complete monthly headcount driver for event-delta allocation: cc=1412C00001, month=202606, previous_month=202605, category=headcount_staff, missing=current,previous",Provide monthly headcount for both the event month and previous month before using event-delta allocation.
action,1412000081,202606,headcount_event_delta,"Missing complete monthly headcount driver for event-delta allocation: cc=1412000081, month=202606, previous_month=202605, category=headcount_staff, missing=current,previous",Provide monthly headcount for both the event month and previous month before using event-delta allocation.
action,1412000083,202606,headcount_event_delta,"Missing complete monthly headcount driver for event-delta allocation: cc=1412000083, month=202606, previous_month=202605, category=headcount_staff, missing=current,previous",Provide monthly headcount for both the event month and previous month before using event-delta allocation.
action,1412000084,202606,headcount_event_delta,"Missing complete monthly headcount driver for event-delta allocation: cc=1412000084, month=202606, previous_month=202605, category=headcount_staff, missing=current,previous",Provide monthly headcount for both the event month and previous month before using event-delta allocation.
action,1412000087,202606,headcount_event_delta,"Missing complete monthly headcount driver for event-delta allocation: cc=1412000087, month=202606, previous_month=202605, category=headcount_staff, missing=current,previous",Provide monthly headcount for both the event month and previous month before using event-delta allocation.
action,1412000088,202606,headcount_event_delta,"Missing complete monthly headcount driver for event-delta allocation: cc=1412000088, month=202606, previous_month=202605, category=headcount_staff, missing=current,previous",Provide monthly headcount for both the event month and previous month before using event-delta allocation.
action,1412000091,202606,headcount_event_delta,"Missing complete monthly headcount driver for event-delta allocation: cc=1412000091, month=202606, previous_month=202605, category=headcount_staff, missing=current,previous",Provide monthly headcount for both the event month and previous month before using event-delta allocation.
action,1412000092,202606,headcount_event_delta,"Missing complete monthly headcount driver for event-delta allocation: cc=1412000092, month=202606, previous_month=202605, category=headcount_staff, missing=current,previous",Provide monthly headcount for both the event month and previous month before using event-delta allocation.
action,1412000093,202606,headcount_event_delta,"Missing complete monthly headcount driver for event-delta allocation: cc=1412000093, month=202606, previous_month=202605, category=headcount_staff, missing=current,previous",Provide monthly headcount for both the event month and previous month before using event-delta allocation.
action,1412000094,202606,headcount_event_delta,"Missing complete monthly headcount driver for event-delta allocation: cc=1412000094, month=202606, previous_month=202605, category=headcount_staff, missing=current,previous",Provide monthly headcount for both the event month and previous month before using event-delta allocation.
action,1412000096,202606,headcount_event_delta,"Missing complete monthly headcount driver for event-delta allocation: cc=1412000096, month=202606, previous_month=202605, category=headcount_staff, missing=current,previous",Provide monthly headcount for both the event month and previous month before using event-delta allocation.
action,1412000098,202606,headcount_event_delta,"Missing complete monthly headcount driver for event-delta allocation: cc=1412000098, month=202606, previous_month=202605, category=headcount_staff, missing=current,previous",Provide monthly headcount for both the event month and previous month before using event-delta allocation.
action,1412000099,202606,headcount_event_delta,"Missing complete monthly headcount driver for event-delta allocation: cc=1412000099, month=202606, previous_month=202605, category=headcount_staff, missing=current,previous",Provide monthly headcount for both the event month and previous month before using event-delta allocation.
action,1412000101,202606,headcount_event_delta,"Missing complete monthly headcount driver for event-delta allocation: cc=1412000101, month=202606, previous_month=202605, category=headcount_staff, missing=current,previous",Provide monthly headcount for both the event month and previous month before using event-delta allocation.
action,1412000100,202606,headcount_event_delta,"Missing complete monthly headcount driver for event-delta allocation: cc=1412000100, month=202606, previous_month=202605, category=headcount_staff, missing=current,previous",Provide monthly headcount for both the event month and previous month before using event-delta allocation.
action,1412000103,202606,headcount_event_delta,"Missing complete monthly headcount driver for event-delta allocation: cc=1412000103, month=202606, previous_month=202605, category=headcount_staff, missing=current,previous",Provide monthly headcount for both the event month and previous month before using event-delta allocation.
action,1412000105,202606,headcount_event_delta,"Missing complete monthly headcount driver for event-delta allocation: cc=1412000105, month=202606, previous_month=202605, category=headcount_staff, missing=current,previous",Provide monthly headcount for both the event month and previous month before using event-delta allocation.
action,1412000075,202606,headcount_event_delta,"Missing complete monthly headcount driver for event-delta allocation: cc=1412000075, month=202606, previous_month=202605, category=headcount_staff, missing=current,previous",Provide monthly headcount for both the event month and previous month before using event-delta allocation.
action,1412000106,202606,headcount_event_delta,"Missing complete monthly headcount driver for event-delta allocation: cc=1412000106, month=202606, previous_month=202605, category=headcount_staff, missing=current,previous",Provide monthly headcount for both the event month and previous month before using event-delta allocation.
action,1412000039,202606,headcount_event_delta,"Missing complete monthly headcount driver for event-delta allocation: cc=1412000039, month=202606, previous_month=202605, category=headcount_staff, missing=current,previous",Provide monthly headcount for both the event month and previous month before using event-delta allocation.
action,1412000108,202606,headcount_event_delta,"Missing complete monthly headcount driver for event-delta allocation: cc=1412000108, month=202606, previous_month=202605, category=headcount_staff, missing=current,previous",Provide monthly headcount for both the event month and previous month before using event-delta allocation.
action,1412000005,202607,headcount_event_delta,"Missing complete monthly headcount driver for event-delta allocation: cc=1412000005, month=202607, previous_month=202606, category=headcount_staff, missing=current,previous",Provide monthly headcount for both the event month and previous month before using event-delta allocation.
action,1412000062,202607,headcount_event_delta,"Missing complete monthly headcount driver for event-delta allocation: cc=1412000062, month=202607, previous_month=202606, category=headcount_staff, missing=current,previous",Provide monthly headcount for both the event month and previous month before using event-delta allocation.
action,1412000034,202607,headcount_event_delta,"Missing complete monthly headcount driver for event-delta allocation: cc=1412000034, month=202607, previous_month=202606, category=headcount_staff, missing=current,previous",Provide monthly headcount for both the event month and previous month before using event-delta allocation.
action,1412000048,202607,headcount_event_delta,"Missing complete monthly headcount driver for event-delta allocation: cc=1412000048, month=202607, previous_month=202606, category=headcount_staff, missing=current,previous",Provide monthly headcount for both the event month and previous month before using event-delta allocation.
action,1412000055,202607,headcount_event_delta,"Missing complete monthly headcount driver for event-delta allocation: cc=1412000055, month=202607, previous_month=202606, category=headcount_staff, missing=current,previous",Provide monthly headcount for both the event month and previous month before using event-delta allocation.
action,1412000050,202607,headcount_event_delta,"Missing complete monthly headcount driver for event-delta allocation: cc=1412000050, month=202607, previous_month=202606, category=headcount_staff, missing=current,previous",Provide monthly headcount for both the event month and previous month before using event-delta allocation.
action,1412000077,202607,headcount_event_delta,"Missing complete monthly headcount driver for event-delta allocation: cc=1412000077, month=202607, previous_month=202606, category=headcount_staff, missing=current,previous",Provide monthly headcount for both the event month and previous month before using event-delta allocation.
action,1412000053,202607,headcount_event_delta,"Missing complete monthly headcount driver for event-delta allocation: cc=1412000053, month=202607, previous_month=202606, category=headcount_staff, missing=current,previous",Provide monthly headcount for both the event month and previous month before using event-delta allocation.
action,1412000008,202607,headcount_event_delta,"Missing complete monthly headcount driver for event-delta allocation: cc=1412000008, month=202607, previous_month=202606, category=headcount_staff, missing=current,previous",Provide monthly headcount for both the event month and previous month before using event-delta allocation.
action,1412000010,202607,headcount_event_delta,"Missing complete monthly headcount driver for event-delta allocation: cc=1412000010, month=202607, previous_month=202606, category=headcount_staff, missing=current,previous",Provide monthly headcount for both the event month and previous month before using event-delta allocation.
action,1412000054,202607,headcount_event_delta,"Missing complete monthly headcount driver for event-delta allocation: cc=1412000054, month=202607, previous_month=202606, category=headcount_staff, missing=current,previous",Provide monthly headcount for both the event month and previous month before using event-delta allocation.
action,1412000036,202607,headcount_event_delta,"Missing complete monthly headcount driver for event-delta allocation: cc=1412000036, month=202607, previous_month=202606, category=headcount_staff, missing=current,previous",Provide monthly headcount for both the event month and previous month before using event-delta allocation.
action,1412000089,202607,headcount_event_delta,"Missing complete monthly headcount driver for event-delta allocation: cc=1412000089, month=202607, previous_month=202606, category=headcount_staff, missing=current,previous",Provide monthly headcount for both the event month and previous month before using event-delta allocation.
action,1412000013,202607,headcount_event_delta,"Missing complete monthly headcount driver for event-delta allocation: cc=1412000013, month=202607, previous_month=202606, category=headcount_staff, missing=current,previous",Provide monthly headcount for both the event month and previous month before using event-delta allocation.
action,1412000080,202607,headcount_event_delta,"Missing complete monthly headcount driver for event-delta allocation: cc=1412000080, month=202607, previous_month=202606, category=headcount_staff, missing=current,previous",Provide monthly headcount for both the event month and previous month before using event-delta allocation.
action,1412000044,202607,headcount_event_delta,"Missing complete monthly headcount driver for event-delta allocation: cc=1412000044, month=202607, previous_month=202606, category=headcount_staff, missing=current,previous",Provide monthly headcount for both the event month and previous month before using event-delta allocation.
action,1412000056,202607,headcount_event_delta,"Missing complete monthly headcount driver for event-delta allocation: cc=1412000056, month=202607, previous_month=202606, category=headcount_staff, missing=current,previous",Provide monthly headcount for both the event month and previous month before using event-delta allocation.
action,1412000018,202607,headcount_event_delta,"Missing complete monthly headcount driver for event-delta allocation: cc=1412000018, month=202607, previous_month=202606, category=headcount_staff, missing=current,previous",Provide monthly headcount for both the event month and previous month before using event-delta allocation.
action,1412000019,202607,headcount_event_delta,"Missing complete monthly headcount driver for event-delta allocation: cc=1412000019, month=202607, previous_month=202606, category=headcount_staff, missing=current,previous",Provide monthly headcount for both the event month and previous month before using event-delta allocation.
action,1412000058,202607,headcount_event_delta,"Missing complete monthly headcount driver for event-delta allocation: cc=1412000058, month=202607, previous_month=202606, category=headcount_staff, missing=current,previous",Provide monthly headcount for both the event month and previous month before using event-delta allocation.
action,1412000042,202607,headcount_event_delta,"Missing complete monthly headcount driver for event-delta allocation: cc=1412000042, month=202607, previous_month=202606, category=headcount_staff, missing=current,previous",Provide monthly headcount for both the event month and previous month before using event-delta allocation.
action,1412000021,202607,headcount_event_delta,"Missing complete monthly headcount driver for event-delta allocation: cc=1412000021, month=202607, previous_month=202606, category=headcount_staff, missing=current,previous",Provide monthly headcount for both the event month and previous month before using event-delta allocation.
action,1412000022,202607,headcount_event_delta,"Missing complete monthly headcount driver for event-delta allocation: cc=1412000022, month=202607, previous_month=202606, category=headcount_staff, missing=current,previous",Provide monthly headcount for both the event month and previous month before using event-delta allocation.
action,1412000024,202607,headcount_event_delta,"Missing complete monthly headcount driver for event-delta allocation: cc=1412000024, month=202607, previous_month=202606, category=headcount_staff, missing=current,previous",Provide monthly headcount for both the event month and previous month before using event-delta allocation.
action,1412000025,202607,headcount_event_delta,"Missing complete monthly headcount driver for event-delta allocation: cc=1412000025, month=202607, previous_month=202606, category=headcount_staff, missing=current,previous",Provide monthly headcount for both the event month and previous month before using event-delta allocation.
action,1412000026,202607,headcount_event_delta,"Missing complete monthly headcount driver for event-delta allocation: cc=1412000026, month=202607, previous_month=202606, category=headcount_staff, missing=current,previous",Provide monthly headcount for both the event month and previous month before using event-delta allocation.
action,1412000028,202607,headcount_event_delta,"Missing complete monthly headcount driver for event-delta allocation: cc=1412000028, month=202607, previous_month=202606, category=headcount_staff, missing=current,previous",Provide monthly headcount for both the event month and previous month before using event-delta allocation.
action,1412000029,202607,headcount_event_delta,"Missing complete monthly headcount driver for event-delta allocation: cc=1412000029, month=202607, previous_month=202606, category=headcount_staff, missing=current,previous",Provide monthly headcount for both the event month and previous month before using event-delta allocation.
action,1412000030,202607,headcount_event_delta,"Missing complete monthly headcount driver for event-delta allocation: cc=1412000030, month=202607, previous_month=202606, category=headcount_staff, missing=current,previous",Provide monthly headcount for both the event month and previous month before using event-delta allocation.
action,1412000086,202607,headcount_event_delta,"Missing complete monthly headcount driver for event-delta allocation: cc=1412000086, month=202607, previous_month=202606, category=headcount_staff, missing=current,previous",Provide monthly headcount for both the event month and previous month before using event-delta allocation.
action,1412000063,202607,headcount_event_delta,"Missing complete monthly headcount driver for event-delta allocation: cc=1412000063, month=202607, previous_month=202606, category=headcount_staff, missing=current,previous",Provide monthly headcount for both the event month and previous month before using event-delta allocation.
action,1412000066,202607,headcount_event_delta,"Missing complete monthly headcount driver for event-delta allocation: cc=1412000066, month=202607, previous_month=202606, category=headcount_staff, missing=current,previous",Provide monthly headcount for both the event month and previous month before using event-delta allocation.
action,1412000035,202607,headcount_event_delta,"Missing complete monthly headcount driver for event-delta allocation: cc=1412000035, month=202607, previous_month=202606, category=headcount_staff, missing=current,previous",Provide monthly headcount for both the event month and previous month before using event-delta allocation.
action,1412000016,202607,headcount_event_delta,"Missing complete monthly headcount driver for event-delta allocation: cc=1412000016, month=202607, previous_month=202606, category=headcount_staff, missing=current,previous",Provide monthly headcount for both the event month and previous month before using event-delta allocation.
action,1412000069,202607,headcount_event_delta,"Missing complete monthly headcount driver for event-delta allocation: cc=1412000069, month=202607, previous_month=202606, category=headcount_staff, missing=current,previous",Provide monthly headcount for both the event month and previous month before using event-delta allocation.
action,1412000070,202607,headcount_event_delta,"Missing complete monthly headcount driver for event-delta allocation: cc=1412000070, month=202607, previous_month=202606, category=headcount_staff, missing=current,previous",Provide monthly headcount for both the event month and previous month before using event-delta allocation.
action,1412000072,202607,headcount_event_delta,"Missing complete monthly headcount driver for event-delta allocation: cc=1412000072, month=202607, previous_month=202606, category=headcount_staff, missing=current,previous",Provide monthly headcount for both the event month and previous month before using event-delta allocation.
action,1412000073,202607,headcount_event_delta,"Missing complete monthly headcount driver for event-delta allocation: cc=1412000073, month=202607, previous_month=202606, category=headcount_staff, missing=current,previous",Provide monthly headcount for both the event month and previous month before using event-delta allocation.
action,1412000104,202607,headcount_event_delta,"Missing complete monthly headcount driver for event-delta allocation: cc=1412000104, month=202607, previous_month=202606, category=headcount_staff, missing=current,previous",Provide monthly headcount for both the event month and previous month before using event-delta allocation.
action,1412000057,202607,headcount_event_delta,"Missing complete monthly headcount driver for event-delta allocation: cc=1412000057, month=202607, previous_month=202606, category=headcount_staff, missing=current,previous",Provide monthly headcount for both the event month and previous month before using event-delta allocation.
action,1412000078,202607,headcount_event_delta,"Missing complete monthly headcount driver for event-delta allocation: cc=1412000078, month=202607, previous_month=202606, category=headcount_staff, missing=current,previous",Provide monthly headcount for both the event month and previous month before using event-delta allocation.
action,1412C00001,202607,headcount_event_delta,"Missing complete monthly headcount driver for event-delta allocation: cc=1412C00001, month=202607, previous_month=202606, category=headcount_staff, missing=current,previous",Provide monthly headcount for both the event month and previous month before using event-delta allocation.
action,1412000081,202607,headcount_event_delta,"Missing complete monthly headcount driver for event-delta allocation: cc=1412000081, month=202607, previous_month=202606, category=headcount_staff, missing=current,previous",Provide monthly headcount for both the event month and previous month before using event-delta allocation.
action,1412000083,202607,headcount_event_delta,"Missing complete monthly headcount driver for event-delta allocation: cc=1412000083, month=202607, previous_month=202606, category=headcount_staff, missing=current,previous",Provide monthly headcount for both the event month and previous month before using event-delta allocation.
action,1412000084,202607,headcount_event_delta,"Missing complete monthly headcount driver for event-delta allocation: cc=1412000084, month=202607, previous_month=202606, category=headcount_staff, missing=current,previous",Provide monthly headcount for both the event month and previous month before using event-delta allocation.
action,1412000087,202607,headcount_event_delta,"Missing complete monthly headcount driver for event-delta allocation: cc=1412000087, month=202607, previous_month=202606, category=headcount_staff, missing=current,previous",Provide monthly headcount for both the event month and previous month before using event-delta allocation.
action,1412000088,202607,headcount_event_delta,"Missing complete monthly headcount driver for event-delta allocation: cc=1412000088, month=202607, previous_month=202606, category=headcount_staff, missing=current,previous",Provide monthly headcount for both the event month and previous month before using event-delta allocation.
action,1412000091,202607,headcount_event_delta,"Missing complete monthly headcount driver for event-delta allocation: cc=1412000091, month=202607, previous_month=202606, category=headcount_staff, missing=current,previous",Provide monthly headcount for both the event month and previous month before using event-delta allocation.
action,1412000092,202607,headcount_event_delta,"Missing complete monthly headcount driver for event-delta allocation: cc=1412000092, month=202607, previous_month=202606, category=headcount_staff, missing=current,previous",Provide monthly headcount for both the event month and previous month before using event-delta allocation.
action,1412000093,202607,headcount_event_delta,"Missing complete monthly headcount driver for event-delta allocation: cc=1412000093, month=202607, previous_month=202606, category=headcount_staff, missing=current,previous",Provide monthly headcount for both the event month and previous month before using event-delta allocation.
action,1412000094,202607,headcount_event_delta,"Missing complete monthly headcount driver for event-delta allocation: cc=1412000094, month=202607, previous_month=202606, category=headcount_staff, missing=current,previous",Provide monthly headcount for both the event month and previous month before using event-delta allocation.
action,1412000096,202607,headcount_event_delta,"Missing complete monthly headcount driver for event-delta allocation: cc=1412000096, month=202607, previous_month=202606, category=headcount_staff, missing=current,previous",Provide monthly headcount for both the event month and previous month before using event-delta allocation.
action,1412000098,202607,headcount_event_delta,"Missing complete monthly headcount driver for event-delta allocation: cc=1412000098, month=202607, previous_month=202606, category=headcount_staff, missing=current,previous",Provide monthly headcount for both the event month and previous month before using event-delta allocation.
action,1412000099,202607,headcount_event_delta,"Missing complete monthly headcount driver for event-delta allocation: cc=1412000099, month=202607, previous_month=202606, category=headcount_staff, missing=current,previous",Provide monthly headcount for both the event month and previous month before using event-delta allocation.
action,1412000101,202607,headcount_event_delta,"Missing complete monthly headcount driver for event-delta allocation: cc=1412000101, month=202607, previous_month=202606, category=headcount_staff, missing=current,previous",Provide monthly headcount for both the event month and previous month before using event-delta allocation.
action,1412000100,202607,headcount_event_delta,"Missing complete monthly headcount driver for event-delta allocation: cc=1412000100, month=202607, previous_month=202606, category=headcount_staff, missing=current,previous",Provide monthly headcount for both the event month and previous month before using event-delta allocation.
action,1412000103,202607,headcount_event_delta,"Missing complete monthly headcount driver for event-delta allocation: cc=1412000103, month=202607, previous_month=202606, category=headcount_staff, missing=current,previous",Provide monthly headcount for both the event month and previous month before using event-delta allocation.
action,1412000105,202607,headcount_event_delta,"Missing complete monthly headcount driver for event-delta allocation: cc=1412000105, month=202607, previous_month=202606, category=headcount_staff, missing=current,previous",Provide monthly headcount for both the event month and previous month before using event-delta allocation.
action,1412000075,202607,headcount_event_delta,"Missing complete monthly headcount driver for event-delta allocation: cc=1412000075, month=202607, previous_month=202606, category=headcount_staff, missing=current,previous",Provide monthly headcount for both the event month and previous month before using event-delta allocation.
action,1412000106,202607,headcount_event_delta,"Missing complete monthly headcount driver for event-delta allocation: cc=1412000106, month=202607, previous_month=202606, category=headcount_staff, missing=current,previous",Provide monthly headcount for both the event month and previous month before using event-delta allocation.
action,1412000039,202607,headcount_event_delta,"Missing complete monthly headcount driver for event-delta allocation: cc=1412000039, month=202607, previous_month=202606, category=headcount_staff, missing=current,previous",Provide monthly headcount for both the event month and previous month before using event-delta allocation.
action,1412000108,202607,headcount_event_delta,"Missing complete monthly headcount driver for event-delta allocation: cc=1412000108, month=202607, previous_month=202606, category=headcount_staff, missing=current,previous",Provide monthly headcount for both the event month and previous month before using event-delta allocation.
action,1412000005,202608,headcount_event_delta,"Missing complete monthly headcount driver for event-delta allocation: cc=1412000005, month=202608, previous_month=202607, category=headcount_staff, missing=current,previous",Provide monthly headcount for both the event month and previous month before using event-delta allocation.
action,1412000062,202608,headcount_event_delta,"Missing complete monthly headcount driver for event-delta allocation: cc=1412000062, month=202608, previous_month=202607, category=headcount_staff, missing=current,previous",Provide monthly headcount for both the event month and previous month before using event-delta allocation.
action,1412000034,202608,headcount_event_delta,"Missing complete monthly headcount driver for event-delta allocation: cc=1412000034, month=202608, previous_month=202607, category=headcount_staff, missing=current,previous",Provide monthly headcount for both the event month and previous month before using event-delta allocation.
action,1412000048,202608,headcount_event_delta,"Missing complete monthly headcount driver for event-delta allocation: cc=1412000048, month=202608, previous_month=202607, category=headcount_staff, missing=current,previous",Provide monthly headcount for both the event month and previous month before using event-delta allocation.
action,1412000055,202608,headcount_event_delta,"Missing complete monthly headcount driver for event-delta allocation: cc=1412000055, month=202608, previous_month=202607, category=headcount_staff, missing=current,previous",Provide monthly headcount for both the event month and previous month before using event-delta allocation.
action,1412000050,202608,headcount_event_delta,"Missing complete monthly headcount driver for event-delta allocation: cc=1412000050, month=202608, previous_month=202607, category=headcount_staff, missing=current,previous",Provide monthly headcount for both the event month and previous month before using event-delta allocation.
action,1412000077,202608,headcount_event_delta,"Missing complete monthly headcount driver for event-delta allocation: cc=1412000077, month=202608, previous_month=202607, category=headcount_staff, missing=current,previous",Provide monthly headcount for both the event month and previous month before using event-delta allocation.
action,1412000053,202608,headcount_event_delta,"Missing complete monthly headcount driver for event-delta allocation: cc=1412000053, month=202608, previous_month=202607, category=headcount_staff, missing=current,previous",Provide monthly headcount for both the event month and previous month before using event-delta allocation.
action,1412000008,202608,headcount_event_delta,"Missing complete monthly headcount driver for event-delta allocation: cc=1412000008, month=202608, previous_month=202607, category=headcount_staff, missing=current,previous",Provide monthly headcount for both the event month and previous month before using event-delta allocation.
action,1412000010,202608,headcount_event_delta,"Missing complete monthly headcount driver for event-delta allocation: cc=1412000010, month=202608, previous_month=202607, category=headcount_staff, missing=current,previous",Provide monthly headcount for both the event month and previous month before using event-delta allocation.
action,1412000054,202608,headcount_event_delta,"Missing complete monthly headcount driver for event-delta allocation: cc=1412000054, month=202608, previous_month=202607, category=headcount_staff, missing=current,previous",Provide monthly headcount for both the event month and previous month before using event-delta allocation.
action,1412000036,202608,headcount_event_delta,"Missing complete monthly headcount driver for event-delta allocation: cc=1412000036, month=202608, previous_month=202607, category=headcount_staff, missing=current,previous",Provide monthly headcount for both the event month and previous month before using event-delta allocation.
action,1412000089,202608,headcount_event_delta,"Missing complete monthly headcount driver for event-delta allocation: cc=1412000089, month=202608, previous_month=202607, category=headcount_staff, missing=current,previous",Provide monthly headcount for both the event month and previous month before using event-delta allocation.
action,1412000013,202608,headcount_event_delta,"Missing complete monthly headcount driver for event-delta allocation: cc=1412000013, month=202608, previous_month=202607, category=headcount_staff, missing=current,previous",Provide monthly headcount for both the event month and previous month before using event-delta allocation.
action,1412000080,202608,headcount_event_delta,"Missing complete monthly headcount driver for event-delta allocation: cc=1412000080, month=202608, previous_month=202607, category=headcount_staff, missing=current,previous",Provide monthly headcount for both the event month and previous month before using event-delta allocation.
action,1412000044,202608,headcount_event_delta,"Missing complete monthly headcount driver for event-delta allocation: cc=1412000044, month=202608, previous_month=202607, category=headcount_staff, missing=current,previous",Provide monthly headcount for both the event month and previous month before using event-delta allocation.
action,1412000056,202608,headcount_event_delta,"Missing complete monthly headcount driver for event-delta allocation: cc=1412000056, month=202608, previous_month=202607, category=headcount_staff, missing=current,previous",Provide monthly headcount for both the event month and previous month before using event-delta allocation.
action,1412000018,202608,headcount_event_delta,"Missing complete monthly headcount driver for event-delta allocation: cc=1412000018, month=202608, previous_month=202607, category=headcount_staff, missing=current,previous",Provide monthly headcount for both the event month and previous month before using event-delta allocation.
action,1412000019,202608,headcount_event_delta,"Missing complete monthly headcount driver for event-delta allocation: cc=1412000019, month=202608, previous_month=202607, category=headcount_staff, missing=current,previous",Provide monthly headcount for both the event month and previous month before using event-delta allocation.
action,1412000058,202608,headcount_event_delta,"Missing complete monthly headcount driver for event-delta allocation: cc=1412000058, month=202608, previous_month=202607, category=headcount_staff, missing=current,previous",Provide monthly headcount for both the event month and previous month before using event-delta allocation.
action,1412000042,202608,headcount_event_delta,"Missing complete monthly headcount driver for event-delta allocation: cc=1412000042, month=202608, previous_month=202607, category=headcount_staff, missing=current,previous",Provide monthly headcount for both the event month and previous month before using event-delta allocation.
action,1412000021,202608,headcount_event_delta,"Missing complete monthly headcount driver for event-delta allocation: cc=1412000021, month=202608, previous_month=202607, category=headcount_staff, missing=current,previous",Provide monthly headcount for both the event month and previous month before using event-delta allocation.
action,1412000022,202608,headcount_event_delta,"Missing complete monthly headcount driver for event-delta allocation: cc=1412000022, month=202608, previous_month=202607, category=headcount_staff, missing=current,previous",Provide monthly headcount for both the event month and previous month before using event-delta allocation.
action,1412000024,202608,headcount_event_delta,"Missing complete monthly headcount driver for event-delta allocation: cc=1412000024, month=202608, previous_month=202607, category=headcount_staff, missing=current,previous",Provide monthly headcount for both the event month and previous month before using event-delta allocation.
action,1412000025,202608,headcount_event_delta,"Missing complete monthly headcount driver for event-delta allocation: cc=1412000025, month=202608, previous_month=202607, category=headcount_staff, missing=current,previous",Provide monthly headcount for both the event month and previous month before using event-delta allocation.
action,1412000026,202608,headcount_event_delta,"Missing complete monthly headcount driver for event-delta allocation: cc=1412000026, month=202608, previous_month=202607, category=headcount_staff, missing=current,previous",Provide monthly headcount for both the event month and previous month before using event-delta allocation.
action,1412000028,202608,headcount_event_delta,"Missing complete monthly headcount driver for event-delta allocation: cc=1412000028, month=202608, previous_month=202607, category=headcount_staff, missing=current,previous",Provide monthly headcount for both the event month and previous month before using event-delta allocation.
action,1412000029,202608,headcount_event_delta,"Missing complete monthly headcount driver for event-delta allocation: cc=1412000029, month=202608, previous_month=202607, category=headcount_staff, missing=current,previous",Provide monthly headcount for both the event month and previous month before using event-delta allocation.
action,1412000030,202608,headcount_event_delta,"Missing complete monthly headcount driver for event-delta allocation: cc=1412000030, month=202608, previous_month=202607, category=headcount_staff, missing=current,previous",Provide monthly headcount for both the event month and previous month before using event-delta allocation.
action,1412000086,202608,headcount_event_delta,"Missing complete monthly headcount driver for event-delta allocation: cc=1412000086, month=202608, previous_month=202607, category=headcount_staff, missing=current,previous",Provide monthly headcount for both the event month and previous month before using event-delta allocation.
action,1412000063,202608,headcount_event_delta,"Missing complete monthly headcount driver for event-delta allocation: cc=1412000063, month=202608, previous_month=202607, category=headcount_staff, missing=current,previous",Provide monthly headcount for both the event month and previous month before using event-delta allocation.
action,1412000066,202608,headcount_event_delta,"Missing complete monthly headcount driver for event-delta allocation: cc=1412000066, month=202608, previous_month=202607, category=headcount_staff, missing=current,previous",Provide monthly headcount for both the event month and previous month before using event-delta allocation.
action,1412000035,202608,headcount_event_delta,"Missing complete monthly headcount driver for event-delta allocation: cc=1412000035, month=202608, previous_month=202607, category=headcount_staff, missing=current,previous",Provide monthly headcount for both the event month and previous month before using event-delta allocation.
action,1412000016,202608,headcount_event_delta,"Missing complete monthly headcount driver for event-delta allocation: cc=1412000016, month=202608, previous_month=202607, category=headcount_staff, missing=current,previous",Provide monthly headcount for both the event month and previous month before using event-delta allocation.
action,1412000069,202608,headcount_event_delta,"Missing complete monthly headcount driver for event-delta allocation: cc=1412000069, month=202608, previous_month=202607, category=headcount_staff, missing=current,previous",Provide monthly headcount for both the event month and previous month before using event-delta allocation.
action,1412000070,202608,headcount_event_delta,"Missing complete monthly headcount driver for event-delta allocation: cc=1412000070, month=202608, previous_month=202607, category=headcount_staff, missing=current,previous",Provide monthly headcount for both the event month and previous month before using event-delta allocation.
action,1412000072,202608,headcount_event_delta,"Missing complete monthly headcount driver for event-delta allocation: cc=1412000072, month=202608, previous_month=202607, category=headcount_staff, missing=current,previous",Provide monthly headcount for both the event month and previous month before using event-delta allocation.
action,1412000073,202608,headcount_event_delta,"Missing complete monthly headcount driver for event-delta allocation: cc=1412000073, month=202608, previous_month=202607, category=headcount_staff, missing=current,previous",Provide monthly headcount for both the event month and previous month before using event-delta allocation.
action,1412000104,202608,headcount_event_delta,"Missing complete monthly headcount driver for event-delta allocation: cc=1412000104, month=202608, previous_month=202607, category=headcount_staff, missing=current,previous",Provide monthly headcount for both the event month and previous month before using event-delta allocation.
action,1412000057,202608,headcount_event_delta,"Missing complete monthly headcount driver for event-delta allocation: cc=1412000057, month=202608, previous_month=202607, category=headcount_staff, missing=current,previous",Provide monthly headcount for both the event month and previous month before using event-delta allocation.
action,1412000078,202608,headcount_event_delta,"Missing complete monthly headcount driver for event-delta allocation: cc=1412000078, month=202608, previous_month=202607, category=headcount_staff, missing=current,previous",Provide monthly headcount for both the event month and previous month before using event-delta allocation.
action,1412C00001,202608,headcount_event_delta,"Missing complete monthly headcount driver for event-delta allocation: cc=1412C00001, month=202608, previous_month=202607, category=headcount_staff, missing=current,previous",Provide monthly headcount for both the event month and previous month before using event-delta allocation.
action,1412000081,202608,headcount_event_delta,"Missing complete monthly headcount driver for event-delta allocation: cc=1412000081, month=202608, previous_month=202607, category=headcount_staff, missing=current,previous",Provide monthly headcount for both the event month and previous month before using event-delta allocation.
action,1412000083,202608,headcount_event_delta,"Missing complete monthly headcount driver for event-delta allocation: cc=1412000083, month=202608, previous_month=202607, category=headcount_staff, missing=current,previous",Provide monthly headcount for both the event month and previous month before using event-delta allocation.
action,1412000084,202608,headcount_event_delta,"Missing complete monthly headcount driver for event-delta allocation: cc=1412000084, month=202608, previous_month=202607, category=headcount_staff, missing=current,previous",Provide monthly headcount for both the event month and previous month before using event-delta allocation.
action,1412000087,202608,headcount_event_delta,"Missing complete monthly headcount driver for event-delta allocation: cc=1412000087, month=202608, previous_month=202607, category=headcount_staff, missing=current,previous",Provide monthly headcount for both the event month and previous month before using event-delta allocation.
action,1412000088,202608,headcount_event_delta,"Missing complete monthly headcount driver for event-delta allocation: cc=1412000088, month=202608, previous_month=202607, category=headcount_staff, missing=current,previous",Provide monthly headcount for both the event month and previous month before using event-delta allocation.
action,1412000091,202608,headcount_event_delta,"Missing complete monthly headcount driver for event-delta allocation: cc=1412000091, month=202608, previous_month=202607, category=headcount_staff, missing=current,previous",Provide monthly headcount for both the event month and previous month before using event-delta allocation.
action,1412000092,202608,headcount_event_delta,"Missing complete monthly headcount driver for event-delta allocation: cc=1412000092, month=202608, previous_month=202607, category=headcount_staff, missing=current,previous",Provide monthly headcount for both the event month and previous month before using event-delta allocation.
action,1412000093,202608,headcount_event_delta,"Missing complete monthly headcount driver for event-delta allocation: cc=1412000093, month=202608, previous_month=202607, category=headcount_staff, missing=current,previous",Provide monthly headcount for both the event month and previous month before using event-delta allocation.
action,1412000094,202608,headcount_event_delta,"Missing complete monthly headcount driver for event-delta allocation: cc=1412000094, month=202608, previous_month=202607, category=headcount_staff, missing=current,previous",Provide monthly headcount for both the event month and previous month before using event-delta allocation.
action,1412000096,202608,headcount_event_delta,"Missing complete monthly headcount driver for event-delta allocation: cc=1412000096, month=202608, previous_month=202607, category=headcount_staff, missing=current,previous",Provide monthly headcount for both the event month and previous month before using event-delta allocation.
action,1412000098,202608,headcount_event_delta,"Missing complete monthly headcount driver for event-delta allocation: cc=1412000098, month=202608, previous_month=202607, category=headcount_staff, missing=current,previous",Provide monthly headcount for both the event month and previous month before using event-delta allocation.
action,1412000099,202608,headcount_event_delta,"Missing complete monthly headcount driver for event-delta allocation: cc=1412000099, month=202608, previous_month=202607, category=headcount_staff, missing=current,previous",Provide monthly headcount for both the event month and previous month before using event-delta allocation.
action,1412000101,202608,headcount_event_delta,"Missing complete monthly headcount driver for event-delta allocation: cc=1412000101, month=202608, previous_month=202607, category=headcount_staff, missing=current,previous",Provide monthly headcount for both the event month and previous month before using event-delta allocation.
action,1412000100,202608,headcount_event_delta,"Missing complete monthly headcount driver for event-delta allocation: cc=1412000100, month=202608, previous_month=202607, category=headcount_staff, missing=current,previous",Provide monthly headcount for both the event month and previous month before using event-delta allocation.
action,1412000103,202608,headcount_event_delta,"Missing complete monthly headcount driver for event-delta allocation: cc=1412000103, month=202608, previous_month=202607, category=headcount_staff, missing=current,previous",Provide monthly headcount for both the event month and previous month before using event-delta allocation.
action,1412000105,202608,headcount_event_delta,"Missing complete monthly headcount driver for event-delta allocation: cc=1412000105, month=202608, previous_month=202607, category=headcount_staff, missing=current,previous",Provide monthly headcount for both the event month and previous month before using event-delta allocation.
action,1412000075,202608,headcount_event_delta,"Missing complete monthly headcount driver for event-delta allocation: cc=1412000075, month=202608, previous_month=202607, category=headcount_staff, missing=current,previous",Provide monthly headcount for both the event month and previous month before using event-delta allocation.
action,1412000106,202608,headcount_event_delta,"Missing complete monthly headcount driver for event-delta allocation: cc=1412000106, month=202608, previous_month=202607, category=headcount_staff, missing=current,previous",Provide monthly headcount for both the event month and previous month before using event-delta allocation.
action,1412000039,202608,headcount_event_delta,"Missing complete monthly headcount driver for event-delta allocation: cc=1412000039, month=202608, previous_month=202607, category=headcount_staff, missing=current,previous",Provide monthly headcount for both the event month and previous month before using event-delta allocation.
action,1412000108,202608,headcount_event_delta,"Missing complete monthly headcount driver for event-delta allocation: cc=1412000108, month=202608, previous_month=202607, category=headcount_staff, missing=current,previous",Provide monthly headcount for both the event month and previous month before using event-delta allocation.
action,1412000005,202609,headcount_event_delta,"Missing complete monthly headcount driver for event-delta allocation: cc=1412000005, month=202609, previous_month=202608, category=headcount_staff, missing=current,previous",Provide monthly headcount for both the event month and previous month before using event-delta allocation.
action,1412000062,202609,headcount_event_delta,"Missing complete monthly headcount driver for event-delta allocation: cc=1412000062, month=202609, previous_month=202608, category=headcount_staff, missing=current,previous",Provide monthly headcount for both the event month and previous month before using event-delta allocation.
action,1412000034,202609,headcount_event_delta,"Missing complete monthly headcount driver for event-delta allocation: cc=1412000034, month=202609, previous_month=202608, category=headcount_staff, missing=current,previous",Provide monthly headcount for both the event month and previous month before using event-delta allocation.
action,1412000048,202609,headcount_event_delta,"Missing complete monthly headcount driver for event-delta allocation: cc=1412000048, month=202609, previous_month=202608, category=headcount_staff, missing=current,previous",Provide monthly headcount for both the event month and previous month before using event-delta allocation.
action,1412000055,202609,headcount_event_delta,"Missing complete monthly headcount driver for event-delta allocation: cc=1412000055, month=202609, previous_month=202608, category=headcount_staff, missing=current,previous",Provide monthly headcount for both the event month and previous month before using event-delta allocation.
action,1412000050,202609,headcount_event_delta,"Missing complete monthly headcount driver for event-delta allocation: cc=1412000050, month=202609, previous_month=202608, category=headcount_staff, missing=current,previous",Provide monthly headcount for both the event month and previous month before using event-delta allocation.
action,1412000077,202609,headcount_event_delta,"Missing complete monthly headcount driver for event-delta allocation: cc=1412000077, month=202609, previous_month=202608, category=headcount_staff, missing=current,previous",Provide monthly headcount for both the event month and previous month before using event-delta allocation.
action,1412000053,202609,headcount_event_delta,"Missing complete monthly headcount driver for event-delta allocation: cc=1412000053, month=202609, previous_month=202608, category=headcount_staff, missing=current,previous",Provide monthly headcount for both the event month and previous month before using event-delta allocation.
action,1412000008,202609,headcount_event_delta,"Missing complete monthly headcount driver for event-delta allocation: cc=1412000008, month=202609, previous_month=202608, category=headcount_staff, missing=current,previous",Provide monthly headcount for both the event month and previous month before using event-delta allocation.
action,1412000010,202609,headcount_event_delta,"Missing complete monthly headcount driver for event-delta allocation: cc=1412000010, month=202609, previous_month=202608, category=headcount_staff, missing=current,previous",Provide monthly headcount for both the event month and previous month before using event-delta allocation.
action,1412000054,202609,headcount_event_delta,"Missing complete monthly headcount driver for event-delta allocation: cc=1412000054, month=202609, previous_month=202608, category=headcount_staff, missing=current,previous",Provide monthly headcount for both the event month and previous month before using event-delta allocation.
action,1412000036,202609,headcount_event_delta,"Missing complete monthly headcount driver for event-delta allocation: cc=1412000036, month=202609, previous_month=202608, category=headcount_staff, missing=current,previous",Provide monthly headcount for both the event month and previous month before using event-delta allocation.
action,1412000089,202609,headcount_event_delta,"Missing complete monthly headcount driver for event-delta allocation: cc=1412000089, month=202609, previous_month=202608, category=headcount_staff, missing=current,previous",Provide monthly headcount for both the event month and previous month before using event-delta allocation.
action,1412000013,202609,headcount_event_delta,"Missing complete monthly headcount driver for event-delta allocation: cc=1412000013, month=202609, previous_month=202608, category=headcount_staff, missing=current,previous",Provide monthly headcount for both the event month and previous month before using event-delta allocation.
action,1412000080,202609,headcount_event_delta,"Missing complete monthly headcount driver for event-delta allocation: cc=1412000080, month=202609, previous_month=202608, category=headcount_staff, missing=current,previous",Provide monthly headcount for both the event month and previous month before using event-delta allocation.
action,1412000044,202609,headcount_event_delta,"Missing complete monthly headcount driver for event-delta allocation: cc=1412000044, month=202609, previous_month=202608, category=headcount_staff, missing=current,previous",Provide monthly headcount for both the event month and previous month before using event-delta allocation.
action,1412000056,202609,headcount_event_delta,"Missing complete monthly headcount driver for event-delta allocation: cc=1412000056, month=202609, previous_month=202608, category=headcount_staff, missing=current,previous",Provide monthly headcount for both the event month and previous month before using event-delta allocation.
action,1412000018,202609,headcount_event_delta,"Missing complete monthly headcount driver for event-delta allocation: cc=1412000018, month=202609, previous_month=202608, category=headcount_staff, missing=current,previous",Provide monthly headcount for both the event month and previous month before using event-delta allocation.
action,1412000019,202609,headcount_event_delta,"Missing complete monthly headcount driver for event-delta allocation: cc=1412000019, month=202609, previous_month=202608, category=headcount_staff, missing=current,previous",Provide monthly headcount for both the event month and previous month before using event-delta allocation.
action,1412000058,202609,headcount_event_delta,"Missing complete monthly headcount driver for event-delta allocation: cc=1412000058, month=202609, previous_month=202608, category=headcount_staff, missing=current,previous",Provide monthly headcount for both the event month and previous month before using event-delta allocation.
action,1412000042,202609,headcount_event_delta,"Missing complete monthly headcount driver for event-delta allocation: cc=1412000042, month=202609, previous_month=202608, category=headcount_staff, missing=current,previous",Provide monthly headcount for both the event month and previous month before using event-delta allocation.
action,1412000021,202609,headcount_event_delta,"Missing complete monthly headcount driver for event-delta allocation: cc=1412000021, month=202609, previous_month=202608, category=headcount_staff, missing=current,previous",Provide monthly headcount for both the event month and previous month before using event-delta allocation.
action,1412000022,202609,headcount_event_delta,"Missing complete monthly headcount driver for event-delta allocation: cc=1412000022, month=202609, previous_month=202608, category=headcount_staff, missing=current,previous",Provide monthly headcount for both the event month and previous month before using event-delta allocation.
action,1412000024,202609,headcount_event_delta,"Missing complete monthly headcount driver for event-delta allocation: cc=1412000024, month=202609, previous_month=202608, category=headcount_staff, missing=current,previous",Provide monthly headcount for both the event month and previous month before using event-delta allocation.
action,1412000025,202609,headcount_event_delta,"Missing complete monthly headcount driver for event-delta allocation: cc=1412000025, month=202609, previous_month=202608, category=headcount_staff, missing=current,previous",Provide monthly headcount for both the event month and previous month before using event-delta allocation.
action,1412000026,202609,headcount_event_delta,"Missing complete monthly headcount driver for event-delta allocation: cc=1412000026, month=202609, previous_month=202608, category=headcount_staff, missing=current,previous",Provide monthly headcount for both the event month and previous month before using event-delta allocation.
action,1412000028,202609,headcount_event_delta,"Missing complete monthly headcount driver for event-delta allocation: cc=1412000028, month=202609, previous_month=202608, category=headcount_staff, missing=current,previous",Provide monthly headcount for both the event month and previous month before using event-delta allocation.
action,1412000029,202609,headcount_event_delta,"Missing complete monthly headcount driver for event-delta allocation: cc=1412000029, month=202609, previous_month=202608, category=headcount_staff, missing=current,previous",Provide monthly headcount for both the event month and previous month before using event-delta allocation.
action,1412000030,202609,headcount_event_delta,"Missing complete monthly headcount driver for event-delta allocation: cc=1412000030, month=202609, previous_month=202608, category=headcount_staff, missing=current,previous",Provide monthly headcount for both the event month and previous month before using event-delta allocation.
action,1412000086,202609,headcount_event_delta,"Missing complete monthly headcount driver for event-delta allocation: cc=1412000086, month=202609, previous_month=202608, category=headcount_staff, missing=current,previous",Provide monthly headcount for both the event month and previous month before using event-delta allocation.
action,1412000063,202609,headcount_event_delta,"Missing complete monthly headcount driver for event-delta allocation: cc=1412000063, month=202609, previous_month=202608, category=headcount_staff, missing=current,previous",Provide monthly headcount for both the event month and previous month before using event-delta allocation.
action,1412000066,202609,headcount_event_delta,"Missing complete monthly headcount driver for event-delta allocation: cc=1412000066, month=202609, previous_month=202608, category=headcount_staff, missing=current,previous",Provide monthly headcount for both the event month and previous month before using event-delta allocation.
action,1412000035,202609,headcount_event_delta,"Missing complete monthly headcount driver for event-delta allocation: cc=1412000035, month=202609, previous_month=202608, category=headcount_staff, missing=current,previous",Provide monthly headcount for both the event month and previous month before using event-delta allocation.
action,1412000016,202609,headcount_event_delta,"Missing complete monthly headcount driver for event-delta allocation: cc=1412000016, month=202609, previous_month=202608, category=headcount_staff, missing=current,previous",Provide monthly headcount for both the event month and previous month before using event-delta allocation.
action,1412000069,202609,headcount_event_delta,"Missing complete monthly headcount driver for event-delta allocation: cc=1412000069, month=202609, previous_month=202608, category=headcount_staff, missing=current,previous",Provide monthly headcount for both the event month and previous month before using event-delta allocation.
action,1412000070,202609,headcount_event_delta,"Missing complete monthly headcount driver for event-delta allocation: cc=1412000070, month=202609, previous_month=202608, category=headcount_staff, missing=current,previous",Provide monthly headcount for both the event month and previous month before using event-delta allocation.
action,1412000072,202609,headcount_event_delta,"Missing complete monthly headcount driver for event-delta allocation: cc=1412000072, month=202609, previous_month=202608, category=headcount_staff, missing=current,previous",Provide monthly headcount for both the event month and previous month before using event-delta allocation.
action,1412000073,202609,headcount_event_delta,"Missing complete monthly headcount driver for event-delta allocation: cc=1412000073, month=202609, previous_month=202608, category=headcount_staff, missing=current,previous",Provide monthly headcount for both the event month and previous month before using event-delta allocation.
action,1412000104,202609,headcount_event_delta,"Missing complete monthly headcount driver for event-delta allocation: cc=1412000104, month=202609, previous_month=202608, category=headcount_staff, missing=current,previous",Provide monthly headcount for both the event month and previous month before using event-delta allocation.
action,1412000057,202609,headcount_event_delta,"Missing complete monthly headcount driver for event-delta allocation: cc=1412000057, month=202609, previous_month=202608, category=headcount_staff, missing=current,previous",Provide monthly headcount for both the event month and previous month before using event-delta allocation.
action,1412000078,202609,headcount_event_delta,"Missing complete monthly headcount driver for event-delta allocation: cc=1412000078, month=202609, previous_month=202608, category=headcount_staff, missing=current,previous",Provide monthly headcount for both the event month and previous month before using event-delta allocation.
action,1412C00001,202609,headcount_event_delta,"Missing complete monthly headcount driver for event-delta allocation: cc=1412C00001, month=202609, previous_month=202608, category=headcount_staff, missing=current,previous",Provide monthly headcount for both the event month and previous month before using event-delta allocation.
action,1412000081,202609,headcount_event_delta,"Missing complete monthly headcount driver for event-delta allocation: cc=1412000081, month=202609, previous_month=202608, category=headcount_staff, missing=current,previous",Provide monthly headcount for both the event month and previous month before using event-delta allocation.
action,1412000083,202609,headcount_event_delta,"Missing complete monthly headcount driver for event-delta allocation: cc=1412000083, month=202609, previous_month=202608, category=headcount_staff, missing=current,previous",Provide monthly headcount for both the event month and previous month before using event-delta allocation.
action,1412000084,202609,headcount_event_delta,"Missing complete monthly headcount driver for event-delta allocation: cc=1412000084, month=202609, previous_month=202608, category=headcount_staff, missing=current,previous",Provide monthly headcount for both the event month and previous month before using event-delta allocation.
action,1412000087,202609,headcount_event_delta,"Missing complete monthly headcount driver for event-delta allocation: cc=1412000087, month=202609, previous_month=202608, category=headcount_staff, missing=current,previous",Provide monthly headcount for both the event month and previous month before using event-delta allocation.
action,1412000088,202609,headcount_event_delta,"Missing complete monthly headcount driver for event-delta allocation: cc=1412000088, month=202609, previous_month=202608, category=headcount_staff, missing=current,previous",Provide monthly headcount for both the event month and previous month before using event-delta allocation.
action,1412000091,202609,headcount_event_delta,"Missing complete monthly headcount driver for event-delta allocation: cc=1412000091, month=202609, previous_month=202608, category=headcount_staff, missing=current,previous",Provide monthly headcount for both the event month and previous month before using event-delta allocation.
action,1412000092,202609,headcount_event_delta,"Missing complete monthly headcount driver for event-delta allocation: cc=1412000092, month=202609, previous_month=202608, category=headcount_staff, missing=current,previous",Provide monthly headcount for both the event month and previous month before using event-delta allocation.
action,1412000093,202609,headcount_event_delta,"Missing complete monthly headcount driver for event-delta allocation: cc=1412000093, month=202609, previous_month=202608, category=headcount_staff, missing=current,previous",Provide monthly headcount for both the event month and previous month before using event-delta allocation.
action,1412000094,202609,headcount_event_delta,"Missing complete monthly headcount driver for event-delta allocation: cc=1412000094, month=202609, previous_month=202608, category=headcount_staff, missing=current,previous",Provide monthly headcount for both the event month and previous month before using event-delta allocation.
action,1412000096,202609,headcount_event_delta,"Missing complete monthly headcount driver for event-delta allocation: cc=1412000096, month=202609, previous_month=202608, category=headcount_staff, missing=current,previous",Provide monthly headcount for both the event month and previous month before using event-delta allocation.
action,1412000098,202609,headcount_event_delta,"Missing complete monthly headcount driver for event-delta allocation: cc=1412000098, month=202609, previous_month=202608, category=headcount_staff, missing=current,previous",Provide monthly headcount for both the event month and previous month before using event-delta allocation.
action,1412000099,202609,headcount_event_delta,"Missing complete monthly headcount driver for event-delta allocation: cc=1412000099, month=202609, previous_month=202608, category=headcount_staff, missing=current,previous",Provide monthly headcount for both the event month and previous month before using event-delta allocation.
action,1412000101,202609,headcount_event_delta,"Missing complete monthly headcount driver for event-delta allocation: cc=1412000101, month=202609, previous_month=202608, category=headcount_staff, missing=current,previous",Provide monthly headcount for both the event month and previous month before using event-delta allocation.
action,1412000100,202609,headcount_event_delta,"Missing complete monthly headcount driver for event-delta allocation: cc=1412000100, month=202609, previous_month=202608, category=headcount_staff, missing=current,previous",Provide monthly headcount for both the event month and previous month before using event-delta allocation.
action,1412000103,202609,headcount_event_delta,"Missing complete monthly headcount driver for event-delta allocation: cc=1412000103, month=202609, previous_month=202608, category=headcount_staff, missing=current,previous",Provide monthly headcount for both the event month and previous month before using event-delta allocation.
action,1412000105,202609,headcount_event_delta,"Missing complete monthly headcount driver for event-delta allocation: cc=1412000105, month=202609, previous_month=202608, category=headcount_staff, missing=current,previous",Provide monthly headcount for both the event month and previous month before using event-delta allocation.
action,1412000075,202609,headcount_event_delta,"Missing complete monthly headcount driver for event-delta allocation: cc=1412000075, month=202609, previous_month=202608, category=headcount_staff, missing=current,previous",Provide monthly headcount for both the event month and previous month before using event-delta allocation.
action,1412000106,202609,headcount_event_delta,"Missing complete monthly headcount driver for event-delta allocation: cc=1412000106, month=202609, previous_month=202608, category=headcount_staff, missing=current,previous",Provide monthly headcount for both the event month and previous month before using event-delta allocation.
action,1412000039,202609,headcount_event_delta,"Missing complete monthly headcount driver for event-delta allocation: cc=1412000039, month=202609, previous_month=202608, category=headcount_staff, missing=current,previous",Provide monthly headcount for both the event month and previous month before using event-delta allocation.
action,1412000108,202609,headcount_event_delta,"Missing complete monthly headcount driver for event-delta allocation: cc=1412000108, month=202609, previous_month=202608, category=headcount_staff, missing=current,previous",Provide monthly headcount for both the event month and previous month before using event-delta allocation.
action,1412000005,202610,headcount_event_delta,"Missing complete monthly headcount driver for event-delta allocation: cc=1412000005, month=202610, previous_month=202609, category=headcount_staff, missing=current,previous",Provide monthly headcount for both the event month and previous month before using event-delta allocation.
action,1412000062,202610,headcount_event_delta,"Missing complete monthly headcount driver for event-delta allocation: cc=1412000062, month=202610, previous_month=202609, category=headcount_staff, missing=current,previous",Provide monthly headcount for both the event month and previous month before using event-delta allocation.
action,1412000034,202610,headcount_event_delta,"Missing complete monthly headcount driver for event-delta allocation: cc=1412000034, month=202610, previous_month=202609, category=headcount_staff, missing=current,previous",Provide monthly headcount for both the event month and previous month before using event-delta allocation.
action,1412000048,202610,headcount_event_delta,"Missing complete monthly headcount driver for event-delta allocation: cc=1412000048, month=202610, previous_month=202609, category=headcount_staff, missing=current,previous",Provide monthly headcount for both the event month and previous month before using event-delta allocation.
action,1412000055,202610,headcount_event_delta,"Missing complete monthly headcount driver for event-delta allocation: cc=1412000055, month=202610, previous_month=202609, category=headcount_staff, missing=current,previous",Provide monthly headcount for both the event month and previous month before using event-delta allocation.
action,1412000050,202610,headcount_event_delta,"Missing complete monthly headcount driver for event-delta allocation: cc=1412000050, month=202610, previous_month=202609, category=headcount_staff, missing=current,previous",Provide monthly headcount for both the event month and previous month before using event-delta allocation.
action,1412000077,202610,headcount_event_delta,"Missing complete monthly headcount driver for event-delta allocation: cc=1412000077, month=202610, previous_month=202609, category=headcount_staff, missing=current,previous",Provide monthly headcount for both the event month and previous month before using event-delta allocation.
action,1412000053,202610,headcount_event_delta,"Missing complete monthly headcount driver for event-delta allocation: cc=1412000053, month=202610, previous_month=202609, category=headcount_staff, missing=current,previous",Provide monthly headcount for both the event month and previous month before using event-delta allocation.
action,1412000008,202610,headcount_event_delta,"Missing complete monthly headcount driver for event-delta allocation: cc=1412000008, month=202610, previous_month=202609, category=headcount_staff, missing=current,previous",Provide monthly headcount for both the event month and previous month before using event-delta allocation.
action,1412000010,202610,headcount_event_delta,"Missing complete monthly headcount driver for event-delta allocation: cc=1412000010, month=202610, previous_month=202609, category=headcount_staff, missing=current,previous",Provide monthly headcount for both the event month and previous month before using event-delta allocation.
action,1412000054,202610,headcount_event_delta,"Missing complete monthly headcount driver for event-delta allocation: cc=1412000054, month=202610, previous_month=202609, category=headcount_staff, missing=current,previous",Provide monthly headcount for both the event month and previous month before using event-delta allocation.
action,1412000036,202610,headcount_event_delta,"Missing complete monthly headcount driver for event-delta allocation: cc=1412000036, month=202610, previous_month=202609, category=headcount_staff, missing=current,previous",Provide monthly headcount for both the event month and previous month before using event-delta allocation.
action,1412000089,202610,headcount_event_delta,"Missing complete monthly headcount driver for event-delta allocation: cc=1412000089, month=202610, previous_month=202609, category=headcount_staff, missing=current,previous",Provide monthly headcount for both the event month and previous month before using event-delta allocation.
action,1412000013,202610,headcount_event_delta,"Missing complete monthly headcount driver for event-delta allocation: cc=1412000013, month=202610, previous_month=202609, category=headcount_staff, missing=current,previous",Provide monthly headcount for both the event month and previous month before using event-delta allocation.
action,1412000080,202610,headcount_event_delta,"Missing complete monthly headcount driver for event-delta allocation: cc=1412000080, month=202610, previous_month=202609, category=headcount_staff, missing=current,previous",Provide monthly headcount for both the event month and previous month before using event-delta allocation.
action,1412000044,202610,headcount_event_delta,"Missing complete monthly headcount driver for event-delta allocation: cc=1412000044, month=202610, previous_month=202609, category=headcount_staff, missing=current,previous",Provide monthly headcount for both the event month and previous month before using event-delta allocation.
action,1412000056,202610,headcount_event_delta,"Missing complete monthly headcount driver for event-delta allocation: cc=1412000056, month=202610, previous_month=202609, category=headcount_staff, missing=current,previous",Provide monthly headcount for both the event month and previous month before using event-delta allocation.
action,1412000018,202610,headcount_event_delta,"Missing complete monthly headcount driver for event-delta allocation: cc=1412000018, month=202610, previous_month=202609, category=headcount_staff, missing=current,previous",Provide monthly headcount for both the event month and previous month before using event-delta allocation.
action,1412000019,202610,headcount_event_delta,"Missing complete monthly headcount driver for event-delta allocation: cc=1412000019, month=202610, previous_month=202609, category=headcount_staff, missing=current,previous",Provide monthly headcount for both the event month and previous month before using event-delta allocation.
action,1412000058,202610,headcount_event_delta,"Missing complete monthly headcount driver for event-delta allocation: cc=1412000058, month=202610, previous_month=202609, category=headcount_staff, missing=current,previous",Provide monthly headcount for both the event month and previous month before using event-delta allocation.
action,1412000042,202610,headcount_event_delta,"Missing complete monthly headcount driver for event-delta allocation: cc=1412000042, month=202610, previous_month=202609, category=headcount_staff, missing=current,previous",Provide monthly headcount for both the event month and previous month before using event-delta allocation.
action,1412000021,202610,headcount_event_delta,"Missing complete monthly headcount driver for event-delta allocation: cc=1412000021, month=202610, previous_month=202609, category=headcount_staff, missing=current,previous",Provide monthly headcount for both the event month and previous month before using event-delta allocation.
action,1412000022,202610,headcount_event_delta,"Missing complete monthly headcount driver for event-delta allocation: cc=1412000022, month=202610, previous_month=202609, category=headcount_staff, missing=current,previous",Provide monthly headcount for both the event month and previous month before using event-delta allocation.
action,1412000024,202610,headcount_event_delta,"Missing complete monthly headcount driver for event-delta allocation: cc=1412000024, month=202610, previous_month=202609, category=headcount_staff, missing=current,previous",Provide monthly headcount for both the event month and previous month before using event-delta allocation.
action,1412000025,202610,headcount_event_delta,"Missing complete monthly headcount driver for event-delta allocation: cc=1412000025, month=202610, previous_month=202609, category=headcount_staff, missing=current,previous",Provide monthly headcount for both the event month and previous month before using event-delta allocation.
action,1412000026,202610,headcount_event_delta,"Missing complete monthly headcount driver for event-delta allocation: cc=1412000026, month=202610, previous_month=202609, category=headcount_staff, missing=current,previous",Provide monthly headcount for both the event month and previous month before using event-delta allocation.
action,1412000028,202610,headcount_event_delta,"Missing complete monthly headcount driver for event-delta allocation: cc=1412000028, month=202610, previous_month=202609, category=headcount_staff, missing=current,previous",Provide monthly headcount for both the event month and previous month before using event-delta allocation.
action,1412000029,202610,headcount_event_delta,"Missing complete monthly headcount driver for event-delta allocation: cc=1412000029, month=202610, previous_month=202609, category=headcount_staff, missing=current,previous",Provide monthly headcount for both the event month and previous month before using event-delta allocation.
action,1412000030,202610,headcount_event_delta,"Missing complete monthly headcount driver for event-delta allocation: cc=1412000030, month=202610, previous_month=202609, category=headcount_staff, missing=current,previous",Provide monthly headcount for both the event month and previous month before using event-delta allocation.
action,1412000086,202610,headcount_event_delta,"Missing complete monthly headcount driver for event-delta allocation: cc=1412000086, month=202610, previous_month=202609, category=headcount_staff, missing=current,previous",Provide monthly headcount for both the event month and previous month before using event-delta allocation.
action,1412000063,202610,headcount_event_delta,"Missing complete monthly headcount driver for event-delta allocation: cc=1412000063, month=202610, previous_month=202609, category=headcount_staff, missing=current,previous",Provide monthly headcount for both the event month and previous month before using event-delta allocation.
action,1412000066,202610,headcount_event_delta,"Missing complete monthly headcount driver for event-delta allocation: cc=1412000066, month=202610, previous_month=202609, category=headcount_staff, missing=current,previous",Provide monthly headcount for both the event month and previous month before using event-delta allocation.
action,1412000035,202610,headcount_event_delta,"Missing complete monthly headcount driver for event-delta allocation: cc=1412000035, month=202610, previous_month=202609, category=headcount_staff, missing=current,previous",Provide monthly headcount for both the event month and previous month before using event-delta allocation.
action,1412000016,202610,headcount_event_delta,"Missing complete monthly headcount driver for event-delta allocation: cc=1412000016, month=202610, previous_month=202609, category=headcount_staff, missing=current,previous",Provide monthly headcount for both the event month and previous month before using event-delta allocation.
action,1412000069,202610,headcount_event_delta,"Missing complete monthly headcount driver for event-delta allocation: cc=1412000069, month=202610, previous_month=202609, category=headcount_staff, missing=current,previous",Provide monthly headcount for both the event month and previous month before using event-delta allocation.
action,1412000070,202610,headcount_event_delta,"Missing complete monthly headcount driver for event-delta allocation: cc=1412000070, month=202610, previous_month=202609, category=headcount_staff, missing=current,previous",Provide monthly headcount for both the event month and previous month before using event-delta allocation.
action,1412000072,202610,headcount_event_delta,"Missing complete monthly headcount driver for event-delta allocation: cc=1412000072, month=202610, previous_month=202609, category=headcount_staff, missing=current,previous",Provide monthly headcount for both the event month and previous month before using event-delta allocation.
action,1412000073,202610,headcount_event_delta,"Missing complete monthly headcount driver for event-delta allocation: cc=1412000073, month=202610, previous_month=202609, category=headcount_staff, missing=current,previous",Provide monthly headcount for both the event month and previous month before using event-delta allocation.
action,1412000104,202610,headcount_event_delta,"Missing complete monthly headcount driver for event-delta allocation: cc=1412000104, month=202610, previous_month=202609, category=headcount_staff, missing=current,previous",Provide monthly headcount for both the event month and previous month before using event-delta allocation.
action,1412000057,202610,headcount_event_delta,"Missing complete monthly headcount driver for event-delta allocation: cc=1412000057, month=202610, previous_month=202609, category=headcount_staff, missing=current,previous",Provide monthly headcount for both the event month and previous month before using event-delta allocation.
action,1412000078,202610,headcount_event_delta,"Missing complete monthly headcount driver for event-delta allocation: cc=1412000078, month=202610, previous_month=202609, category=headcount_staff, missing=current,previous",Provide monthly headcount for both the event month and previous month before using event-delta allocation.
action,1412C00001,202610,headcount_event_delta,"Missing complete monthly headcount driver for event-delta allocation: cc=1412C00001, month=202610, previous_month=202609, category=headcount_staff, missing=current,previous",Provide monthly headcount for both the event month and previous month before using event-delta allocation.
action,1412000081,202610,headcount_event_delta,"Missing complete monthly headcount driver for event-delta allocation: cc=1412000081, month=202610, previous_month=202609, category=headcount_staff, missing=current,previous",Provide monthly headcount for both the event month and previous month before using event-delta allocation.
action,1412000083,202610,headcount_event_delta,"Missing complete monthly headcount driver for event-delta allocation: cc=1412000083, month=202610, previous_month=202609, category=headcount_staff, missing=current,previous",Provide monthly headcount for both the event month and previous month before using event-delta allocation.
action,1412000084,202610,headcount_event_delta,"Missing complete monthly headcount driver for event-delta allocation: cc=1412000084, month=202610, previous_month=202609, category=headcount_staff, missing=current,previous",Provide monthly headcount for both the event month and previous month before using event-delta allocation.
action,1412000087,202610,headcount_event_delta,"Missing complete monthly headcount driver for event-delta allocation: cc=1412000087, month=202610, previous_month=202609, category=headcount_staff, missing=current,previous",Provide monthly headcount for both the event month and previous month before using event-delta allocation.
action,1412000088,202610,headcount_event_delta,"Missing complete monthly headcount driver for event-delta allocation: cc=1412000088, month=202610, previous_month=202609, category=headcount_staff, missing=current,previous",Provide monthly headcount for both the event month and previous month before using event-delta allocation.
action,1412000091,202610,headcount_event_delta,"Missing complete monthly headcount driver for event-delta allocation: cc=1412000091, month=202610, previous_month=202609, category=headcount_staff, missing=current,previous",Provide monthly headcount for both the event month and previous month before using event-delta allocation.
action,1412000092,202610,headcount_event_delta,"Missing complete monthly headcount driver for event-delta allocation: cc=1412000092, month=202610, previous_month=202609, category=headcount_staff, missing=current,previous",Provide monthly headcount for both the event month and previous month before using event-delta allocation.
action,1412000093,202610,headcount_event_delta,"Missing complete monthly headcount driver for event-delta allocation: cc=1412000093, month=202610, previous_month=202609, category=headcount_staff, missing=current,previous",Provide monthly headcount for both the event month and previous month before using event-delta allocation.
action,1412000094,202610,headcount_event_delta,"Missing complete monthly headcount driver for event-delta allocation: cc=1412000094, month=202610, previous_month=202609, category=headcount_staff, missing=current,previous",Provide monthly headcount for both the event month and previous month before using event-delta allocation.
action,1412000096,202610,headcount_event_delta,"Missing complete monthly headcount driver for event-delta allocation: cc=1412000096, month=202610, previous_month=202609, category=headcount_staff, missing=current,previous",Provide monthly headcount for both the event month and previous month before using event-delta allocation.
action,1412000098,202610,headcount_event_delta,"Missing complete monthly headcount driver for event-delta allocation: cc=1412000098, month=202610, previous_month=202609, category=headcount_staff, missing=current,previous",Provide monthly headcount for both the event month and previous month before using event-delta allocation.
action,1412000099,202610,headcount_event_delta,"Missing complete monthly headcount driver for event-delta allocation: cc=1412000099, month=202610, previous_month=202609, category=headcount_staff, missing=current,previous",Provide monthly headcount for both the event month and previous month before using event-delta allocation.
action,1412000101,202610,headcount_event_delta,"Missing complete monthly headcount driver for event-delta allocation: cc=1412000101, month=202610, previous_month=202609, category=headcount_staff, missing=current,previous",Provide monthly headcount for both the event month and previous month before using event-delta allocation.
action,1412000100,202610,headcount_event_delta,"Missing complete monthly headcount driver for event-delta allocation: cc=1412000100, month=202610, previous_month=202609, category=headcount_staff, missing=current,previous",Provide monthly headcount for both the event month and previous month before using event-delta allocation.
action,1412000103,202610,headcount_event_delta,"Missing complete monthly headcount driver for event-delta allocation: cc=1412000103, month=202610, previous_month=202609, category=headcount_staff, missing=current,previous",Provide monthly headcount for both the event month and previous month before using event-delta allocation.
action,1412000105,202610,headcount_event_delta,"Missing complete monthly headcount driver for event-delta allocation: cc=1412000105, month=202610, previous_month=202609, category=headcount_staff, missing=current,previous",Provide monthly headcount for both the event month and previous month before using event-delta allocation.
action,1412000075,202610,headcount_event_delta,"Missing complete monthly headcount driver for event-delta allocation: cc=1412000075, month=202610, previous_month=202609, category=headcount_staff, missing=current,previous",Provide monthly headcount for both the event month and previous month before using event-delta allocation.
action,1412000106,202610,headcount_event_delta,"Missing complete monthly headcount driver for event-delta allocation: cc=1412000106, month=202610, previous_month=202609, category=headcount_staff, missing=current,previous",Provide monthly headcount for both the event month and previous month before using event-delta allocation.
action,1412000039,202610,headcount_event_delta,"Missing complete monthly headcount driver for event-delta allocation: cc=1412000039, month=202610, previous_month=202609, category=headcount_staff, missing=current,previous",Provide monthly headcount for both the event month and previous month before using event-delta allocation.
action,1412000108,202610,headcount_event_delta,"Missing complete monthly headcount driver for event-delta allocation: cc=1412000108, month=202610, previous_month=202609, category=headcount_staff, missing=current,previous",Provide monthly headcount for both the event month and previous month before using event-delta allocation.
action,1412000005,202611,headcount_event_delta,"Missing complete monthly headcount driver for event-delta allocation: cc=1412000005, month=202611, previous_month=202610, category=headcount_staff, missing=current,previous",Provide monthly headcount for both the event month and previous month before using event-delta allocation.
action,1412000062,202611,headcount_event_delta,"Missing complete monthly headcount driver for event-delta allocation: cc=1412000062, month=202611, previous_month=202610, category=headcount_staff, missing=current,previous",Provide monthly headcount for both the event month and previous month before using event-delta allocation.
action,1412000034,202611,headcount_event_delta,"Missing complete monthly headcount driver for event-delta allocation: cc=1412000034, month=202611, previous_month=202610, category=headcount_staff, missing=current,previous",Provide monthly headcount for both the event month and previous month before using event-delta allocation.
action,1412000048,202611,headcount_event_delta,"Missing complete monthly headcount driver for event-delta allocation: cc=1412000048, month=202611, previous_month=202610, category=headcount_staff, missing=current,previous",Provide monthly headcount for both the event month and previous month before using event-delta allocation.
action,1412000055,202611,headcount_event_delta,"Missing complete monthly headcount driver for event-delta allocation: cc=1412000055, month=202611, previous_month=202610, category=headcount_staff, missing=current,previous",Provide monthly headcount for both the event month and previous month before using event-delta allocation.
action,1412000050,202611,headcount_event_delta,"Missing complete monthly headcount driver for event-delta allocation: cc=1412000050, month=202611, previous_month=202610, category=headcount_staff, missing=current,previous",Provide monthly headcount for both the event month and previous month before using event-delta allocation.
action,1412000077,202611,headcount_event_delta,"Missing complete monthly headcount driver for event-delta allocation: cc=1412000077, month=202611, previous_month=202610, category=headcount_staff, missing=current,previous",Provide monthly headcount for both the event month and previous month before using event-delta allocation.
action,1412000053,202611,headcount_event_delta,"Missing complete monthly headcount driver for event-delta allocation: cc=1412000053, month=202611, previous_month=202610, category=headcount_staff, missing=current,previous",Provide monthly headcount for both the event month and previous month before using event-delta allocation.
action,1412000008,202611,headcount_event_delta,"Missing complete monthly headcount driver for event-delta allocation: cc=1412000008, month=202611, previous_month=202610, category=headcount_staff, missing=current,previous",Provide monthly headcount for both the event month and previous month before using event-delta allocation.
action,1412000010,202611,headcount_event_delta,"Missing complete monthly headcount driver for event-delta allocation: cc=1412000010, month=202611, previous_month=202610, category=headcount_staff, missing=current,previous",Provide monthly headcount for both the event month and previous month before using event-delta allocation.
action,1412000054,202611,headcount_event_delta,"Missing complete monthly headcount driver for event-delta allocation: cc=1412000054, month=202611, previous_month=202610, category=headcount_staff, missing=current,previous",Provide monthly headcount for both the event month and previous month before using event-delta allocation.
action,1412000036,202611,headcount_event_delta,"Missing complete monthly headcount driver for event-delta allocation: cc=1412000036, month=202611, previous_month=202610, category=headcount_staff, missing=current,previous",Provide monthly headcount for both the event month and previous month before using event-delta allocation.
action,1412000089,202611,headcount_event_delta,"Missing complete monthly headcount driver for event-delta allocation: cc=1412000089, month=202611, previous_month=202610, category=headcount_staff, missing=current,previous",Provide monthly headcount for both the event month and previous month before using event-delta allocation.
action,1412000013,202611,headcount_event_delta,"Missing complete monthly headcount driver for event-delta allocation: cc=1412000013, month=202611, previous_month=202610, category=headcount_staff, missing=current,previous",Provide monthly headcount for both the event month and previous month before using event-delta allocation.
action,1412000080,202611,headcount_event_delta,"Missing complete monthly headcount driver for event-delta allocation: cc=1412000080, month=202611, previous_month=202610, category=headcount_staff, missing=current,previous",Provide monthly headcount for both the event month and previous month before using event-delta allocation.
action,1412000044,202611,headcount_event_delta,"Missing complete monthly headcount driver for event-delta allocation: cc=1412000044, month=202611, previous_month=202610, category=headcount_staff, missing=current,previous",Provide monthly headcount for both the event month and previous month before using event-delta allocation.
action,1412000056,202611,headcount_event_delta,"Missing complete monthly headcount driver for event-delta allocation: cc=1412000056, month=202611, previous_month=202610, category=headcount_staff, missing=current,previous",Provide monthly headcount for both the event month and previous month before using event-delta allocation.
action,1412000018,202611,headcount_event_delta,"Missing complete monthly headcount driver for event-delta allocation: cc=1412000018, month=202611, previous_month=202610, category=headcount_staff, missing=current,previous",Provide monthly headcount for both the event month and previous month before using event-delta allocation.
action,1412000019,202611,headcount_event_delta,"Missing complete monthly headcount driver for event-delta allocation: cc=1412000019, month=202611, previous_month=202610, category=headcount_staff, missing=current,previous",Provide monthly headcount for both the event month and previous month before using event-delta allocation.
action,1412000058,202611,headcount_event_delta,"Missing complete monthly headcount driver for event-delta allocation: cc=1412000058, month=202611, previous_month=202610, category=headcount_staff, missing=current,previous",Provide monthly headcount for both the event month and previous month before using event-delta allocation.
action,1412000042,202611,headcount_event_delta,"Missing complete monthly headcount driver for event-delta allocation: cc=1412000042, month=202611, previous_month=202610, category=headcount_staff, missing=current,previous",Provide monthly headcount for both the event month and previous month before using event-delta allocation.
action,1412000021,202611,headcount_event_delta,"Missing complete monthly headcount driver for event-delta allocation: cc=1412000021, month=202611, previous_month=202610, category=headcount_staff, missing=current,previous",Provide monthly headcount for both the event month and previous month before using event-delta allocation.
action,1412000022,202611,headcount_event_delta,"Missing complete monthly headcount driver for event-delta allocation: cc=1412000022, month=202611, previous_month=202610, category=headcount_staff, missing=current,previous",Provide monthly headcount for both the event month and previous month before using event-delta allocation.
action,1412000024,202611,headcount_event_delta,"Missing complete monthly headcount driver for event-delta allocation: cc=1412000024, month=202611, previous_month=202610, category=headcount_staff, missing=current,previous",Provide monthly headcount for both the event month and previous month before using event-delta allocation.
action,1412000025,202611,headcount_event_delta,"Missing complete monthly headcount driver for event-delta allocation: cc=1412000025, month=202611, previous_month=202610, category=headcount_staff, missing=current,previous",Provide monthly headcount for both the event month and previous month before using event-delta allocation.
action,1412000026,202611,headcount_event_delta,"Missing complete monthly headcount driver for event-delta allocation: cc=1412000026, month=202611, previous_month=202610, category=headcount_staff, missing=current,previous",Provide monthly headcount for both the event month and previous month before using event-delta allocation.
action,1412000028,202611,headcount_event_delta,"Missing complete monthly headcount driver for event-delta allocation: cc=1412000028, month=202611, previous_month=202610, category=headcount_staff, missing=current,previous",Provide monthly headcount for both the event month and previous month before using event-delta allocation.
action,1412000029,202611,headcount_event_delta,"Missing complete monthly headcount driver for event-delta allocation: cc=1412000029, month=202611, previous_month=202610, category=headcount_staff, missing=current,previous",Provide monthly headcount for both the event month and previous month before using event-delta allocation.
action,1412000030,202611,headcount_event_delta,"Missing complete monthly headcount driver for event-delta allocation: cc=1412000030, month=202611, previous_month=202610, category=headcount_staff, missing=current,previous",Provide monthly headcount for both the event month and previous month before using event-delta allocation.
action,1412000086,202611,headcount_event_delta,"Missing complete monthly headcount driver for event-delta allocation: cc=1412000086, month=202611, previous_month=202610, category=headcount_staff, missing=current,previous",Provide monthly headcount for both the event month and previous month before using event-delta allocation.
action,1412000063,202611,headcount_event_delta,"Missing complete monthly headcount driver for event-delta allocation: cc=1412000063, month=202611, previous_month=202610, category=headcount_staff, missing=current,previous",Provide monthly headcount for both the event month and previous month before using event-delta allocation.
action,1412000066,202611,headcount_event_delta,"Missing complete monthly headcount driver for event-delta allocation: cc=1412000066, month=202611, previous_month=202610, category=headcount_staff, missing=current,previous",Provide monthly headcount for both the event month and previous month before using event-delta allocation.
action,1412000035,202611,headcount_event_delta,"Missing complete monthly headcount driver for event-delta allocation: cc=1412000035, month=202611, previous_month=202610, category=headcount_staff, missing=current,previous",Provide monthly headcount for both the event month and previous month before using event-delta allocation.
action,1412000016,202611,headcount_event_delta,"Missing complete monthly headcount driver for event-delta allocation: cc=1412000016, month=202611, previous_month=202610, category=headcount_staff, missing=current,previous",Provide monthly headcount for both the event month and previous month before using event-delta allocation.
action,1412000069,202611,headcount_event_delta,"Missing complete monthly headcount driver for event-delta allocation: cc=1412000069, month=202611, previous_month=202610, category=headcount_staff, missing=current,previous",Provide monthly headcount for both the event month and previous month before using event-delta allocation.
action,1412000070,202611,headcount_event_delta,"Missing complete monthly headcount driver for event-delta allocation: cc=1412000070, month=202611, previous_month=202610, category=headcount_staff, missing=current,previous",Provide monthly headcount for both the event month and previous month before using event-delta allocation.
action,1412000072,202611,headcount_event_delta,"Missing complete monthly headcount driver for event-delta allocation: cc=1412000072, month=202611, previous_month=202610, category=headcount_staff, missing=current,previous",Provide monthly headcount for both the event month and previous month before using event-delta allocation.
action,1412000073,202611,headcount_event_delta,"Missing complete monthly headcount driver for event-delta allocation: cc=1412000073, month=202611, previous_month=202610, category=headcount_staff, missing=current,previous",Provide monthly headcount for both the event month and previous month before using event-delta allocation.
action,1412000104,202611,headcount_event_delta,"Missing complete monthly headcount driver for event-delta allocation: cc=1412000104, month=202611, previous_month=202610, category=headcount_staff, missing=current,previous",Provide monthly headcount for both the event month and previous month before using event-delta allocation.
action,1412000057,202611,headcount_event_delta,"Missing complete monthly headcount driver for event-delta allocation: cc=1412000057, month=202611, previous_month=202610, category=headcount_staff, missing=current,previous",Provide monthly headcount for both the event month and previous month before using event-delta allocation.
action,1412000078,202611,headcount_event_delta,"Missing complete monthly headcount driver for event-delta allocation: cc=1412000078, month=202611, previous_month=202610, category=headcount_staff, missing=current,previous",Provide monthly headcount for both the event month and previous month before using event-delta allocation.
action,1412C00001,202611,headcount_event_delta,"Missing complete monthly headcount driver for event-delta allocation: cc=1412C00001, month=202611, previous_month=202610, category=headcount_staff, missing=current,previous",Provide monthly headcount for both the event month and previous month before using event-delta allocation.
action,1412000081,202611,headcount_event_delta,"Missing complete monthly headcount driver for event-delta allocation: cc=1412000081, month=202611, previous_month=202610, category=headcount_staff, missing=current,previous",Provide monthly headcount for both the event month and previous month before using event-delta allocation.
action,1412000083,202611,headcount_event_delta,"Missing complete monthly headcount driver for event-delta allocation: cc=1412000083, month=202611, previous_month=202610, category=headcount_staff, missing=current,previous",Provide monthly headcount for both the event month and previous month before using event-delta allocation.
action,1412000084,202611,headcount_event_delta,"Missing complete monthly headcount driver for event-delta allocation: cc=1412000084, month=202611, previous_month=202610, category=headcount_staff, missing=current,previous",Provide monthly headcount for both the event month and previous month before using event-delta allocation.
action,1412000087,202611,headcount_event_delta,"Missing complete monthly headcount driver for event-delta allocation: cc=1412000087, month=202611, previous_month=202610, category=headcount_staff, missing=current,previous",Provide monthly headcount for both the event month and previous month before using event-delta allocation.
action,1412000088,202611,headcount_event_delta,"Missing complete monthly headcount driver for event-delta allocation: cc=1412000088, month=202611, previous_month=202610, category=headcount_staff, missing=current,previous",Provide monthly headcount for both the event month and previous month before using event-delta allocation.
action,1412000091,202611,headcount_event_delta,"Missing complete monthly headcount driver for event-delta allocation: cc=1412000091, month=202611, previous_month=202610, category=headcount_staff, missing=current,previous",Provide monthly headcount for both the event month and previous month before using event-delta allocation.
action,1412000092,202611,headcount_event_delta,"Missing complete monthly headcount driver for event-delta allocation: cc=1412000092, month=202611, previous_month=202610, category=headcount_staff, missing=current,previous",Provide monthly headcount for both the event month and previous month before using event-delta allocation.
action,1412000093,202611,headcount_event_delta,"Missing complete monthly headcount driver for event-delta allocation: cc=1412000093, month=202611, previous_month=202610, category=headcount_staff, missing=current,previous",Provide monthly headcount for both the event month and previous month before using event-delta allocation.
action,1412000094,202611,headcount_event_delta,"Missing complete monthly headcount driver for event-delta allocation: cc=1412000094, month=202611, previous_month=202610, category=headcount_staff, missing=current,previous",Provide monthly headcount for both the event month and previous month before using event-delta allocation.
action,1412000096,202611,headcount_event_delta,"Missing complete monthly headcount driver for event-delta allocation: cc=1412000096, month=202611, previous_month=202610, category=headcount_staff, missing=current,previous",Provide monthly headcount for both the event month and previous month before using event-delta allocation.
action,1412000098,202611,headcount_event_delta,"Missing complete monthly headcount driver for event-delta allocation: cc=1412000098, month=202611, previous_month=202610, category=headcount_staff, missing=current,previous",Provide monthly headcount for both the event month and previous month before using event-delta allocation.
action,1412000099,202611,headcount_event_delta,"Missing complete monthly headcount driver for event-delta allocation: cc=1412000099, month=202611, previous_month=202610, category=headcount_staff, missing=current,previous",Provide monthly headcount for both the event month and previous month before using event-delta allocation.
action,1412000101,202611,headcount_event_delta,"Missing complete monthly headcount driver for event-delta allocation: cc=1412000101, month=202611, previous_month=202610, category=headcount_staff, missing=current,previous",Provide monthly headcount for both the event month and previous month before using event-delta allocation.
action,1412000100,202611,headcount_event_delta,"Missing complete monthly headcount driver for event-delta allocation: cc=1412000100, month=202611, previous_month=202610, category=headcount_staff, missing=current,previous",Provide monthly headcount for both the event month and previous month before using event-delta allocation.
action,1412000103,202611,headcount_event_delta,"Missing complete monthly headcount driver for event-delta allocation: cc=1412000103, month=202611, previous_month=202610, category=headcount_staff, missing=current,previous",Provide monthly headcount for both the event month and previous month before using event-delta allocation.
action,1412000105,202611,headcount_event_delta,"Missing complete monthly headcount driver for event-delta allocation: cc=1412000105, month=202611, previous_month=202610, category=headcount_staff, missing=current,previous",Provide monthly headcount for both the event month and previous month before using event-delta allocation.
action,1412000075,202611,headcount_event_delta,"Missing complete monthly headcount driver for event-delta allocation: cc=1412000075, month=202611, previous_month=202610, category=headcount_staff, missing=current,previous",Provide monthly headcount for both the event month and previous month before using event-delta allocation.
action,1412000106,202611,headcount_event_delta,"Missing complete monthly headcount driver for event-delta allocation: cc=1412000106, month=202611, previous_month=202610, category=headcount_staff, missing=current,previous",Provide monthly headcount for both the event month and previous month before using event-delta allocation.
action,1412000039,202611,headcount_event_delta,"Missing complete monthly headcount driver for event-delta allocation: cc=1412000039, month=202611, previous_month=202610, category=headcount_staff, missing=current,previous",Provide monthly headcount for both the event month and previous month before using event-delta allocation.
action,1412000108,202611,headcount_event_delta,"Missing complete monthly headcount driver for event-delta allocation: cc=1412000108, month=202611, previous_month=202610, category=headcount_staff, missing=current,previous",Provide monthly headcount for both the event month and previous month before using event-delta allocation.
action,1412000005,202612,headcount_event_delta,"Missing complete monthly headcount driver for event-delta allocation: cc=1412000005, month=202612, previous_month=202611, category=headcount_staff, missing=current,previous",Provide monthly headcount for both the event month and previous month before using event-delta allocation.
action,1412000062,202612,headcount_event_delta,"Missing complete monthly headcount driver for event-delta allocation: cc=1412000062, month=202612, previous_month=202611, category=headcount_staff, missing=current,previous",Provide monthly headcount for both the event month and previous month before using event-delta allocation.
action,1412000034,202612,headcount_event_delta,"Missing complete monthly headcount driver for event-delta allocation: cc=1412000034, month=202612, previous_month=202611, category=headcount_staff, missing=current,previous",Provide monthly headcount for both the event month and previous month before using event-delta allocation.
action,1412000048,202612,headcount_event_delta,"Missing complete monthly headcount driver for event-delta allocation: cc=1412000048, month=202612, previous_month=202611, category=headcount_staff, missing=current,previous",Provide monthly headcount for both the event month and previous month before using event-delta allocation.
action,1412000055,202612,headcount_event_delta,"Missing complete monthly headcount driver for event-delta allocation: cc=1412000055, month=202612, previous_month=202611, category=headcount_staff, missing=current,previous",Provide monthly headcount for both the event month and previous month before using event-delta allocation.
action,1412000050,202612,headcount_event_delta,"Missing complete monthly headcount driver for event-delta allocation: cc=1412000050, month=202612, previous_month=202611, category=headcount_staff, missing=current,previous",Provide monthly headcount for both the event month and previous month before using event-delta allocation.
action,1412000077,202612,headcount_event_delta,"Missing complete monthly headcount driver for event-delta allocation: cc=1412000077, month=202612, previous_month=202611, category=headcount_staff, missing=current,previous",Provide monthly headcount for both the event month and previous month before using event-delta allocation.
action,1412000053,202612,headcount_event_delta,"Missing complete monthly headcount driver for event-delta allocation: cc=1412000053, month=202612, previous_month=202611, category=headcount_staff, missing=current,previous",Provide monthly headcount for both the event month and previous month before using event-delta allocation.
action,1412000008,202612,headcount_event_delta,"Missing complete monthly headcount driver for event-delta allocation: cc=1412000008, month=202612, previous_month=202611, category=headcount_staff, missing=current,previous",Provide monthly headcount for both the event month and previous month before using event-delta allocation.
action,1412000010,202612,headcount_event_delta,"Missing complete monthly headcount driver for event-delta allocation: cc=1412000010, month=202612, previous_month=202611, category=headcount_staff, missing=current,previous",Provide monthly headcount for both the event month and previous month before using event-delta allocation.
action,1412000054,202612,headcount_event_delta,"Missing complete monthly headcount driver for event-delta allocation: cc=1412000054, month=202612, previous_month=202611, category=headcount_staff, missing=current,previous",Provide monthly headcount for both the event month and previous month before using event-delta allocation.
action,1412000036,202612,headcount_event_delta,"Missing complete monthly headcount driver for event-delta allocation: cc=1412000036, month=202612, previous_month=202611, category=headcount_staff, missing=current,previous",Provide monthly headcount for both the event month and previous month before using event-delta allocation.
action,1412000089,202612,headcount_event_delta,"Missing complete monthly headcount driver for event-delta allocation: cc=1412000089, month=202612, previous_month=202611, category=headcount_staff, missing=current,previous",Provide monthly headcount for both the event month and previous month before using event-delta allocation.
action,1412000013,202612,headcount_event_delta,"Missing complete monthly headcount driver for event-delta allocation: cc=1412000013, month=202612, previous_month=202611, category=headcount_staff, missing=current,previous",Provide monthly headcount for both the event month and previous month before using event-delta allocation.
action,1412000080,202612,headcount_event_delta,"Missing complete monthly headcount driver for event-delta allocation: cc=1412000080, month=202612, previous_month=202611, category=headcount_staff, missing=current,previous",Provide monthly headcount for both the event month and previous month before using event-delta allocation.
action,1412000044,202612,headcount_event_delta,"Missing complete monthly headcount driver for event-delta allocation: cc=1412000044, month=202612, previous_month=202611, category=headcount_staff, missing=current,previous",Provide monthly headcount for both the event month and previous month before using event-delta allocation.
action,1412000056,202612,headcount_event_delta,"Missing complete monthly headcount driver for event-delta allocation: cc=1412000056, month=202612, previous_month=202611, category=headcount_staff, missing=current,previous",Provide monthly headcount for both the event month and previous month before using event-delta allocation.
action,1412000018,202612,headcount_event_delta,"Missing complete monthly headcount driver for event-delta allocation: cc=1412000018, month=202612, previous_month=202611, category=headcount_staff, missing=current,previous",Provide monthly headcount for both the event month and previous month before using event-delta allocation.
action,1412000019,202612,headcount_event_delta,"Missing complete monthly headcount driver for event-delta allocation: cc=1412000019, month=202612, previous_month=202611, category=headcount_staff, missing=current,previous",Provide monthly headcount for both the event month and previous month before using event-delta allocation.
action,1412000058,202612,headcount_event_delta,"Missing complete monthly headcount driver for event-delta allocation: cc=1412000058, month=202612, previous_month=202611, category=headcount_staff, missing=current,previous",Provide monthly headcount for both the event month and previous month before using event-delta allocation.
action,1412000042,202612,headcount_event_delta,"Missing complete monthly headcount driver for event-delta allocation: cc=1412000042, month=202612, previous_month=202611, category=headcount_staff, missing=current,previous",Provide monthly headcount for both the event month and previous month before using event-delta allocation.
action,1412000021,202612,headcount_event_delta,"Missing complete monthly headcount driver for event-delta allocation: cc=1412000021, month=202612, previous_month=202611, category=headcount_staff, missing=current,previous",Provide monthly headcount for both the event month and previous month before using event-delta allocation.
action,1412000022,202612,headcount_event_delta,"Missing complete monthly headcount driver for event-delta allocation: cc=1412000022, month=202612, previous_month=202611, category=headcount_staff, missing=current,previous",Provide monthly headcount for both the event month and previous month before using event-delta allocation.
action,1412000024,202612,headcount_event_delta,"Missing complete monthly headcount driver for event-delta allocation: cc=1412000024, month=202612, previous_month=202611, category=headcount_staff, missing=current,previous",Provide monthly headcount for both the event month and previous month before using event-delta allocation.
action,1412000025,202612,headcount_event_delta,"Missing complete monthly headcount driver for event-delta allocation: cc=1412000025, month=202612, previous_month=202611, category=headcount_staff, missing=current,previous",Provide monthly headcount for both the event month and previous month before using event-delta allocation.
action,1412000026,202612,headcount_event_delta,"Missing complete monthly headcount driver for event-delta allocation: cc=1412000026, month=202612, previous_month=202611, category=headcount_staff, missing=current,previous",Provide monthly headcount for both the event month and previous month before using event-delta allocation.
action,1412000028,202612,headcount_event_delta,"Missing complete monthly headcount driver for event-delta allocation: cc=1412000028, month=202612, previous_month=202611, category=headcount_staff, missing=current,previous",Provide monthly headcount for both the event month and previous month before using event-delta allocation.
action,1412000029,202612,headcount_event_delta,"Missing complete monthly headcount driver for event-delta allocation: cc=1412000029, month=202612, previous_month=202611, category=headcount_staff, missing=current,previous",Provide monthly headcount for both the event month and previous month before using event-delta allocation.
action,1412000030,202612,headcount_event_delta,"Missing complete monthly headcount driver for event-delta allocation: cc=1412000030, month=202612, previous_month=202611, category=headcount_staff, missing=current,previous",Provide monthly headcount for both the event month and previous month before using event-delta allocation.
action,1412000086,202612,headcount_event_delta,"Missing complete monthly headcount driver for event-delta allocation: cc=1412000086, month=202612, previous_month=202611, category=headcount_staff, missing=current,previous",Provide monthly headcount for both the event month and previous month before using event-delta allocation.
action,1412000063,202612,headcount_event_delta,"Missing complete monthly headcount driver for event-delta allocation: cc=1412000063, month=202612, previous_month=202611, category=headcount_staff, missing=current,previous",Provide monthly headcount for both the event month and previous month before using event-delta allocation.
action,1412000066,202612,headcount_event_delta,"Missing complete monthly headcount driver for event-delta allocation: cc=1412000066, month=202612, previous_month=202611, category=headcount_staff, missing=current,previous",Provide monthly headcount for both the event month and previous month before using event-delta allocation.
action,1412000035,202612,headcount_event_delta,"Missing complete monthly headcount driver for event-delta allocation: cc=1412000035, month=202612, previous_month=202611, category=headcount_staff, missing=current,previous",Provide monthly headcount for both the event month and previous month before using event-delta allocation.
action,1412000016,202612,headcount_event_delta,"Missing complete monthly headcount driver for event-delta allocation: cc=1412000016, month=202612, previous_month=202611, category=headcount_staff, missing=current,previous",Provide monthly headcount for both the event month and previous month before using event-delta allocation.
action,1412000069,202612,headcount_event_delta,"Missing complete monthly headcount driver for event-delta allocation: cc=1412000069, month=202612, previous_month=202611, category=headcount_staff, missing=current,previous",Provide monthly headcount for both the event month and previous month before using event-delta allocation.
action,1412000070,202612,headcount_event_delta,"Missing complete monthly headcount driver for event-delta allocation: cc=1412000070, month=202612, previous_month=202611, category=headcount_staff, missing=current,previous",Provide monthly headcount for both the event month and previous month before using event-delta allocation.
action,1412000072,202612,headcount_event_delta,"Missing complete monthly headcount driver for event-delta allocation: cc=1412000072, month=202612, previous_month=202611, category=headcount_staff, missing=current,previous",Provide monthly headcount for both the event month and previous month before using event-delta allocation.
action,1412000073,202612,headcount_event_delta,"Missing complete monthly headcount driver for event-delta allocation: cc=1412000073, month=202612, previous_month=202611, category=headcount_staff, missing=current,previous",Provide monthly headcount for both the event month and previous month before using event-delta allocation.
action,1412000104,202612,headcount_event_delta,"Missing complete monthly headcount driver for event-delta allocation: cc=1412000104, month=202612, previous_month=202611, category=headcount_staff, missing=current,previous",Provide monthly headcount for both the event month and previous month before using event-delta allocation.
action,1412000057,202612,headcount_event_delta,"Missing complete monthly headcount driver for event-delta allocation: cc=1412000057, month=202612, previous_month=202611, category=headcount_staff, missing=current,previous",Provide monthly headcount for both the event month and previous month before using event-delta allocation.
action,1412000078,202612,headcount_event_delta,"Missing complete monthly headcount driver for event-delta allocation: cc=1412000078, month=202612, previous_month=202611, category=headcount_staff, missing=current,previous",Provide monthly headcount for both the event month and previous month before using event-delta allocation.
action,1412C00001,202612,headcount_event_delta,"Missing complete monthly headcount driver for event-delta allocation: cc=1412C00001, month=202612, previous_month=202611, category=headcount_staff, missing=current,previous",Provide monthly headcount for both the event month and previous month before using event-delta allocation.
action,1412000081,202612,headcount_event_delta,"Missing complete monthly headcount driver for event-delta allocation: cc=1412000081, month=202612, previous_month=202611, category=headcount_staff, missing=current,previous",Provide monthly headcount for both the event month and previous month before using event-delta allocation.
action,1412000083,202612,headcount_event_delta,"Missing complete monthly headcount driver for event-delta allocation: cc=1412000083, month=202612, previous_month=202611, category=headcount_staff, missing=current,previous",Provide monthly headcount for both the event month and previous month before using event-delta allocation.
action,1412000084,202612,headcount_event_delta,"Missing complete monthly headcount driver for event-delta allocation: cc=1412000084, month=202612, previous_month=202611, category=headcount_staff, missing=current,previous",Provide monthly headcount for both the event month and previous month before using event-delta allocation.
action,1412000087,202612,headcount_event_delta,"Missing complete monthly headcount driver for event-delta allocation: cc=1412000087, month=202612, previous_month=202611, category=headcount_staff, missing=current,previous",Provide monthly headcount for both the event month and previous month before using event-delta allocation.
action,1412000088,202612,headcount_event_delta,"Missing complete monthly headcount driver for event-delta allocation: cc=1412000088, month=202612, previous_month=202611, category=headcount_staff, missing=current,previous",Provide monthly headcount for both the event month and previous month before using event-delta allocation.
action,1412000091,202612,headcount_event_delta,"Missing complete monthly headcount driver for event-delta allocation: cc=1412000091, month=202612, previous_month=202611, category=headcount_staff, missing=current,previous",Provide monthly headcount for both the event month and previous month before using event-delta allocation.
action,1412000092,202612,headcount_event_delta,"Missing complete monthly headcount driver for event-delta allocation: cc=1412000092, month=202612, previous_month=202611, category=headcount_staff, missing=current,previous",Provide monthly headcount for both the event month and previous month before using event-delta allocation.
action,1412000093,202612,headcount_event_delta,"Missing complete monthly headcount driver for event-delta allocation: cc=1412000093, month=202612, previous_month=202611, category=headcount_staff, missing=current,previous",Provide monthly headcount for both the event month and previous month before using event-delta allocation.
action,1412000094,202612,headcount_event_delta,"Missing complete monthly headcount driver for event-delta allocation: cc=1412000094, month=202612, previous_month=202611, category=headcount_staff, missing=current,previous",Provide monthly headcount for both the event month and previous month before using event-delta allocation.
action,1412000096,202612,headcount_event_delta,"Missing complete monthly headcount driver for event-delta allocation: cc=1412000096, month=202612, previous_month=202611, category=headcount_staff, missing=current,previous",Provide monthly headcount for both the event month and previous month before using event-delta allocation.
action,1412000098,202612,headcount_event_delta,"Missing complete monthly headcount driver for event-delta allocation: cc=1412000098, month=202612, previous_month=202611, category=headcount_staff, missing=current,previous",Provide monthly headcount for both the event month and previous month before using event-delta allocation.
action,1412000099,202612,headcount_event_delta,"Missing complete monthly headcount driver for event-delta allocation: cc=1412000099, month=202612, previous_month=202611, category=headcount_staff, missing=current,previous",Provide monthly headcount for both the event month and previous month before using event-delta allocation.
action,1412000101,202612,headcount_event_delta,"Missing complete monthly headcount driver for event-delta allocation: cc=1412000101, month=202612, previous_month=202611, category=headcount_staff, missing=current,previous",Provide monthly headcount for both the event month and previous month before using event-delta allocation.
action,1412000100,202612,headcount_event_delta,"Missing complete monthly headcount driver for event-delta allocation: cc=1412000100, month=202612, previous_month=202611, category=headcount_staff, missing=current,previous",Provide monthly headcount for both the event month and previous month before using event-delta allocation.
action,1412000103,202612,headcount_event_delta,"Missing complete monthly headcount driver for event-delta allocation: cc=1412000103, month=202612, previous_month=202611, category=headcount_staff, missing=current,previous",Provide monthly headcount for both the event month and previous month before using event-delta allocation.
action,1412000105,202612,headcount_event_delta,"Missing complete monthly headcount driver for event-delta allocation: cc=1412000105, month=202612, previous_month=202611, category=headcount_staff, missing=current,previous",Provide monthly headcount for both the event month and previous month before using event-delta allocation.
action,1412000075,202612,headcount_event_delta,"Missing complete monthly headcount driver for event-delta allocation: cc=1412000075, month=202612, previous_month=202611, category=headcount_staff, missing=current,previous",Provide monthly headcount for both the event month and previous month before using event-delta allocation.
action,1412000106,202612,headcount_event_delta,"Missing complete monthly headcount driver for event-delta allocation: cc=1412000106, month=202612, previous_month=202611, category=headcount_staff, missing=current,previous",Provide monthly headcount for both the event month and previous month before using event-delta allocation.
action,1412000039,202612,headcount_event_delta,"Missing complete monthly headcount driver for event-delta allocation: cc=1412000039, month=202612, previous_month=202611, category=headcount_staff, missing=current,previous",Provide monthly headcount for both the event month and previous month before using event-delta allocation.
action,1412000108,202612,headcount_event_delta,"Missing complete monthly headcount driver for event-delta allocation: cc=1412000108, month=202612, previous_month=202611, category=headcount_staff, missing=current,previous",Provide monthly headcount for both the event month and previous month before using event-delta allocation.
action,1412000005,202701,headcount_event_delta,"Missing complete monthly headcount driver for event-delta allocation: cc=1412000005, month=202701, previous_month=202612, category=headcount_staff, missing=current,previous",Provide monthly headcount for both the event month and previous month before using event-delta allocation.
action,1412000062,202701,headcount_event_delta,"Missing complete monthly headcount driver for event-delta allocation: cc=1412000062, month=202701, previous_month=202612, category=headcount_staff, missing=current,previous",Provide monthly headcount for both the event month and previous month before using event-delta allocation.
action,1412000034,202701,headcount_event_delta,"Missing complete monthly headcount driver for event-delta allocation: cc=1412000034, month=202701, previous_month=202612, category=headcount_staff, missing=current,previous",Provide monthly headcount for both the event month and previous month before using event-delta allocation.
action,1412000048,202701,headcount_event_delta,"Missing complete monthly headcount driver for event-delta allocation: cc=1412000048, month=202701, previous_month=202612, category=headcount_staff, missing=current,previous",Provide monthly headcount for both the event month and previous month before using event-delta allocation.
action,1412000055,202701,headcount_event_delta,"Missing complete monthly headcount driver for event-delta allocation: cc=1412000055, month=202701, previous_month=202612, category=headcount_staff, missing=current,previous",Provide monthly headcount for both the event month and previous month before using event-delta allocation.
action,1412000050,202701,headcount_event_delta,"Missing complete monthly headcount driver for event-delta allocation: cc=1412000050, month=202701, previous_month=202612, category=headcount_staff, missing=current,previous",Provide monthly headcount for both the event month and previous month before using event-delta allocation.
action,1412000077,202701,headcount_event_delta,"Missing complete monthly headcount driver for event-delta allocation: cc=1412000077, month=202701, previous_month=202612, category=headcount_staff, missing=current,previous",Provide monthly headcount for both the event month and previous month before using event-delta allocation.
action,1412000053,202701,headcount_event_delta,"Missing complete monthly headcount driver for event-delta allocation: cc=1412000053, month=202701, previous_month=202612, category=headcount_staff, missing=current,previous",Provide monthly headcount for both the event month and previous month before using event-delta allocation.
action,1412000008,202701,headcount_event_delta,"Missing complete monthly headcount driver for event-delta allocation: cc=1412000008, month=202701, previous_month=202612, category=headcount_staff, missing=current,previous",Provide monthly headcount for both the event month and previous month before using event-delta allocation.
action,1412000010,202701,headcount_event_delta,"Missing complete monthly headcount driver for event-delta allocation: cc=1412000010, month=202701, previous_month=202612, category=headcount_staff, missing=current,previous",Provide monthly headcount for both the event month and previous month before using event-delta allocation.
action,1412000054,202701,headcount_event_delta,"Missing complete monthly headcount driver for event-delta allocation: cc=1412000054, month=202701, previous_month=202612, category=headcount_staff, missing=current,previous",Provide monthly headcount for both the event month and previous month before using event-delta allocation.
action,1412000036,202701,headcount_event_delta,"Missing complete monthly headcount driver for event-delta allocation: cc=1412000036, month=202701, previous_month=202612, category=headcount_staff, missing=current,previous",Provide monthly headcount for both the event month and previous month before using event-delta allocation.
action,1412000089,202701,headcount_event_delta,"Missing complete monthly headcount driver for event-delta allocation: cc=1412000089, month=202701, previous_month=202612, category=headcount_staff, missing=current,previous",Provide monthly headcount for both the event month and previous month before using event-delta allocation.
action,1412000013,202701,headcount_event_delta,"Missing complete monthly headcount driver for event-delta allocation: cc=1412000013, month=202701, previous_month=202612, category=headcount_staff, missing=current,previous",Provide monthly headcount for both the event month and previous month before using event-delta allocation.
action,1412000080,202701,headcount_event_delta,"Missing complete monthly headcount driver for event-delta allocation: cc=1412000080, month=202701, previous_month=202612, category=headcount_staff, missing=current,previous",Provide monthly headcount for both the event month and previous month before using event-delta allocation.
action,1412000044,202701,headcount_event_delta,"Missing complete monthly headcount driver for event-delta allocation: cc=1412000044, month=202701, previous_month=202612, category=headcount_staff, missing=current,previous",Provide monthly headcount for both the event month and previous month before using event-delta allocation.
action,1412000056,202701,headcount_event_delta,"Missing complete monthly headcount driver for event-delta allocation: cc=1412000056, month=202701, previous_month=202612, category=headcount_staff, missing=current,previous",Provide monthly headcount for both the event month and previous month before using event-delta allocation.
action,1412000018,202701,headcount_event_delta,"Missing complete monthly headcount driver for event-delta allocation: cc=1412000018, month=202701, previous_month=202612, category=headcount_staff, missing=current,previous",Provide monthly headcount for both the event month and previous month before using event-delta allocation.
action,1412000019,202701,headcount_event_delta,"Missing complete monthly headcount driver for event-delta allocation: cc=1412000019, month=202701, previous_month=202612, category=headcount_staff, missing=current,previous",Provide monthly headcount for both the event month and previous month before using event-delta allocation.
action,1412000058,202701,headcount_event_delta,"Missing complete monthly headcount driver for event-delta allocation: cc=1412000058, month=202701, previous_month=202612, category=headcount_staff, missing=current,previous",Provide monthly headcount for both the event month and previous month before using event-delta allocation.
action,1412000042,202701,headcount_event_delta,"Missing complete monthly headcount driver for event-delta allocation: cc=1412000042, month=202701, previous_month=202612, category=headcount_staff, missing=current,previous",Provide monthly headcount for both the event month and previous month before using event-delta allocation.
action,1412000021,202701,headcount_event_delta,"Missing complete monthly headcount driver for event-delta allocation: cc=1412000021, month=202701, previous_month=202612, category=headcount_staff, missing=current,previous",Provide monthly headcount for both the event month and previous month before using event-delta allocation.
action,1412000022,202701,headcount_event_delta,"Missing complete monthly headcount driver for event-delta allocation: cc=1412000022, month=202701, previous_month=202612, category=headcount_staff, missing=current,previous",Provide monthly headcount for both the event month and previous month before using event-delta allocation.
action,1412000024,202701,headcount_event_delta,"Missing complete monthly headcount driver for event-delta allocation: cc=1412000024, month=202701, previous_month=202612, category=headcount_staff, missing=current,previous",Provide monthly headcount for both the event month and previous month before using event-delta allocation.
action,1412000025,202701,headcount_event_delta,"Missing complete monthly headcount driver for event-delta allocation: cc=1412000025, month=202701, previous_month=202612, category=headcount_staff, missing=current,previous",Provide monthly headcount for both the event month and previous month before using event-delta allocation.
action,1412000026,202701,headcount_event_delta,"Missing complete monthly headcount driver for event-delta allocation: cc=1412000026, month=202701, previous_month=202612, category=headcount_staff, missing=current,previous",Provide monthly headcount for both the event month and previous month before using event-delta allocation.
action,1412000028,202701,headcount_event_delta,"Missing complete monthly headcount driver for event-delta allocation: cc=1412000028, month=202701, previous_month=202612, category=headcount_staff, missing=current,previous",Provide monthly headcount for both the event month and previous month before using event-delta allocation.
action,1412000029,202701,headcount_event_delta,"Missing complete monthly headcount driver for event-delta allocation: cc=1412000029, month=202701, previous_month=202612, category=headcount_staff, missing=current,previous",Provide monthly headcount for both the event month and previous month before using event-delta allocation.
action,1412000030,202701,headcount_event_delta,"Missing complete monthly headcount driver for event-delta allocation: cc=1412000030, month=202701, previous_month=202612, category=headcount_staff, missing=current,previous",Provide monthly headcount for both the event month and previous month before using event-delta allocation.
action,1412000086,202701,headcount_event_delta,"Missing complete monthly headcount driver for event-delta allocation: cc=1412000086, month=202701, previous_month=202612, category=headcount_staff, missing=current,previous",Provide monthly headcount for both the event month and previous month before using event-delta allocation.
action,1412000063,202701,headcount_event_delta,"Missing complete monthly headcount driver for event-delta allocation: cc=1412000063, month=202701, previous_month=202612, category=headcount_staff, missing=current,previous",Provide monthly headcount for both the event month and previous month before using event-delta allocation.
action,1412000066,202701,headcount_event_delta,"Missing complete monthly headcount driver for event-delta allocation: cc=1412000066, month=202701, previous_month=202612, category=headcount_staff, missing=current,previous",Provide monthly headcount for both the event month and previous month before using event-delta allocation.
action,1412000035,202701,headcount_event_delta,"Missing complete monthly headcount driver for event-delta allocation: cc=1412000035, month=202701, previous_month=202612, category=headcount_staff, missing=current,previous",Provide monthly headcount for both the event month and previous month before using event-delta allocation.
action,1412000016,202701,headcount_event_delta,"Missing complete monthly headcount driver for event-delta allocation: cc=1412000016, month=202701, previous_month=202612, category=headcount_staff, missing=current,previous",Provide monthly headcount for both the event month and previous month before using event-delta allocation.
action,1412000069,202701,headcount_event_delta,"Missing complete monthly headcount driver for event-delta allocation: cc=1412000069, month=202701, previous_month=202612, category=headcount_staff, missing=current,previous",Provide monthly headcount for both the event month and previous month before using event-delta allocation.
action,1412000070,202701,headcount_event_delta,"Missing complete monthly headcount driver for event-delta allocation: cc=1412000070, month=202701, previous_month=202612, category=headcount_staff, missing=current,previous",Provide monthly headcount for both the event month and previous month before using event-delta allocation.
action,1412000072,202701,headcount_event_delta,"Missing complete monthly headcount driver for event-delta allocation: cc=1412000072, month=202701, previous_month=202612, category=headcount_staff, missing=current,previous",Provide monthly headcount for both the event month and previous month before using event-delta allocation.
action,1412000073,202701,headcount_event_delta,"Missing complete monthly headcount driver for event-delta allocation: cc=1412000073, month=202701, previous_month=202612, category=headcount_staff, missing=current,previous",Provide monthly headcount for both the event month and previous month before using event-delta allocation.
action,1412000104,202701,headcount_event_delta,"Missing complete monthly headcount driver for event-delta allocation: cc=1412000104, month=202701, previous_month=202612, category=headcount_staff, missing=current,previous",Provide monthly headcount for both the event month and previous month before using event-delta allocation.
action,1412000057,202701,headcount_event_delta,"Missing complete monthly headcount driver for event-delta allocation: cc=1412000057, month=202701, previous_month=202612, category=headcount_staff, missing=current,previous",Provide monthly headcount for both the event month and previous month before using event-delta allocation.
action,1412000078,202701,headcount_event_delta,"Missing complete monthly headcount driver for event-delta allocation: cc=1412000078, month=202701, previous_month=202612, category=headcount_staff, missing=current,previous",Provide monthly headcount for both the event month and previous month before using event-delta allocation.
action,1412C00001,202701,headcount_event_delta,"Missing complete monthly headcount driver for event-delta allocation: cc=1412C00001, month=202701, previous_month=202612, category=headcount_staff, missing=current,previous",Provide monthly headcount for both the event month and previous month before using event-delta allocation.
action,1412000081,202701,headcount_event_delta,"Missing complete monthly headcount driver for event-delta allocation: cc=1412000081, month=202701, previous_month=202612, category=headcount_staff, missing=current,previous",Provide monthly headcount for both the event month and previous month before using event-delta allocation.
action,1412000083,202701,headcount_event_delta,"Missing complete monthly headcount driver for event-delta allocation: cc=1412000083, month=202701, previous_month=202612, category=headcount_staff, missing=current,previous",Provide monthly headcount for both the event month and previous month before using event-delta allocation.
action,1412000084,202701,headcount_event_delta,"Missing complete monthly headcount driver for event-delta allocation: cc=1412000084, month=202701, previous_month=202612, category=headcount_staff, missing=current,previous",Provide monthly headcount for both the event month and previous month before using event-delta allocation.
action,1412000087,202701,headcount_event_delta,"Missing complete monthly headcount driver for event-delta allocation: cc=1412000087, month=202701, previous_month=202612, category=headcount_staff, missing=current,previous",Provide monthly headcount for both the event month and previous month before using event-delta allocation.
action,1412000088,202701,headcount_event_delta,"Missing complete monthly headcount driver for event-delta allocation: cc=1412000088, month=202701, previous_month=202612, category=headcount_staff, missing=current,previous",Provide monthly headcount for both the event month and previous month before using event-delta allocation.
action,1412000091,202701,headcount_event_delta,"Missing complete monthly headcount driver for event-delta allocation: cc=1412000091, month=202701, previous_month=202612, category=headcount_staff, missing=current,previous",Provide monthly headcount for both the event month and previous month before using event-delta allocation.
action,1412000092,202701,headcount_event_delta,"Missing complete monthly headcount driver for event-delta allocation: cc=1412000092, month=202701, previous_month=202612, category=headcount_staff, missing=current,previous",Provide monthly headcount for both the event month and previous month before using event-delta allocation.
action,1412000093,202701,headcount_event_delta,"Missing complete monthly headcount driver for event-delta allocation: cc=1412000093, month=202701, previous_month=202612, category=headcount_staff, missing=current,previous",Provide monthly headcount for both the event month and previous month before using event-delta allocation.
action,1412000094,202701,headcount_event_delta,"Missing complete monthly headcount driver for event-delta allocation: cc=1412000094, month=202701, previous_month=202612, category=headcount_staff, missing=current,previous",Provide monthly headcount for both the event month and previous month before using event-delta allocation.
action,1412000096,202701,headcount_event_delta,"Missing complete monthly headcount driver for event-delta allocation: cc=1412000096, month=202701, previous_month=202612, category=headcount_staff, missing=current,previous",Provide monthly headcount for both the event month and previous month before using event-delta allocation.
action,1412000098,202701,headcount_event_delta,"Missing complete monthly headcount driver for event-delta allocation: cc=1412000098, month=202701, previous_month=202612, category=headcount_staff, missing=current,previous",Provide monthly headcount for both the event month and previous month before using event-delta allocation.
action,1412000099,202701,headcount_event_delta,"Missing complete monthly headcount driver for event-delta allocation: cc=1412000099, month=202701, previous_month=202612, category=headcount_staff, missing=current,previous",Provide monthly headcount for both the event month and previous month before using event-delta allocation.
action,1412000101,202701,headcount_event_delta,"Missing complete monthly headcount driver for event-delta allocation: cc=1412000101, month=202701, previous_month=202612, category=headcount_staff, missing=current,previous",Provide monthly headcount for both the event month and previous month before using event-delta allocation.
action,1412000100,202701,headcount_event_delta,"Missing complete monthly headcount driver for event-delta allocation: cc=1412000100, month=202701, previous_month=202612, category=headcount_staff, missing=current,previous",Provide monthly headcount for both the event month and previous month before using event-delta allocation.
action,1412000103,202701,headcount_event_delta,"Missing complete monthly headcount driver for event-delta allocation: cc=1412000103, month=202701, previous_month=202612, category=headcount_staff, missing=current,previous",Provide monthly headcount for both the event month and previous month before using event-delta allocation.
action,1412000105,202701,headcount_event_delta,"Missing complete monthly headcount driver for event-delta allocation: cc=1412000105, month=202701, previous_month=202612, category=headcount_staff, missing=current,previous",Provide monthly headcount for both the event month and previous month before using event-delta allocation.
action,1412000075,202701,headcount_event_delta,"Missing complete monthly headcount driver for event-delta allocation: cc=1412000075, month=202701, previous_month=202612, category=headcount_staff, missing=current,previous",Provide monthly headcount for both the event month and previous month before using event-delta allocation.
action,1412000106,202701,headcount_event_delta,"Missing complete monthly headcount driver for event-delta allocation: cc=1412000106, month=202701, previous_month=202612, category=headcount_staff, missing=current,previous",Provide monthly headcount for both the event month and previous month before using event-delta allocation.
action,1412000039,202701,headcount_event_delta,"Missing complete monthly headcount driver for event-delta allocation: cc=1412000039, month=202701, previous_month=202612, category=headcount_staff, missing=current,previous",Provide monthly headcount for both the event month and previous month before using event-delta allocation.
action,1412000108,202701,headcount_event_delta,"Missing complete monthly headcount driver for event-delta allocation: cc=1412000108, month=202701, previous_month=202612, category=headcount_staff, missing=current,previous",Provide monthly headcount for both the event month and previous month before using event-delta allocation.
action,1412000005,202702,headcount_event_delta,"Missing complete monthly headcount driver for event-delta allocation: cc=1412000005, month=202702, previous_month=202701, category=headcount_staff, missing=current,previous",Provide monthly headcount for both the event month and previous month before using event-delta allocation.
action,1412000062,202702,headcount_event_delta,"Missing complete monthly headcount driver for event-delta allocation: cc=1412000062, month=202702, previous_month=202701, category=headcount_staff, missing=current,previous",Provide monthly headcount for both the event month and previous month before using event-delta allocation.
action,1412000034,202702,headcount_event_delta,"Missing complete monthly headcount driver for event-delta allocation: cc=1412000034, month=202702, previous_month=202701, category=headcount_staff, missing=current,previous",Provide monthly headcount for both the event month and previous month before using event-delta allocation.
action,1412000048,202702,headcount_event_delta,"Missing complete monthly headcount driver for event-delta allocation: cc=1412000048, month=202702, previous_month=202701, category=headcount_staff, missing=current,previous",Provide monthly headcount for both the event month and previous month before using event-delta allocation.
action,1412000055,202702,headcount_event_delta,"Missing complete monthly headcount driver for event-delta allocation: cc=1412000055, month=202702, previous_month=202701, category=headcount_staff, missing=current,previous",Provide monthly headcount for both the event month and previous month before using event-delta allocation.
action,1412000050,202702,headcount_event_delta,"Missing complete monthly headcount driver for event-delta allocation: cc=1412000050, month=202702, previous_month=202701, category=headcount_staff, missing=current,previous",Provide monthly headcount for both the event month and previous month before using event-delta allocation.
action,1412000077,202702,headcount_event_delta,"Missing complete monthly headcount driver for event-delta allocation: cc=1412000077, month=202702, previous_month=202701, category=headcount_staff, missing=current,previous",Provide monthly headcount for both the event month and previous month before using event-delta allocation.
action,1412000053,202702,headcount_event_delta,"Missing complete monthly headcount driver for event-delta allocation: cc=1412000053, month=202702, previous_month=202701, category=headcount_staff, missing=current,previous",Provide monthly headcount for both the event month and previous month before using event-delta allocation.
action,1412000008,202702,headcount_event_delta,"Missing complete monthly headcount driver for event-delta allocation: cc=1412000008, month=202702, previous_month=202701, category=headcount_staff, missing=current,previous",Provide monthly headcount for both the event month and previous month before using event-delta allocation.
action,1412000010,202702,headcount_event_delta,"Missing complete monthly headcount driver for event-delta allocation: cc=1412000010, month=202702, previous_month=202701, category=headcount_staff, missing=current,previous",Provide monthly headcount for both the event month and previous month before using event-delta allocation.
action,1412000054,202702,headcount_event_delta,"Missing complete monthly headcount driver for event-delta allocation: cc=1412000054, month=202702, previous_month=202701, category=headcount_staff, missing=current,previous",Provide monthly headcount for both the event month and previous month before using event-delta allocation.
action,1412000036,202702,headcount_event_delta,"Missing complete monthly headcount driver for event-delta allocation: cc=1412000036, month=202702, previous_month=202701, category=headcount_staff, missing=current,previous",Provide monthly headcount for both the event month and previous month before using event-delta allocation.
action,1412000089,202702,headcount_event_delta,"Missing complete monthly headcount driver for event-delta allocation: cc=1412000089, month=202702, previous_month=202701, category=headcount_staff, missing=current,previous",Provide monthly headcount for both the event month and previous month before using event-delta allocation.
action,1412000013,202702,headcount_event_delta,"Missing complete monthly headcount driver for event-delta allocation: cc=1412000013, month=202702, previous_month=202701, category=headcount_staff, missing=current,previous",Provide monthly headcount for both the event month and previous month before using event-delta allocation.
action,1412000080,202702,headcount_event_delta,"Missing complete monthly headcount driver for event-delta allocation: cc=1412000080, month=202702, previous_month=202701, category=headcount_staff, missing=current,previous",Provide monthly headcount for both the event month and previous month before using event-delta allocation.
action,1412000044,202702,headcount_event_delta,"Missing complete monthly headcount driver for event-delta allocation: cc=1412000044, month=202702, previous_month=202701, category=headcount_staff, missing=current,previous",Provide monthly headcount for both the event month and previous month before using event-delta allocation.
action,1412000056,202702,headcount_event_delta,"Missing complete monthly headcount driver for event-delta allocation: cc=1412000056, month=202702, previous_month=202701, category=headcount_staff, missing=current,previous",Provide monthly headcount for both the event month and previous month before using event-delta allocation.
action,1412000018,202702,headcount_event_delta,"Missing complete monthly headcount driver for event-delta allocation: cc=1412000018, month=202702, previous_month=202701, category=headcount_staff, missing=current,previous",Provide monthly headcount for both the event month and previous month before using event-delta allocation.
action,1412000019,202702,headcount_event_delta,"Missing complete monthly headcount driver for event-delta allocation: cc=1412000019, month=202702, previous_month=202701, category=headcount_staff, missing=current,previous",Provide monthly headcount for both the event month and previous month before using event-delta allocation.
action,1412000058,202702,headcount_event_delta,"Missing complete monthly headcount driver for event-delta allocation: cc=1412000058, month=202702, previous_month=202701, category=headcount_staff, missing=current,previous",Provide monthly headcount for both the event month and previous month before using event-delta allocation.
action,1412000042,202702,headcount_event_delta,"Missing complete monthly headcount driver for event-delta allocation: cc=1412000042, month=202702, previous_month=202701, category=headcount_staff, missing=current,previous",Provide monthly headcount for both the event month and previous month before using event-delta allocation.
action,1412000021,202702,headcount_event_delta,"Missing complete monthly headcount driver for event-delta allocation: cc=1412000021, month=202702, previous_month=202701, category=headcount_staff, missing=current,previous",Provide monthly headcount for both the event month and previous month before using event-delta allocation.
action,1412000022,202702,headcount_event_delta,"Missing complete monthly headcount driver for event-delta allocation: cc=1412000022, month=202702, previous_month=202701, category=headcount_staff, missing=current,previous",Provide monthly headcount for both the event month and previous month before using event-delta allocation.
action,1412000024,202702,headcount_event_delta,"Missing complete monthly headcount driver for event-delta allocation: cc=1412000024, month=202702, previous_month=202701, category=headcount_staff, missing=current,previous",Provide monthly headcount for both the event month and previous month before using event-delta allocation.
action,1412000025,202702,headcount_event_delta,"Missing complete monthly headcount driver for event-delta allocation: cc=1412000025, month=202702, previous_month=202701, category=headcount_staff, missing=current,previous",Provide monthly headcount for both the event month and previous month before using event-delta allocation.
action,1412000026,202702,headcount_event_delta,"Missing complete monthly headcount driver for event-delta allocation: cc=1412000026, month=202702, previous_month=202701, category=headcount_staff, missing=current,previous",Provide monthly headcount for both the event month and previous month before using event-delta allocation.
action,1412000028,202702,headcount_event_delta,"Missing complete monthly headcount driver for event-delta allocation: cc=1412000028, month=202702, previous_month=202701, category=headcount_staff, missing=current,previous",Provide monthly headcount for both the event month and previous month before using event-delta allocation.
action,1412000029,202702,headcount_event_delta,"Missing complete monthly headcount driver for event-delta allocation: cc=1412000029, month=202702, previous_month=202701, category=headcount_staff, missing=current,previous",Provide monthly headcount for both the event month and previous month before using event-delta allocation.
action,1412000030,202702,headcount_event_delta,"Missing complete monthly headcount driver for event-delta allocation: cc=1412000030, month=202702, previous_month=202701, category=headcount_staff, missing=current,previous",Provide monthly headcount for both the event month and previous month before using event-delta allocation.
action,1412000086,202702,headcount_event_delta,"Missing complete monthly headcount driver for event-delta allocation: cc=1412000086, month=202702, previous_month=202701, category=headcount_staff, missing=current,previous",Provide monthly headcount for both the event month and previous month before using event-delta allocation.
action,1412000063,202702,headcount_event_delta,"Missing complete monthly headcount driver for event-delta allocation: cc=1412000063, month=202702, previous_month=202701, category=headcount_staff, missing=current,previous",Provide monthly headcount for both the event month and previous month before using event-delta allocation.
action,1412000066,202702,headcount_event_delta,"Missing complete monthly headcount driver for event-delta allocation: cc=1412000066, month=202702, previous_month=202701, category=headcount_staff, missing=current,previous",Provide monthly headcount for both the event month and previous month before using event-delta allocation.
action,1412000035,202702,headcount_event_delta,"Missing complete monthly headcount driver for event-delta allocation: cc=1412000035, month=202702, previous_month=202701, category=headcount_staff, missing=current,previous",Provide monthly headcount for both the event month and previous month before using event-delta allocation.
action,1412000016,202702,headcount_event_delta,"Missing complete monthly headcount driver for event-delta allocation: cc=1412000016, month=202702, previous_month=202701, category=headcount_staff, missing=current,previous",Provide monthly headcount for both the event month and previous month before using event-delta allocation.
action,1412000069,202702,headcount_event_delta,"Missing complete monthly headcount driver for event-delta allocation: cc=1412000069, month=202702, previous_month=202701, category=headcount_staff, missing=current,previous",Provide monthly headcount for both the event month and previous month before using event-delta allocation.
action,1412000070,202702,headcount_event_delta,"Missing complete monthly headcount driver for event-delta allocation: cc=1412000070, month=202702, previous_month=202701, category=headcount_staff, missing=current,previous",Provide monthly headcount for both the event month and previous month before using event-delta allocation.
action,1412000072,202702,headcount_event_delta,"Missing complete monthly headcount driver for event-delta allocation: cc=1412000072, month=202702, previous_month=202701, category=headcount_staff, missing=current,previous",Provide monthly headcount for both the event month and previous month before using event-delta allocation.
action,1412000073,202702,headcount_event_delta,"Missing complete monthly headcount driver for event-delta allocation: cc=1412000073, month=202702, previous_month=202701, category=headcount_staff, missing=current,previous",Provide monthly headcount for both the event month and previous month before using event-delta allocation.
action,1412000104,202702,headcount_event_delta,"Missing complete monthly headcount driver for event-delta allocation: cc=1412000104, month=202702, previous_month=202701, category=headcount_staff, missing=current,previous",Provide monthly headcount for both the event month and previous month before using event-delta allocation.
action,1412000057,202702,headcount_event_delta,"Missing complete monthly headcount driver for event-delta allocation: cc=1412000057, month=202702, previous_month=202701, category=headcount_staff, missing=current,previous",Provide monthly headcount for both the event month and previous month before using event-delta allocation.
action,1412000078,202702,headcount_event_delta,"Missing complete monthly headcount driver for event-delta allocation: cc=1412000078, month=202702, previous_month=202701, category=headcount_staff, missing=current,previous",Provide monthly headcount for both the event month and previous month before using event-delta allocation.
action,1412C00001,202702,headcount_event_delta,"Missing complete monthly headcount driver for event-delta allocation: cc=1412C00001, month=202702, previous_month=202701, category=headcount_staff, missing=current,previous",Provide monthly headcount for both the event month and previous month before using event-delta allocation.
action,1412000081,202702,headcount_event_delta,"Missing complete monthly headcount driver for event-delta allocation: cc=1412000081, month=202702, previous_month=202701, category=headcount_staff, missing=current,previous",Provide monthly headcount for both the event month and previous month before using event-delta allocation.
action,1412000083,202702,headcount_event_delta,"Missing complete monthly headcount driver for event-delta allocation: cc=1412000083, month=202702, previous_month=202701, category=headcount_staff, missing=current,previous",Provide monthly headcount for both the event month and previous month before using event-delta allocation.
action,1412000084,202702,headcount_event_delta,"Missing complete monthly headcount driver for event-delta allocation: cc=1412000084, month=202702, previous_month=202701, category=headcount_staff, missing=current,previous",Provide monthly headcount for both the event month and previous month before using event-delta allocation.
action,1412000087,202702,headcount_event_delta,"Missing complete monthly headcount driver for event-delta allocation: cc=1412000087, month=202702, previous_month=202701, category=headcount_staff, missing=current,previous",Provide monthly headcount for both the event month and previous month before using event-delta allocation.
action,1412000088,202702,headcount_event_delta,"Missing complete monthly headcount driver for event-delta allocation: cc=1412000088, month=202702, previous_month=202701, category=headcount_staff, missing=current,previous",Provide monthly headcount for both the event month and previous month before using event-delta allocation.
action,1412000091,202702,headcount_event_delta,"Missing complete monthly headcount driver for event-delta allocation: cc=1412000091, month=202702, previous_month=202701, category=headcount_staff, missing=current,previous",Provide monthly headcount for both the event month and previous month before using event-delta allocation.
action,1412000092,202702,headcount_event_delta,"Missing complete monthly headcount driver for event-delta allocation: cc=1412000092, month=202702, previous_month=202701, category=headcount_staff, missing=current,previous",Provide monthly headcount for both the event month and previous month before using event-delta allocation.
action,1412000093,202702,headcount_event_delta,"Missing complete monthly headcount driver for event-delta allocation: cc=1412000093, month=202702, previous_month=202701, category=headcount_staff, missing=current,previous",Provide monthly headcount for both the event month and previous month before using event-delta allocation.
action,1412000094,202702,headcount_event_delta,"Missing complete monthly headcount driver for event-delta allocation: cc=1412000094, month=202702, previous_month=202701, category=headcount_staff, missing=current,previous",Provide monthly headcount for both the event month and previous month before using event-delta allocation.
action,1412000096,202702,headcount_event_delta,"Missing complete monthly headcount driver for event-delta allocation: cc=1412000096, month=202702, previous_month=202701, category=headcount_staff, missing=current,previous",Provide monthly headcount for both the event month and previous month before using event-delta allocation.
action,1412000098,202702,headcount_event_delta,"Missing complete monthly headcount driver for event-delta allocation: cc=1412000098, month=202702, previous_month=202701, category=headcount_staff, missing=current,previous",Provide monthly headcount for both the event month and previous month before using event-delta allocation.
action,1412000099,202702,headcount_event_delta,"Missing complete monthly headcount driver for event-delta allocation: cc=1412000099, month=202702, previous_month=202701, category=headcount_staff, missing=current,previous",Provide monthly headcount for both the event month and previous month before using event-delta allocation.
action,1412000101,202702,headcount_event_delta,"Missing complete monthly headcount driver for event-delta allocation: cc=1412000101, month=202702, previous_month=202701, category=headcount_staff, missing=current,previous",Provide monthly headcount for both the event month and previous month before using event-delta allocation.
action,1412000100,202702,headcount_event_delta,"Missing complete monthly headcount driver for event-delta allocation: cc=1412000100, month=202702, previous_month=202701, category=headcount_staff, missing=current,previous",Provide monthly headcount for both the event month and previous month before using event-delta allocation.
action,1412000103,202702,headcount_event_delta,"Missing complete monthly headcount driver for event-delta allocation: cc=1412000103, month=202702, previous_month=202701, category=headcount_staff, missing=current,previous",Provide monthly headcount for both the event month and previous month before using event-delta allocation.
action,1412000105,202702,headcount_event_delta,"Missing complete monthly headcount driver for event-delta allocation: cc=1412000105, month=202702, previous_month=202701, category=headcount_staff, missing=current,previous",Provide monthly headcount for both the event month and previous month before using event-delta allocation.
action,1412000075,202702,headcount_event_delta,"Missing complete monthly headcount driver for event-delta allocation: cc=1412000075, month=202702, previous_month=202701, category=headcount_staff, missing=current,previous",Provide monthly headcount for both the event month and previous month before using event-delta allocation.
action,1412000106,202702,headcount_event_delta,"Missing complete monthly headcount driver for event-delta allocation: cc=1412000106, month=202702, previous_month=202701, category=headcount_staff, missing=current,previous",Provide monthly headcount for both the event month and previous month before using event-delta allocation.
action,1412000039,202702,headcount_event_delta,"Missing complete monthly headcount driver for event-delta allocation: cc=1412000039, month=202702, previous_month=202701, category=headcount_staff, missing=current,previous",Provide monthly headcount for both the event month and previous month before using event-delta allocation.
action,1412000108,202702,headcount_event_delta,"Missing complete monthly headcount driver for event-delta allocation: cc=1412000108, month=202702, previous_month=202701, category=headcount_staff, missing=current,previous",Provide monthly headcount for both the event month and previous month before using event-delta allocation.
action,1412000005,202703,headcount_event_delta,"Missing complete monthly headcount driver for event-delta allocation: cc=1412000005, month=202703, previous_month=202702, category=headcount_staff, missing=current,previous",Provide monthly headcount for both the event month and previous month before using event-delta allocation.
action,1412000062,202703,headcount_event_delta,"Missing complete monthly headcount driver for event-delta allocation: cc=1412000062, month=202703, previous_month=202702, category=headcount_staff, missing=current,previous",Provide monthly headcount for both the event month and previous month before using event-delta allocation.
action,1412000034,202703,headcount_event_delta,"Missing complete monthly headcount driver for event-delta allocation: cc=1412000034, month=202703, previous_month=202702, category=headcount_staff, missing=current,previous",Provide monthly headcount for both the event month and previous month before using event-delta allocation.
action,1412000048,202703,headcount_event_delta,"Missing complete monthly headcount driver for event-delta allocation: cc=1412000048, month=202703, previous_month=202702, category=headcount_staff, missing=current,previous",Provide monthly headcount for both the event month and previous month before using event-delta allocation.
action,1412000055,202703,headcount_event_delta,"Missing complete monthly headcount driver for event-delta allocation: cc=1412000055, month=202703, previous_month=202702, category=headcount_staff, missing=current,previous",Provide monthly headcount for both the event month and previous month before using event-delta allocation.
action,1412000050,202703,headcount_event_delta,"Missing complete monthly headcount driver for event-delta allocation: cc=1412000050, month=202703, previous_month=202702, category=headcount_staff, missing=current,previous",Provide monthly headcount for both the event month and previous month before using event-delta allocation.
action,1412000077,202703,headcount_event_delta,"Missing complete monthly headcount driver for event-delta allocation: cc=1412000077, month=202703, previous_month=202702, category=headcount_staff, missing=current,previous",Provide monthly headcount for both the event month and previous month before using event-delta allocation.
action,1412000053,202703,headcount_event_delta,"Missing complete monthly headcount driver for event-delta allocation: cc=1412000053, month=202703, previous_month=202702, category=headcount_staff, missing=current,previous",Provide monthly headcount for both the event month and previous month before using event-delta allocation.
action,1412000008,202703,headcount_event_delta,"Missing complete monthly headcount driver for event-delta allocation: cc=1412000008, month=202703, previous_month=202702, category=headcount_staff, missing=current,previous",Provide monthly headcount for both the event month and previous month before using event-delta allocation.
action,1412000010,202703,headcount_event_delta,"Missing complete monthly headcount driver for event-delta allocation: cc=1412000010, month=202703, previous_month=202702, category=headcount_staff, missing=current,previous",Provide monthly headcount for both the event month and previous month before using event-delta allocation.
action,1412000054,202703,headcount_event_delta,"Missing complete monthly headcount driver for event-delta allocation: cc=1412000054, month=202703, previous_month=202702, category=headcount_staff, missing=current,previous",Provide monthly headcount for both the event month and previous month before using event-delta allocation.
action,1412000036,202703,headcount_event_delta,"Missing complete monthly headcount driver for event-delta allocation: cc=1412000036, month=202703, previous_month=202702, category=headcount_staff, missing=current,previous",Provide monthly headcount for both the event month and previous month before using event-delta allocation.
action,1412000089,202703,headcount_event_delta,"Missing complete monthly headcount driver for event-delta allocation: cc=1412000089, month=202703, previous_month=202702, category=headcount_staff, missing=current,previous",Provide monthly headcount for both the event month and previous month before using event-delta allocation.
action,1412000013,202703,headcount_event_delta,"Missing complete monthly headcount driver for event-delta allocation: cc=1412000013, month=202703, previous_month=202702, category=headcount_staff, missing=current,previous",Provide monthly headcount for both the event month and previous month before using event-delta allocation.
action,1412000080,202703,headcount_event_delta,"Missing complete monthly headcount driver for event-delta allocation: cc=1412000080, month=202703, previous_month=202702, category=headcount_staff, missing=current,previous",Provide monthly headcount for both the event month and previous month before using event-delta allocation.
action,1412000044,202703,headcount_event_delta,"Missing complete monthly headcount driver for event-delta allocation: cc=1412000044, month=202703, previous_month=202702, category=headcount_staff, missing=current,previous",Provide monthly headcount for both the event month and previous month before using event-delta allocation.
action,1412000056,202703,headcount_event_delta,"Missing complete monthly headcount driver for event-delta allocation: cc=1412000056, month=202703, previous_month=202702, category=headcount_staff, missing=current,previous",Provide monthly headcount for both the event month and previous month before using event-delta allocation.
action,1412000018,202703,headcount_event_delta,"Missing complete monthly headcount driver for event-delta allocation: cc=1412000018, month=202703, previous_month=202702, category=headcount_staff, missing=current,previous",Provide monthly headcount for both the event month and previous month before using event-delta allocation.
action,1412000019,202703,headcount_event_delta,"Missing complete monthly headcount driver for event-delta allocation: cc=1412000019, month=202703, previous_month=202702, category=headcount_staff, missing=current,previous",Provide monthly headcount for both the event month and previous month before using event-delta allocation.
action,1412000058,202703,headcount_event_delta,"Missing complete monthly headcount driver for event-delta allocation: cc=1412000058, month=202703, previous_month=202702, category=headcount_staff, missing=current,previous",Provide monthly headcount for both the event month and previous month before using event-delta allocation.
action,1412000042,202703,headcount_event_delta,"Missing complete monthly headcount driver for event-delta allocation: cc=1412000042, month=202703, previous_month=202702, category=headcount_staff, missing=current,previous",Provide monthly headcount for both the event month and previous month before using event-delta allocation.
action,1412000021,202703,headcount_event_delta,"Missing complete monthly headcount driver for event-delta allocation: cc=1412000021, month=202703, previous_month=202702, category=headcount_staff, missing=current,previous",Provide monthly headcount for both the event month and previous month before using event-delta allocation.
action,1412000022,202703,headcount_event_delta,"Missing complete monthly headcount driver for event-delta allocation: cc=1412000022, month=202703, previous_month=202702, category=headcount_staff, missing=current,previous",Provide monthly headcount for both the event month and previous month before using event-delta allocation.
action,1412000024,202703,headcount_event_delta,"Missing complete monthly headcount driver for event-delta allocation: cc=1412000024, month=202703, previous_month=202702, category=headcount_staff, missing=current,previous",Provide monthly headcount for both the event month and previous month before using event-delta allocation.
action,1412000025,202703,headcount_event_delta,"Missing complete monthly headcount driver for event-delta allocation: cc=1412000025, month=202703, previous_month=202702, category=headcount_staff, missing=current,previous",Provide monthly headcount for both the event month and previous month before using event-delta allocation.
action,1412000026,202703,headcount_event_delta,"Missing complete monthly headcount driver for event-delta allocation: cc=1412000026, month=202703, previous_month=202702, category=headcount_staff, missing=current,previous",Provide monthly headcount for both the event month and previous month before using event-delta allocation.
action,1412000028,202703,headcount_event_delta,"Missing complete monthly headcount driver for event-delta allocation: cc=1412000028, month=202703, previous_month=202702, category=headcount_staff, missing=current,previous",Provide monthly headcount for both the event month and previous month before using event-delta allocation.
action,1412000029,202703,headcount_event_delta,"Missing complete monthly headcount driver for event-delta allocation: cc=1412000029, month=202703, previous_month=202702, category=headcount_staff, missing=current,previous",Provide monthly headcount for both the event month and previous month before using event-delta allocation.
action,1412000030,202703,headcount_event_delta,"Missing complete monthly headcount driver for event-delta allocation: cc=1412000030, month=202703, previous_month=202702, category=headcount_staff, missing=current,previous",Provide monthly headcount for both the event month and previous month before using event-delta allocation.
action,1412000086,202703,headcount_event_delta,"Missing complete monthly headcount driver for event-delta allocation: cc=1412000086, month=202703, previous_month=202702, category=headcount_staff, missing=current,previous",Provide monthly headcount for both the event month and previous month before using event-delta allocation.
action,1412000063,202703,headcount_event_delta,"Missing complete monthly headcount driver for event-delta allocation: cc=1412000063, month=202703, previous_month=202702, category=headcount_staff, missing=current,previous",Provide monthly headcount for both the event month and previous month before using event-delta allocation.
action,1412000066,202703,headcount_event_delta,"Missing complete monthly headcount driver for event-delta allocation: cc=1412000066, month=202703, previous_month=202702, category=headcount_staff, missing=current,previous",Provide monthly headcount for both the event month and previous month before using event-delta allocation.
action,1412000035,202703,headcount_event_delta,"Missing complete monthly headcount driver for event-delta allocation: cc=1412000035, month=202703, previous_month=202702, category=headcount_staff, missing=current,previous",Provide monthly headcount for both the event month and previous month before using event-delta allocation.
action,1412000016,202703,headcount_event_delta,"Missing complete monthly headcount driver for event-delta allocation: cc=1412000016, month=202703, previous_month=202702, category=headcount_staff, missing=current,previous",Provide monthly headcount for both the event month and previous month before using event-delta allocation.
action,1412000069,202703,headcount_event_delta,"Missing complete monthly headcount driver for event-delta allocation: cc=1412000069, month=202703, previous_month=202702, category=headcount_staff, missing=current,previous",Provide monthly headcount for both the event month and previous month before using event-delta allocation.
action,1412000070,202703,headcount_event_delta,"Missing complete monthly headcount driver for event-delta allocation: cc=1412000070, month=202703, previous_month=202702, category=headcount_staff, missing=current,previous",Provide monthly headcount for both the event month and previous month before using event-delta allocation.
action,1412000072,202703,headcount_event_delta,"Missing complete monthly headcount driver for event-delta allocation: cc=1412000072, month=202703, previous_month=202702, category=headcount_staff, missing=current,previous",Provide monthly headcount for both the event month and previous month before using event-delta allocation.
action,1412000073,202703,headcount_event_delta,"Missing complete monthly headcount driver for event-delta allocation: cc=1412000073, month=202703, previous_month=202702, category=headcount_staff, missing=current,previous",Provide monthly headcount for both the event month and previous month before using event-delta allocation.
action,1412000104,202703,headcount_event_delta,"Missing complete monthly headcount driver for event-delta allocation: cc=1412000104, month=202703, previous_month=202702, category=headcount_staff, missing=current,previous",Provide monthly headcount for both the event month and previous month before using event-delta allocation.
action,1412000057,202703,headcount_event_delta,"Missing complete monthly headcount driver for event-delta allocation: cc=1412000057, month=202703, previous_month=202702, category=headcount_staff, missing=current,previous",Provide monthly headcount for both the event month and previous month before using event-delta allocation.
action,1412000078,202703,headcount_event_delta,"Missing complete monthly headcount driver for event-delta allocation: cc=1412000078, month=202703, previous_month=202702, category=headcount_staff, missing=current,previous",Provide monthly headcount for both the event month and previous month before using event-delta allocation.
action,1412C00001,202703,headcount_event_delta,"Missing complete monthly headcount driver for event-delta allocation: cc=1412C00001, month=202703, previous_month=202702, category=headcount_staff, missing=current,previous",Provide monthly headcount for both the event month and previous month before using event-delta allocation.
action,1412000081,202703,headcount_event_delta,"Missing complete monthly headcount driver for event-delta allocation: cc=1412000081, month=202703, previous_month=202702, category=headcount_staff, missing=current,previous",Provide monthly headcount for both the event month and previous month before using event-delta allocation.
action,1412000083,202703,headcount_event_delta,"Missing complete monthly headcount driver for event-delta allocation: cc=1412000083, month=202703, previous_month=202702, category=headcount_staff, missing=current,previous",Provide monthly headcount for both the event month and previous month before using event-delta allocation.
action,1412000084,202703,headcount_event_delta,"Missing complete monthly headcount driver for event-delta allocation: cc=1412000084, month=202703, previous_month=202702, category=headcount_staff, missing=current,previous",Provide monthly headcount for both the event month and previous month before using event-delta allocation.
action,1412000087,202703,headcount_event_delta,"Missing complete monthly headcount driver for event-delta allocation: cc=1412000087, month=202703, previous_month=202702, category=headcount_staff, missing=current,previous",Provide monthly headcount for both the event month and previous month before using event-delta allocation.
action,1412000088,202703,headcount_event_delta,"Missing complete monthly headcount driver for event-delta allocation: cc=1412000088, month=202703, previous_month=202702, category=headcount_staff, missing=current,previous",Provide monthly headcount for both the event month and previous month before using event-delta allocation.
action,1412000091,202703,headcount_event_delta,"Missing complete monthly headcount driver for event-delta allocation: cc=1412000091, month=202703, previous_month=202702, category=headcount_staff, missing=current,previous",Provide monthly headcount for both the event month and previous month before using event-delta allocation.
action,1412000092,202703,headcount_event_delta,"Missing complete monthly headcount driver for event-delta allocation: cc=1412000092, month=202703, previous_month=202702, category=headcount_staff, missing=current,previous",Provide monthly headcount for both the event month and previous month before using event-delta allocation.
action,1412000093,202703,headcount_event_delta,"Missing complete monthly headcount driver for event-delta allocation: cc=1412000093, month=202703, previous_month=202702, category=headcount_staff, missing=current,previous",Provide monthly headcount for both the event month and previous month before using event-delta allocation.
action,1412000094,202703,headcount_event_delta,"Missing complete monthly headcount driver for event-delta allocation: cc=1412000094, month=202703, previous_month=202702, category=headcount_staff, missing=current,previous",Provide monthly headcount for both the event month and previous month before using event-delta allocation.
action,1412000096,202703,headcount_event_delta,"Missing complete monthly headcount driver for event-delta allocation: cc=1412000096, month=202703, previous_month=202702, category=headcount_staff, missing=current,previous",Provide monthly headcount for both the event month and previous month before using event-delta allocation.
action,1412000098,202703,headcount_event_delta,"Missing complete monthly headcount driver for event-delta allocation: cc=1412000098, month=202703, previous_month=202702, category=headcount_staff, missing=current,previous",Provide monthly headcount for both the event month and previous month before using event-delta allocation.
action,1412000099,202703,headcount_event_delta,"Missing complete monthly headcount driver for event-delta allocation: cc=1412000099, month=202703, previous_month=202702, category=headcount_staff, missing=current,previous",Provide monthly headcount for both the event month and previous month before using event-delta allocation.
action,1412000101,202703,headcount_event_delta,"Missing complete monthly headcount driver for event-delta allocation: cc=1412000101, month=202703, previous_month=202702, category=headcount_staff, missing=current,previous",Provide monthly headcount for both the event month and previous month before using event-delta allocation.
action,1412000100,202703,headcount_event_delta,"Missing complete monthly headcount driver for event-delta allocation: cc=1412000100, month=202703, previous_month=202702, category=headcount_staff, missing=current,previous",Provide monthly headcount for both the event month and previous month before using event-delta allocation.
action,1412000103,202703,headcount_event_delta,"Missing complete monthly headcount driver for event-delta allocation: cc=1412000103, month=202703, previous_month=202702, category=headcount_staff, missing=current,previous",Provide monthly headcount for both the event month and previous month before using event-delta allocation.
action,1412000105,202703,headcount_event_delta,"Missing complete monthly headcount driver for event-delta allocation: cc=1412000105, month=202703, previous_month=202702, category=headcount_staff, missing=current,previous",Provide monthly headcount for both the event month and previous month before using event-delta allocation.
action,1412000075,202703,headcount_event_delta,"Missing complete monthly headcount driver for event-delta allocation: cc=1412000075, month=202703, previous_month=202702, category=headcount_staff, missing=current,previous",Provide monthly headcount for both the event month and previous month before using event-delta allocation.
action,1412000106,202703,headcount_event_delta,"Missing complete monthly headcount driver for event-delta allocation: cc=1412000106, month=202703, previous_month=202702, category=headcount_staff, missing=current,previous",Provide monthly headcount for both the event month and previous month before using event-delta allocation.
action,1412000039,202703,headcount_event_delta,"Missing complete monthly headcount driver for event-delta allocation: cc=1412000039, month=202703, previous_month=202702, category=headcount_staff, missing=current,previous",Provide monthly headcount for both the event month and previous month before using event-delta allocation.
action,1412000108,202703,headcount_event_delta,"Missing complete monthly headcount driver for event-delta allocation: cc=1412000108, month=202703, previous_month=202702, category=headcount_staff, missing=current,previous",Provide monthly headcount for both the event month and previous month before using event-delta allocation.
action,1412000005,"202604,202605,202606,202607,202608,202609,202610,202611,202612,202701,202702,202703",bus_headcount_driver,"Missing bus allocation input: cc=1412000005, driver_type=bus_expat_count, missing=bus_expat_count",Provide bus_expat_count for expat bus before bus allocation can be generated.
action,1412000062,"202604,202605,202606,202607,202608,202609,202610,202611,202612,202701,202702,202703",bus_headcount_driver,"Missing bus allocation input: cc=1412000062, driver_type=bus_expat_count, missing=bus_expat_count",Provide bus_expat_count for expat bus before bus allocation can be generated.
action,1412000034,"202604,202605,202606,202607,202608,202609,202610,202611,202612,202701,202702,202703",bus_headcount_driver,"Missing bus allocation input: cc=1412000034, driver_type=bus_expat_count, missing=bus_expat_count",Provide bus_expat_count for expat bus before bus allocation can be generated.
action,1412000048,"202604,202605,202606,202607,202608,202609,202610,202611,202612,202701,202702,202703",bus_headcount_driver,"Missing bus allocation input: cc=1412000048, driver_type=bus_expat_count, missing=bus_expat_count",Provide bus_expat_count for expat bus before bus allocation can be generated.
action,1412000055,"202604,202605,202606,202607,202608,202609,202610,202611,202612,202701,202702,202703",bus_headcount_driver,"Missing bus allocation input: cc=1412000055, driver_type=bus_expat_count, missing=bus_expat_count",Provide bus_expat_count for expat bus before bus allocation can be generated.
action,1412000050,"202604,202605,202606,202607,202608,202609,202610,202611,202612,202701,202702,202703",bus_headcount_driver,"Missing bus allocation input: cc=1412000050, driver_type=bus_expat_count, missing=bus_expat_count",Provide bus_expat_count for expat bus before bus allocation can be generated.
action,1412000077,"202604,202605,202606,202607,202608,202609,202610,202611,202612,202701,202702,202703",bus_headcount_driver,"Missing bus allocation input: cc=1412000077, driver_type=bus_expat_count, missing=bus_expat_count",Provide bus_expat_count for expat bus before bus allocation can be generated.
action,1412000053,"202604,202605,202606,202607,202608,202609,202610,202611,202612,202701,202702,202703",bus_headcount_driver,"Missing bus allocation input: cc=1412000053, driver_type=bus_expat_count, missing=bus_expat_count",Provide bus_expat_count for expat bus before bus allocation can be generated.
action,1412000008,"202604,202605,202606,202607,202608,202609,202610,202611,202612,202701,202702,202703",bus_headcount_driver,"Missing bus allocation input: cc=1412000008, driver_type=bus_expat_count, missing=bus_expat_count",Provide bus_expat_count for expat bus before bus allocation can be generated.
action,1412000010,"202604,202605,202606,202607,202608,202609,202610,202611,202612,202701,202702,202703",bus_headcount_driver,"Missing bus allocation input: cc=1412000010, driver_type=bus_expat_count, missing=bus_expat_count",Provide bus_expat_count for expat bus before bus allocation can be generated.
action,1412000054,"202604,202605,202606,202607,202608,202609,202610,202611,202612,202701,202702,202703",bus_headcount_driver,"Missing bus allocation input: cc=1412000054, driver_type=bus_expat_count, missing=bus_expat_count",Provide bus_expat_count for expat bus before bus allocation can be generated.
action,1412000036,"202604,202605,202606,202607,202608,202609,202610,202611,202612,202701,202702,202703",bus_headcount_driver,"Missing bus allocation input: cc=1412000036, driver_type=bus_expat_count, missing=bus_expat_count",Provide bus_expat_count for expat bus before bus allocation can be generated.
action,1412000089,"202604,202605,202606,202607,202608,202609,202610,202611,202612,202701,202702,202703",bus_headcount_driver,"Missing bus allocation input: cc=1412000089, driver_type=bus_expat_count, missing=bus_expat_count",Provide bus_expat_count for expat bus before bus allocation can be generated.
action,1412000013,"202604,202605,202606,202607,202608,202609,202610,202611,202612,202701,202702,202703",bus_headcount_driver,"Missing bus allocation input: cc=1412000013, driver_type=bus_expat_count, missing=bus_expat_count",Provide bus_expat_count for expat bus before bus allocation can be generated.
action,1412000080,"202604,202605,202606,202607,202608,202609,202610,202611,202612,202701,202702,202703",bus_headcount_driver,"Missing bus allocation input: cc=1412000080, driver_type=bus_expat_count, missing=bus_expat_count",Provide bus_expat_count for expat bus before bus allocation can be generated.
action,1412000044,"202604,202605,202606,202607,202608,202609,202610,202611,202612,202701,202702,202703",bus_headcount_driver,"Missing bus allocation input: cc=1412000044, driver_type=bus_expat_count, missing=bus_expat_count",Provide bus_expat_count for expat bus before bus allocation can be generated.
action,1412000056,"202604,202605,202606,202607,202608,202609,202610,202611,202612,202701,202702,202703",bus_headcount_driver,"Missing bus allocation input: cc=1412000056, driver_type=bus_expat_count, missing=bus_expat_count",Provide bus_expat_count for expat bus before bus allocation can be generated.
action,1412000018,"202604,202605,202606,202607,202608,202609,202610,202611,202612,202701,202702,202703",bus_headcount_driver,"Missing bus allocation input: cc=1412000018, driver_type=bus_expat_count, missing=bus_expat_count",Provide bus_expat_count for expat bus before bus allocation can be generated.
action,1412000019,"202604,202605,202606,202607,202608,202609,202610,202611,202612,202701,202702,202703",bus_headcount_driver,"Missing bus allocation input: cc=1412000019, driver_type=bus_expat_count, missing=bus_expat_count",Provide bus_expat_count for expat bus before bus allocation can be generated.
action,1412000058,"202604,202605,202606,202607,202608,202609,202610,202611,202612,202701,202702,202703",bus_headcount_driver,"Missing bus allocation input: cc=1412000058, driver_type=bus_expat_count, missing=bus_expat_count",Provide bus_expat_count for expat bus before bus allocation can be generated.
action,1412000042,"202604,202605,202606,202607,202608,202609,202610,202611,202612,202701,202702,202703",bus_headcount_driver,"Missing bus allocation input: cc=1412000042, driver_type=bus_expat_count, missing=bus_expat_count",Provide bus_expat_count for expat bus before bus allocation can be generated.
action,1412000021,"202604,202605,202606,202607,202608,202609,202610,202611,202612,202701,202702,202703",bus_headcount_driver,"Missing bus allocation input: cc=1412000021, driver_type=bus_expat_count, missing=bus_expat_count",Provide bus_expat_count for expat bus before bus allocation can be generated.
action,1412000022,"202604,202605,202606,202607,202608,202609,202610,202611,202612,202701,202702,202703",bus_headcount_driver,"Missing bus allocation input: cc=1412000022, driver_type=bus_expat_count, missing=bus_expat_count",Provide bus_expat_count for expat bus before bus allocation can be generated.
action,1412000024,"202604,202605,202606,202607,202608,202609,202610,202611,202612,202701,202702,202703",bus_headcount_driver,"Missing bus allocation input: cc=1412000024, driver_type=bus_expat_count, missing=bus_expat_count",Provide bus_expat_count for expat bus before bus allocation can be generated.
action,1412000025,"202604,202605,202606,202607,202608,202609,202610,202611,202612,202701,202702,202703",bus_headcount_driver,"Missing bus allocation input: cc=1412000025, driver_type=bus_expat_count, missing=bus_expat_count",Provide bus_expat_count for expat bus before bus allocation can be generated.
action,1412000026,"202604,202605,202606,202607,202608,202609,202610,202611,202612,202701,202702,202703",bus_headcount_driver,"Missing bus allocation input: cc=1412000026, driver_type=bus_expat_count, missing=bus_expat_count",Provide bus_expat_count for expat bus before bus allocation can be generated.
action,1412000028,"202604,202605,202606,202607,202608,202609,202610,202611,202612,202701,202702,202703",bus_headcount_driver,"Missing bus allocation input: cc=1412000028, driver_type=bus_expat_count, missing=bus_expat_count",Provide bus_expat_count for expat bus before bus allocation can be generated.
action,1412000029,"202604,202605,202606,202607,202608,202609,202610,202611,202612,202701,202702,202703",bus_headcount_driver,"Missing bus allocation input: cc=1412000029, driver_type=bus_expat_count, missing=bus_expat_count",Provide bus_expat_count for expat bus before bus allocation can be generated.
action,1412000030,"202604,202605,202606,202607,202608,202609,202610,202611,202612,202701,202702,202703",bus_headcount_driver,"Missing bus allocation input: cc=1412000030, driver_type=bus_expat_count, missing=bus_expat_count",Provide bus_expat_count for expat bus before bus allocation can be generated.
action,1412000086,"202604,202605,202606,202607,202608,202609,202610,202611,202612,202701,202702,202703",bus_headcount_driver,"Missing bus allocation input: cc=1412000086, driver_type=bus_expat_count, missing=bus_expat_count",Provide bus_expat_count for expat bus before bus allocation can be generated.
action,1412000063,"202604,202605,202606,202607,202608,202609,202610,202611,202612,202701,202702,202703",bus_headcount_driver,"Missing bus allocation input: cc=1412000063, driver_type=bus_expat_count, missing=bus_expat_count",Provide bus_expat_count for expat bus before bus allocation can be generated.
action,1412000066,"202604,202605,202606,202607,202608,202609,202610,202611,202612,202701,202702,202703",bus_headcount_driver,"Missing bus allocation input: cc=1412000066, driver_type=bus_expat_count, missing=bus_expat_count",Provide bus_expat_count for expat bus before bus allocation can be generated.
action,1412000035,"202604,202605,202606,202607,202608,202609,202610,202611,202612,202701,202702,202703",bus_headcount_driver,"Missing bus allocation input: cc=1412000035, driver_type=bus_expat_count, missing=bus_expat_count",Provide bus_expat_count for expat bus before bus allocation can be generated.
action,1412000016,"202604,202605,202606,202607,202608,202609,202610,202611,202612,202701,202702,202703",bus_headcount_driver,"Missing bus allocation input: cc=1412000016, driver_type=bus_expat_count, missing=bus_expat_count",Provide bus_expat_count for expat bus before bus allocation can be generated.
action,1412000069,"202604,202605,202606,202607,202608,202609,202610,202611,202612,202701,202702,202703",bus_headcount_driver,"Missing bus allocation input: cc=1412000069, driver_type=bus_expat_count, missing=bus_expat_count",Provide bus_expat_count for expat bus before bus allocation can be generated.
action,1412000070,"202604,202605,202606,202607,202608,202609,202610,202611,202612,202701,202702,202703",bus_headcount_driver,"Missing bus allocation input: cc=1412000070, driver_type=bus_expat_count, missing=bus_expat_count",Provide bus_expat_count for expat bus before bus allocation can be generated.
action,1412000072,"202604,202605,202606,202607,202608,202609,202610,202611,202612,202701,202702,202703",bus_headcount_driver,"Missing bus allocation input: cc=1412000072, driver_type=bus_expat_count, missing=bus_expat_count",Provide bus_expat_count for expat bus before bus allocation can be generated.
action,1412000073,"202604,202605,202606,202607,202608,202609,202610,202611,202612,202701,202702,202703",bus_headcount_driver,"Missing bus allocation input: cc=1412000073, driver_type=bus_expat_count, missing=bus_expat_count",Provide bus_expat_count for expat bus before bus allocation can be generated.
action,1412000104,"202604,202605,202606,202607,202608,202609,202610,202611,202612,202701,202702,202703",bus_headcount_driver,"Missing bus allocation input: cc=1412000104, driver_type=bus_expat_count, missing=bus_expat_count",Provide bus_expat_count for expat bus before bus allocation can be generated.
action,1412000057,"202604,202605,202606,202607,202608,202609,202610,202611,202612,202701,202702,202703",bus_headcount_driver,"Missing bus allocation input: cc=1412000057, driver_type=bus_expat_count, missing=bus_expat_count",Provide bus_expat_count for expat bus before bus allocation can be generated.
action,1412000078,"202604,202605,202606,202607,202608,202609,202610,202611,202612,202701,202702,202703",bus_headcount_driver,"Missing bus allocation input: cc=1412000078, driver_type=bus_expat_count, missing=bus_expat_count",Provide bus_expat_count for expat bus before bus allocation can be generated.
action,1412C00001,"202604,202605,202606,202607,202608,202609,202610,202611,202612,202701,202702,202703",bus_headcount_driver,"Missing bus allocation input: cc=1412C00001, driver_type=bus_expat_count, missing=bus_expat_count",Provide bus_expat_count for expat bus before bus allocation can be generated.
action,1412000081,"202604,202605,202606,202607,202608,202609,202610,202611,202612,202701,202702,202703",bus_headcount_driver,"Missing bus allocation input: cc=1412000081, driver_type=bus_expat_count, missing=bus_expat_count",Provide bus_expat_count for expat bus before bus allocation can be generated.
action,1412000083,"202604,202605,202606,202607,202608,202609,202610,202611,202612,202701,202702,202703",bus_headcount_driver,"Missing bus allocation input: cc=1412000083, driver_type=bus_expat_count, missing=bus_expat_count",Provide bus_expat_count for expat bus before bus allocation can be generated.
action,1412000084,"202604,202605,202606,202607,202608,202609,202610,202611,202612,202701,202702,202703",bus_headcount_driver,"Missing bus allocation input: cc=1412000084, driver_type=bus_expat_count, missing=bus_expat_count",Provide bus_expat_count for expat bus before bus allocation can be generated.
action,1412000087,"202604,202605,202606,202607,202608,202609,202610,202611,202612,202701,202702,202703",bus_headcount_driver,"Missing bus allocation input: cc=1412000087, driver_type=bus_expat_count, missing=bus_expat_count",Provide bus_expat_count for expat bus before bus allocation can be generated.
action,1412000088,"202604,202605,202606,202607,202608,202609,202610,202611,202612,202701,202702,202703",bus_headcount_driver,"Missing bus allocation input: cc=1412000088, driver_type=bus_expat_count, missing=bus_expat_count",Provide bus_expat_count for expat bus before bus allocation can be generated.
action,1412000091,"202604,202605,202606,202607,202608,202609,202610,202611,202612,202701,202702,202703",bus_headcount_driver,"Missing bus allocation input: cc=1412000091, driver_type=bus_expat_count, missing=bus_expat_count",Provide bus_expat_count for expat bus before bus allocation can be generated.
action,1412000092,"202604,202605,202606,202607,202608,202609,202610,202611,202612,202701,202702,202703",bus_headcount_driver,"Missing bus allocation input: cc=1412000092, driver_type=bus_expat_count, missing=bus_expat_count",Provide bus_expat_count for expat bus before bus allocation can be generated.
action,1412000093,"202604,202605,202606,202607,202608,202609,202610,202611,202612,202701,202702,202703",bus_headcount_driver,"Missing bus allocation input: cc=1412000093, driver_type=bus_expat_count, missing=bus_expat_count",Provide bus_expat_count for expat bus before bus allocation can be generated.
action,1412000094,"202604,202605,202606,202607,202608,202609,202610,202611,202612,202701,202702,202703",bus_headcount_driver,"Missing bus allocation input: cc=1412000094, driver_type=bus_expat_count, missing=bus_expat_count",Provide bus_expat_count for expat bus before bus allocation can be generated.
action,1412000096,"202604,202605,202606,202607,202608,202609,202610,202611,202612,202701,202702,202703",bus_headcount_driver,"Missing bus allocation input: cc=1412000096, driver_type=bus_expat_count, missing=bus_expat_count",Provide bus_expat_count for expat bus before bus allocation can be generated.
action,1412000098,"202604,202605,202606,202607,202608,202609,202610,202611,202612,202701,202702,202703",bus_headcount_driver,"Missing bus allocation input: cc=1412000098, driver_type=bus_expat_count, missing=bus_expat_count",Provide bus_expat_count for expat bus before bus allocation can be generated.
action,1412000099,"202604,202605,202606,202607,202608,202609,202610,202611,202612,202701,202702,202703",bus_headcount_driver,"Missing bus allocation input: cc=1412000099, driver_type=bus_expat_count, missing=bus_expat_count",Provide bus_expat_count for expat bus before bus allocation can be generated.
action,1412000101,"202604,202605,202606,202607,202608,202609,202610,202611,202612,202701,202702,202703",bus_headcount_driver,"Missing bus allocation input: cc=1412000101, driver_type=bus_expat_count, missing=bus_expat_count",Provide bus_expat_count for expat bus before bus allocation can be generated.
action,1412000100,"202604,202605,202606,202607,202608,202609,202610,202611,202612,202701,202702,202703",bus_headcount_driver,"Missing bus allocation input: cc=1412000100, driver_type=bus_expat_count, missing=bus_expat_count",Provide bus_expat_count for expat bus before bus allocation can be generated.
action,1412000103,"202604,202605,202606,202607,202608,202609,202610,202611,202612,202701,202702,202703",bus_headcount_driver,"Missing bus allocation input: cc=1412000103, driver_type=bus_expat_count, missing=bus_expat_count",Provide bus_expat_count for expat bus before bus allocation can be generated.
action,1412000105,"202604,202605,202606,202607,202608,202609,202610,202611,202612,202701,202702,202703",bus_headcount_driver,"Missing bus allocation input: cc=1412000105, driver_type=bus_expat_count, missing=bus_expat_count",Provide bus_expat_count for expat bus before bus allocation can be generated.
action,1412000075,"202604,202605,202606,202607,202608,202609,202610,202611,202612,202701,202702,202703",bus_headcount_driver,"Missing bus allocation input: cc=1412000075, driver_type=bus_expat_count, missing=bus_expat_count",Provide bus_expat_count for expat bus before bus allocation can be generated.
action,1412000106,"202604,202605,202606,202607,202608,202609,202610,202611,202612,202701,202702,202703",bus_headcount_driver,"Missing bus allocation input: cc=1412000106, driver_type=bus_expat_count, missing=bus_expat_count",Provide bus_expat_count for expat bus before bus allocation can be generated.
action,1412000039,"202604,202605,202606,202607,202608,202609,202610,202611,202612,202701,202702,202703",bus_headcount_driver,"Missing bus allocation input: cc=1412000039, driver_type=bus_expat_count, missing=bus_expat_count",Provide bus_expat_count for expat bus before bus allocation can be generated.
action,1412000108,"202604,202605,202606,202607,202608,202609,202610,202611,202612,202701,202702,202703",bus_headcount_driver,"Missing bus allocation input: cc=1412000108, driver_type=bus_expat_count, missing=bus_expat_count",Provide bus_expat_count for expat bus before bus allocation can be generated.
action,1412000005,"202604,202605,202606,202607,202608,202609,202610,202611,202612,202701,202702,202703",bus_headcount_driver,"Missing bus allocation input: cc=1412000005, driver_type=bus_vietnamese_count, missing=bus_vietnamese_count",Provide bus_vietnamese_count for Vietnamese bus before bus allocation can be generated.
action,1412000062,"202604,202605,202606,202607,202608,202609,202610,202611,202612,202701,202702,202703",bus_headcount_driver,"Missing bus allocation input: cc=1412000062, driver_type=bus_vietnamese_count, missing=bus_vietnamese_count",Provide bus_vietnamese_count for Vietnamese bus before bus allocation can be generated.
action,1412000034,"202604,202605,202606,202607,202608,202609,202610,202611,202612,202701,202702,202703",bus_headcount_driver,"Missing bus allocation input: cc=1412000034, driver_type=bus_vietnamese_count, missing=bus_vietnamese_count",Provide bus_vietnamese_count for Vietnamese bus before bus allocation can be generated.
action,1412000048,"202604,202605,202606,202607,202608,202609,202610,202611,202612,202701,202702,202703",bus_headcount_driver,"Missing bus allocation input: cc=1412000048, driver_type=bus_vietnamese_count, missing=bus_vietnamese_count",Provide bus_vietnamese_count for Vietnamese bus before bus allocation can be generated.
action,1412000055,"202604,202605,202606,202607,202608,202609,202610,202611,202612,202701,202702,202703",bus_headcount_driver,"Missing bus allocation input: cc=1412000055, driver_type=bus_vietnamese_count, missing=bus_vietnamese_count",Provide bus_vietnamese_count for Vietnamese bus before bus allocation can be generated.
action,1412000050,"202604,202605,202606,202607,202608,202609,202610,202611,202612,202701,202702,202703",bus_headcount_driver,"Missing bus allocation input: cc=1412000050, driver_type=bus_vietnamese_count, missing=bus_vietnamese_count",Provide bus_vietnamese_count for Vietnamese bus before bus allocation can be generated.
action,1412000077,"202604,202605,202606,202607,202608,202609,202610,202611,202612,202701,202702,202703",bus_headcount_driver,"Missing bus allocation input: cc=1412000077, driver_type=bus_vietnamese_count, missing=bus_vietnamese_count",Provide bus_vietnamese_count for Vietnamese bus before bus allocation can be generated.
action,1412000053,"202604,202605,202606,202607,202608,202609,202610,202611,202612,202701,202702,202703",bus_headcount_driver,"Missing bus allocation input: cc=1412000053, driver_type=bus_vietnamese_count, missing=bus_vietnamese_count",Provide bus_vietnamese_count for Vietnamese bus before bus allocation can be generated.
action,1412000008,"202604,202605,202606,202607,202608,202609,202610,202611,202612,202701,202702,202703",bus_headcount_driver,"Missing bus allocation input: cc=1412000008, driver_type=bus_vietnamese_count, missing=bus_vietnamese_count",Provide bus_vietnamese_count for Vietnamese bus before bus allocation can be generated.
action,1412000010,"202604,202605,202606,202607,202608,202609,202610,202611,202612,202701,202702,202703",bus_headcount_driver,"Missing bus allocation input: cc=1412000010, driver_type=bus_vietnamese_count, missing=bus_vietnamese_count",Provide bus_vietnamese_count for Vietnamese bus before bus allocation can be generated.
action,1412000054,"202604,202605,202606,202607,202608,202609,202610,202611,202612,202701,202702,202703",bus_headcount_driver,"Missing bus allocation input: cc=1412000054, driver_type=bus_vietnamese_count, missing=bus_vietnamese_count",Provide bus_vietnamese_count for Vietnamese bus before bus allocation can be generated.
action,1412000036,"202604,202605,202606,202607,202608,202609,202610,202611,202612,202701,202702,202703",bus_headcount_driver,"Missing bus allocation input: cc=1412000036, driver_type=bus_vietnamese_count, missing=bus_vietnamese_count",Provide bus_vietnamese_count for Vietnamese bus before bus allocation can be generated.
action,1412000089,"202604,202605,202606,202607,202608,202609,202610,202611,202612,202701,202702,202703",bus_headcount_driver,"Missing bus allocation input: cc=1412000089, driver_type=bus_vietnamese_count, missing=bus_vietnamese_count",Provide bus_vietnamese_count for Vietnamese bus before bus allocation can be generated.
action,1412000013,"202604,202605,202606,202607,202608,202609,202610,202611,202612,202701,202702,202703",bus_headcount_driver,"Missing bus allocation input: cc=1412000013, driver_type=bus_vietnamese_count, missing=bus_vietnamese_count",Provide bus_vietnamese_count for Vietnamese bus before bus allocation can be generated.
action,1412000080,"202604,202605,202606,202607,202608,202609,202610,202611,202612,202701,202702,202703",bus_headcount_driver,"Missing bus allocation input: cc=1412000080, driver_type=bus_vietnamese_count, missing=bus_vietnamese_count",Provide bus_vietnamese_count for Vietnamese bus before bus allocation can be generated.
action,1412000044,"202604,202605,202606,202607,202608,202609,202610,202611,202612,202701,202702,202703",bus_headcount_driver,"Missing bus allocation input: cc=1412000044, driver_type=bus_vietnamese_count, missing=bus_vietnamese_count",Provide bus_vietnamese_count for Vietnamese bus before bus allocation can be generated.
action,1412000056,"202604,202605,202606,202607,202608,202609,202610,202611,202612,202701,202702,202703",bus_headcount_driver,"Missing bus allocation input: cc=1412000056, driver_type=bus_vietnamese_count, missing=bus_vietnamese_count",Provide bus_vietnamese_count for Vietnamese bus before bus allocation can be generated.
action,1412000018,"202604,202605,202606,202607,202608,202609,202610,202611,202612,202701,202702,202703",bus_headcount_driver,"Missing bus allocation input: cc=1412000018, driver_type=bus_vietnamese_count, missing=bus_vietnamese_count",Provide bus_vietnamese_count for Vietnamese bus before bus allocation can be generated.
action,1412000019,"202604,202605,202606,202607,202608,202609,202610,202611,202612,202701,202702,202703",bus_headcount_driver,"Missing bus allocation input: cc=1412000019, driver_type=bus_vietnamese_count, missing=bus_vietnamese_count",Provide bus_vietnamese_count for Vietnamese bus before bus allocation can be generated.
action,1412000058,"202604,202605,202606,202607,202608,202609,202610,202611,202612,202701,202702,202703",bus_headcount_driver,"Missing bus allocation input: cc=1412000058, driver_type=bus_vietnamese_count, missing=bus_vietnamese_count",Provide bus_vietnamese_count for Vietnamese bus before bus allocation can be generated.
action,1412000042,"202604,202605,202606,202607,202608,202609,202610,202611,202612,202701,202702,202703",bus_headcount_driver,"Missing bus allocation input: cc=1412000042, driver_type=bus_vietnamese_count, missing=bus_vietnamese_count",Provide bus_vietnamese_count for Vietnamese bus before bus allocation can be generated.
action,1412000021,"202604,202605,202606,202607,202608,202609,202610,202611,202612,202701,202702,202703",bus_headcount_driver,"Missing bus allocation input: cc=1412000021, driver_type=bus_vietnamese_count, missing=bus_vietnamese_count",Provide bus_vietnamese_count for Vietnamese bus before bus allocation can be generated.
action,1412000022,"202604,202605,202606,202607,202608,202609,202610,202611,202612,202701,202702,202703",bus_headcount_driver,"Missing bus allocation input: cc=1412000022, driver_type=bus_vietnamese_count, missing=bus_vietnamese_count",Provide bus_vietnamese_count for Vietnamese bus before bus allocation can be generated.
action,1412000024,"202604,202605,202606,202607,202608,202609,202610,202611,202612,202701,202702,202703",bus_headcount_driver,"Missing bus allocation input: cc=1412000024, driver_type=bus_vietnamese_count, missing=bus_vietnamese_count",Provide bus_vietnamese_count for Vietnamese bus before bus allocation can be generated.
action,1412000025,"202604,202605,202606,202607,202608,202609,202610,202611,202612,202701,202702,202703",bus_headcount_driver,"Missing bus allocation input: cc=1412000025, driver_type=bus_vietnamese_count, missing=bus_vietnamese_count",Provide bus_vietnamese_count for Vietnamese bus before bus allocation can be generated.
action,1412000026,"202604,202605,202606,202607,202608,202609,202610,202611,202612,202701,202702,202703",bus_headcount_driver,"Missing bus allocation input: cc=1412000026, driver_type=bus_vietnamese_count, missing=bus_vietnamese_count",Provide bus_vietnamese_count for Vietnamese bus before bus allocation can be generated.
action,1412000028,"202604,202605,202606,202607,202608,202609,202610,202611,202612,202701,202702,202703",bus_headcount_driver,"Missing bus allocation input: cc=1412000028, driver_type=bus_vietnamese_count, missing=bus_vietnamese_count",Provide bus_vietnamese_count for Vietnamese bus before bus allocation can be generated.
action,1412000029,"202604,202605,202606,202607,202608,202609,202610,202611,202612,202701,202702,202703",bus_headcount_driver,"Missing bus allocation input: cc=1412000029, driver_type=bus_vietnamese_count, missing=bus_vietnamese_count",Provide bus_vietnamese_count for Vietnamese bus before bus allocation can be generated.
action,1412000030,"202604,202605,202606,202607,202608,202609,202610,202611,202612,202701,202702,202703",bus_headcount_driver,"Missing bus allocation input: cc=1412000030, driver_type=bus_vietnamese_count, missing=bus_vietnamese_count",Provide bus_vietnamese_count for Vietnamese bus before bus allocation can be generated.
action,1412000086,"202604,202605,202606,202607,202608,202609,202610,202611,202612,202701,202702,202703",bus_headcount_driver,"Missing bus allocation input: cc=1412000086, driver_type=bus_vietnamese_count, missing=bus_vietnamese_count",Provide bus_vietnamese_count for Vietnamese bus before bus allocation can be generated.
action,1412000063,"202604,202605,202606,202607,202608,202609,202610,202611,202612,202701,202702,202703",bus_headcount_driver,"Missing bus allocation input: cc=1412000063, driver_type=bus_vietnamese_count, missing=bus_vietnamese_count",Provide bus_vietnamese_count for Vietnamese bus before bus allocation can be generated.
action,1412000066,"202604,202605,202606,202607,202608,202609,202610,202611,202612,202701,202702,202703",bus_headcount_driver,"Missing bus allocation input: cc=1412000066, driver_type=bus_vietnamese_count, missing=bus_vietnamese_count",Provide bus_vietnamese_count for Vietnamese bus before bus allocation can be generated.
action,1412000035,"202604,202605,202606,202607,202608,202609,202610,202611,202612,202701,202702,202703",bus_headcount_driver,"Missing bus allocation input: cc=1412000035, driver_type=bus_vietnamese_count, missing=bus_vietnamese_count",Provide bus_vietnamese_count for Vietnamese bus before bus allocation can be generated.
action,1412000016,"202604,202605,202606,202607,202608,202609,202610,202611,202612,202701,202702,202703",bus_headcount_driver,"Missing bus allocation input: cc=1412000016, driver_type=bus_vietnamese_count, missing=bus_vietnamese_count",Provide bus_vietnamese_count for Vietnamese bus before bus allocation can be generated.
action,1412000069,"202604,202605,202606,202607,202608,202609,202610,202611,202612,202701,202702,202703",bus_headcount_driver,"Missing bus allocation input: cc=1412000069, driver_type=bus_vietnamese_count, missing=bus_vietnamese_count",Provide bus_vietnamese_count for Vietnamese bus before bus allocation can be generated.
action,1412000070,"202604,202605,202606,202607,202608,202609,202610,202611,202612,202701,202702,202703",bus_headcount_driver,"Missing bus allocation input: cc=1412000070, driver_type=bus_vietnamese_count, missing=bus_vietnamese_count",Provide bus_vietnamese_count for Vietnamese bus before bus allocation can be generated.
action,1412000072,"202604,202605,202606,202607,202608,202609,202610,202611,202612,202701,202702,202703",bus_headcount_driver,"Missing bus allocation input: cc=1412000072, driver_type=bus_vietnamese_count, missing=bus_vietnamese_count",Provide bus_vietnamese_count for Vietnamese bus before bus allocation can be generated.
action,1412000073,"202604,202605,202606,202607,202608,202609,202610,202611,202612,202701,202702,202703",bus_headcount_driver,"Missing bus allocation input: cc=1412000073, driver_type=bus_vietnamese_count, missing=bus_vietnamese_count",Provide bus_vietnamese_count for Vietnamese bus before bus allocation can be generated.
action,1412000104,"202604,202605,202606,202607,202608,202609,202610,202611,202612,202701,202702,202703",bus_headcount_driver,"Missing bus allocation input: cc=1412000104, driver_type=bus_vietnamese_count, missing=bus_vietnamese_count",Provide bus_vietnamese_count for Vietnamese bus before bus allocation can be generated.
action,1412000057,"202604,202605,202606,202607,202608,202609,202610,202611,202612,202701,202702,202703",bus_headcount_driver,"Missing bus allocation input: cc=1412000057, driver_type=bus_vietnamese_count, missing=bus_vietnamese_count",Provide bus_vietnamese_count for Vietnamese bus before bus allocation can be generated.
action,1412000078,"202604,202605,202606,202607,202608,202609,202610,202611,202612,202701,202702,202703",bus_headcount_driver,"Missing bus allocation input: cc=1412000078, driver_type=bus_vietnamese_count, missing=bus_vietnamese_count",Provide bus_vietnamese_count for Vietnamese bus before bus allocation can be generated.
action,1412C00001,"202604,202605,202606,202607,202608,202609,202610,202611,202612,202701,202702,202703",bus_headcount_driver,"Missing bus allocation input: cc=1412C00001, driver_type=bus_vietnamese_count, missing=bus_vietnamese_count",Provide bus_vietnamese_count for Vietnamese bus before bus allocation can be generated.
action,1412000081,"202604,202605,202606,202607,202608,202609,202610,202611,202612,202701,202702,202703",bus_headcount_driver,"Missing bus allocation input: cc=1412000081, driver_type=bus_vietnamese_count, missing=bus_vietnamese_count",Provide bus_vietnamese_count for Vietnamese bus before bus allocation can be generated.
action,1412000083,"202604,202605,202606,202607,202608,202609,202610,202611,202612,202701,202702,202703",bus_headcount_driver,"Missing bus allocation input: cc=1412000083, driver_type=bus_vietnamese_count, missing=bus_vietnamese_count",Provide bus_vietnamese_count for Vietnamese bus before bus allocation can be generated.
action,1412000084,"202604,202605,202606,202607,202608,202609,202610,202611,202612,202701,202702,202703",bus_headcount_driver,"Missing bus allocation input: cc=1412000084, driver_type=bus_vietnamese_count, missing=bus_vietnamese_count",Provide bus_vietnamese_count for Vietnamese bus before bus allocation can be generated.
action,1412000087,"202604,202605,202606,202607,202608,202609,202610,202611,202612,202701,202702,202703",bus_headcount_driver,"Missing bus allocation input: cc=1412000087, driver_type=bus_vietnamese_count, missing=bus_vietnamese_count",Provide bus_vietnamese_count for Vietnamese bus before bus allocation can be generated.
action,1412000088,"202604,202605,202606,202607,202608,202609,202610,202611,202612,202701,202702,202703",bus_headcount_driver,"Missing bus allocation input: cc=1412000088, driver_type=bus_vietnamese_count, missing=bus_vietnamese_count",Provide bus_vietnamese_count for Vietnamese bus before bus allocation can be generated.
action,1412000091,"202604,202605,202606,202607,202608,202609,202610,202611,202612,202701,202702,202703",bus_headcount_driver,"Missing bus allocation input: cc=1412000091, driver_type=bus_vietnamese_count, missing=bus_vietnamese_count",Provide bus_vietnamese_count for Vietnamese bus before bus allocation can be generated.
action,1412000092,"202604,202605,202606,202607,202608,202609,202610,202611,202612,202701,202702,202703",bus_headcount_driver,"Missing bus allocation input: cc=1412000092, driver_type=bus_vietnamese_count, missing=bus_vietnamese_count",Provide bus_vietnamese_count for Vietnamese bus before bus allocation can be generated.
action,1412000093,"202604,202605,202606,202607,202608,202609,202610,202611,202612,202701,202702,202703",bus_headcount_driver,"Missing bus allocation input: cc=1412000093, driver_type=bus_vietnamese_count, missing=bus_vietnamese_count",Provide bus_vietnamese_count for Vietnamese bus before bus allocation can be generated.
action,1412000094,"202604,202605,202606,202607,202608,202609,202610,202611,202612,202701,202702,202703",bus_headcount_driver,"Missing bus allocation input: cc=1412000094, driver_type=bus_vietnamese_count, missing=bus_vietnamese_count",Provide bus_vietnamese_count for Vietnamese bus before bus allocation can be generated.
action,1412000096,"202604,202605,202606,202607,202608,202609,202610,202611,202612,202701,202702,202703",bus_headcount_driver,"Missing bus allocation input: cc=1412000096, driver_type=bus_vietnamese_count, missing=bus_vietnamese_count",Provide bus_vietnamese_count for Vietnamese bus before bus allocation can be generated.
action,1412000098,"202604,202605,202606,202607,202608,202609,202610,202611,202612,202701,202702,202703",bus_headcount_driver,"Missing bus allocation input: cc=1412000098, driver_type=bus_vietnamese_count, missing=bus_vietnamese_count",Provide bus_vietnamese_count for Vietnamese bus before bus allocation can be generated.
action,1412000099,"202604,202605,202606,202607,202608,202609,202610,202611,202612,202701,202702,202703",bus_headcount_driver,"Missing bus allocation input: cc=1412000099, driver_type=bus_vietnamese_count, missing=bus_vietnamese_count",Provide bus_vietnamese_count for Vietnamese bus before bus allocation can be generated.
action,1412000101,"202604,202605,202606,202607,202608,202609,202610,202611,202612,202701,202702,202703",bus_headcount_driver,"Missing bus allocation input: cc=1412000101, driver_type=bus_vietnamese_count, missing=bus_vietnamese_count",Provide bus_vietnamese_count for Vietnamese bus before bus allocation can be generated.
action,1412000100,"202604,202605,202606,202607,202608,202609,202610,202611,202612,202701,202702,202703",bus_headcount_driver,"Missing bus allocation input: cc=1412000100, driver_type=bus_vietnamese_count, missing=bus_vietnamese_count",Provide bus_vietnamese_count for Vietnamese bus before bus allocation can be generated.
action,1412000103,"202604,202605,202606,202607,202608,202609,202610,202611,202612,202701,202702,202703",bus_headcount_driver,"Missing bus allocation input: cc=1412000103, driver_type=bus_vietnamese_count, missing=bus_vietnamese_count",Provide bus_vietnamese_count for Vietnamese bus before bus allocation can be generated.
action,1412000105,"202604,202605,202606,202607,202608,202609,202610,202611,202612,202701,202702,202703",bus_headcount_driver,"Missing bus allocation input: cc=1412000105, driver_type=bus_vietnamese_count, missing=bus_vietnamese_count",Provide bus_vietnamese_count for Vietnamese bus before bus allocation can be generated.
action,1412000075,"202604,202605,202606,202607,202608,202609,202610,202611,202612,202701,202702,202703",bus_headcount_driver,"Missing bus allocation input: cc=1412000075, driver_type=bus_vietnamese_count, missing=bus_vietnamese_count",Provide bus_vietnamese_count for Vietnamese bus before bus allocation can be generated.
action,1412000106,"202604,202605,202606,202607,202608,202609,202610,202611,202612,202701,202702,202703",bus_headcount_driver,"Missing bus allocation input: cc=1412000106, driver_type=bus_vietnamese_count, missing=bus_vietnamese_count",Provide bus_vietnamese_count for Vietnamese bus before bus allocation can be generated.
action,1412000039,"202604,202605,202606,202607,202608,202609,202610,202611,202612,202701,202702,202703",bus_headcount_driver,"Missing bus allocation input: cc=1412000039, driver_type=bus_vietnamese_count, missing=bus_vietnamese_count",Provide bus_vietnamese_count for Vietnamese bus before bus allocation can be generated.
action,1412000108,"202604,202605,202606,202607,202608,202609,202610,202611,202612,202701,202702,202703",bus_headcount_driver,"Missing bus allocation input: cc=1412000108, driver_type=bus_vietnamese_count, missing=bus_vietnamese_count",Provide bus_vietnamese_count for Vietnamese bus before bus allocation can be generated.
